id,fuente,tipo,titulo,fecha_evento,url,id_agrupado,lugar,pais,paises,magnitud,unidad_magnitud,nivel_alerta,latitud,longitud,profundidad_km,fecha_actualizacion,visto_por_primera_vez,cambiado_por_ultima_vez
usgs:ci40667266,usgs,sismo,"M 1.1 - 7 km ENE of Yucaipa, CA",2026-08-06T17:19:17Z,https://earthquake.usgs.gov/earthquakes/eventpage/ci40667266,usgs:ci40667266,"7 km ENE of Yucaipa, CA",CA,US,1.11,ml,,34.0508333333333,-116.969,13.88,2026-08-06T17:22:38Z,2026-08-06T17:28:20Z,2026-08-06T17:28:20Z
usgs:nc75412647,usgs,sismo,"M 0.7 - 9 km WNW of Cobb, CA",2026-08-06T17:15:17Z,https://earthquake.usgs.gov/earthquakes/eventpage/nc75412647,usgs:nc75412647,"9 km WNW of Cobb, CA",CA,US,0.72,md,,38.8396682739258,-122.824165344238,-0.540000021457672,2026-08-06T17:16:55Z,2026-08-06T17:28:20Z,2026-08-06T17:28:20Z
usgs:aka2026pmcjbi,usgs,sismo,"M 2.0 - 28 km ESE of Denali National Park, Alaska",2026-08-06T16:47:41Z,https://earthquake.usgs.gov/earthquakes/eventpage/aka2026pmcjbi,usgs:aka2026pmcjbi,"28 km ESE of Denali National Park, Alaska",Alaska,US,2.0,ml,,63.448,-151.185,4.2,2026-08-06T16:49:17Z,2026-08-06T17:28:20Z,2026-08-06T17:28:20Z
usgs:aka2026pmcbxd,usgs,sismo,"M 1.3 - 91 km E of McCarthy, Alaska",2026-08-06T16:39:27Z,https://earthquake.usgs.gov/earthquakes/eventpage/aka2026pmcbxd,usgs:aka2026pmcbxd,"91 km E of McCarthy, Alaska",Alaska,US,1.3,ml,,61.405,-141.218,5.0,2026-08-06T16:40:56Z,2026-08-06T17:28:20Z,2026-08-06T17:28:20Z
usgs:nc75412632,usgs,sismo,"M 1.1 - 8 km ESE of Cloverdale, CA",2026-08-06T16:38:41Z,https://earthquake.usgs.gov/earthquakes/eventpage/nc75412632,usgs:nc75412632,"8 km ESE of Cloverdale, CA",CA,US,1.13,md,,38.7783317565918,-122.93383026123,5.01000022888184,2026-08-06T16:40:20Z,2026-08-06T17:28:20Z,2026-08-06T17:28:20Z
usgs:aka2026pmbvhb,usgs,sismo,"M 2.2 - 71 km NNE of Petersville, Alaska",2026-08-06T16:31:55Z,https://earthquake.usgs.gov/earthquakes/eventpage/aka2026pmbvhb,usgs:aka2026pmbvhb,"71 km NNE of Petersville, Alaska",Alaska,US,2.2,ml,,63.126,-150.457,106.3,2026-08-06T16:33:32Z,2026-08-06T17:28:20Z,2026-08-06T17:28:20Z
usgs:aka2026pmbjdr,usgs,sismo,"M 0.4 - 87 km NNW of Karluk, Alaska",2026-08-06T16:17:48Z,https://earthquake.usgs.gov/earthquakes/eventpage/aka2026pmbjdr,usgs:aka2026pmbjdr,"87 km NNW of Karluk, Alaska",Alaska,US,0.4,ml,,58.295,-154.998,5.0,2026-08-06T16:18:38Z,2026-08-06T17:28:20Z,2026-08-06T17:28:20Z
usgs:nn00922984,usgs,sismo,"M 1.8 - 22 km SE of Silver Springs, Nevada",2026-08-06T16:15:04Z,https://earthquake.usgs.gov/earthquakes/eventpage/nn00922984,usgs:nn00922984,"22 km SE of Silver Springs, Nevada",Nevada,US,1.81,ml,,39.2696,-119.0416,9.9941,2026-08-06T16:39:43Z,2026-08-06T17:28:20Z,2026-08-06T17:28:20Z
usgs:ci40667210,usgs,sismo,"M 0.6 - 24 km SSW of La Quinta, CA",2026-08-06T16:08:05Z,https://earthquake.usgs.gov/earthquakes/eventpage/ci40667210,usgs:ci40667210,"24 km SSW of La Quinta, CA",CA,US,0.56,ml,,33.4686666666667,-116.418333333333,12.9,2026-08-06T17:18:20Z,2026-08-06T17:28:20Z,2026-08-06T17:28:20Z
usgs:us6000tikr,usgs,sismo,"M 4.9 - 195 km SE of Lorengau, Papua New Guinea",2026-08-06T16:01:59Z,https://earthquake.usgs.gov/earthquakes/eventpage/us6000tikr,usgs:us6000tikr,"195 km SE of Lorengau, Papua New Guinea",Papua New Guinea,PG,4.9,mb,,-3.3233,148.4767,10.0,2026-08-06T16:20:00Z,2026-08-06T17:28:20Z,2026-08-06T17:28:20Z
usgs:uw714072991,usgs,sismo,"M 0.7 - 3 km SE of Mount Vernon, Washington",2026-08-06T15:51:41Z,https://earthquake.usgs.gov/earthquakes/eventpage/uw714072991,usgs:uw714072991,"3 km SE of Mount Vernon, Washington",Washington,US,0.74,ml,,48.3988333333333,-122.307166666667,16.57,2026-08-06T17:13:44Z,2026-08-06T17:28:20Z,2026-08-06T17:28:20Z
usgs:aka2026pmakke,usgs,sismo,"M 3.9 - 231 km ESE of Attu Station, Alaska",2026-08-06T15:49:16Z,https://earthquake.usgs.gov/earthquakes/eventpage/aka2026pmakke,usgs:aka2026pmakke,"231 km ESE of Attu Station, Alaska",Alaska,US,3.9,ml,,51.841,176.159,20.0,2026-08-06T16:44:53Z,2026-08-06T17:28:20Z,2026-08-06T17:28:20Z
usgs:nc75412607,usgs,sismo,"M 0.7 - 8 km W of Cobb, CA",2026-08-06T15:38:51Z,https://earthquake.usgs.gov/earthquakes/eventpage/nc75412607,usgs:nc75412607,"8 km W of Cobb, CA",CA,US,0.7,md,,38.8346672058105,-122.808502197266,2.38000011444092,2026-08-06T15:40:30Z,2026-08-06T17:28:20Z,2026-08-06T17:28:20Z
usgs:pr71527703,usgs,sismo,"M 3.1 - 42 km NW of Aguadilla, Puerto Rico",2026-08-06T15:23:30Z,https://earthquake.usgs.gov/earthquakes/eventpage/pr71527703,usgs:pr71527703,"42 km NW of Aguadilla, Puerto Rico",Puerto Rico,PR,3.07,md,,18.6965,-67.4411666666667,10.29,2026-08-06T17:05:35Z,2026-08-06T17:28:20Z,2026-08-06T17:28:20Z
usgs:tx2026pjmnui,usgs,sismo,"M 1.8 - 7 km NNE of Hilltop, Texas",2026-08-06T15:03:41Z,https://earthquake.usgs.gov/earthquakes/eventpage/tx2026pjmnui,usgs:tx2026pjmnui,"7 km NNE of Hilltop, Texas",Texas,US,1.8,ml,,28.757,-99.156,4.0075,2026-08-06T16:07:27Z,2026-08-06T17:28:20Z,2026-08-06T17:28:20Z
usgs:ci40667178,usgs,sismo,"M 1.0 - 16 km WSW of Johannesburg, CA",2026-08-06T14:55:21Z,https://earthquake.usgs.gov/earthquakes/eventpage/ci40667178,usgs:ci40667178,"16 km WSW of Johannesburg, CA",CA,US,0.95,ml,,35.3166666666667,-117.799166666667,9.16,2026-08-06T15:32:31Z,2026-08-06T17:28:20Z,2026-08-06T17:28:20Z
usgs:aka2026plyofm,usgs,sismo,"M 1.8 - 34 km WNW of Akhiok, Alaska",2026-08-06T14:53:46Z,https://earthquake.usgs.gov/earthquakes/eventpage/aka2026plyofm,usgs:aka2026plyofm,"34 km WNW of Akhiok, Alaska",Alaska,US,1.8,ml,,57.11,-154.648,45.2,2026-08-06T14:55:02Z,2026-08-06T17:28:20Z,2026-08-06T17:28:20Z
usgs:hv75013957,usgs,sismo,"M 1.9 - 26 km NNW of Pāhala, Hawaii",2026-08-06T14:39:28Z,https://earthquake.usgs.gov/earthquakes/eventpage/hv75013957,usgs:hv75013957,"26 km NNW of Pāhala, Hawaii",Hawaii,US,1.87,ml,,19.4238338470459,-155.586502075195,37.9500007629395,2026-08-06T14:42:56Z,2026-08-06T17:28:20Z,2026-08-06T17:28:20Z
usgs:ci40667130,usgs,sismo,"M 1.3 - 14 km W of Johannesburg, CA",2026-08-06T13:49:10Z,https://earthquake.usgs.gov/earthquakes/eventpage/ci40667130,usgs:ci40667130,"14 km W of Johannesburg, CA",CA,US,1.28,ml,,35.3586666666667,-117.789833333333,6.4,2026-08-06T15:25:42Z,2026-08-06T14:36:55Z,2026-08-06T17:28:20Z
usgs:us6000tik6,usgs,sismo,"M 5.1 - 110 km W of Buala, Solomon Islands",2026-08-06T13:42:11Z,https://earthquake.usgs.gov/earthquakes/eventpage/us6000tik6,usgs:us6000tik6,"110 km W of Buala, Solomon Islands",Solomon Islands,SB,5.1,mww,,-8.0025,158.5995,54.348,2026-08-06T14:01:20Z,2026-08-06T14:36:55Z,
usgs:nc75412527,usgs,sismo,"M 1.1 - 1 km NNW of The Geysers, CA",2026-08-06T13:31:30Z,https://earthquake.usgs.gov/earthquakes/eventpage/nc75412527,usgs:nc75412527,"1 km NNW of The Geysers, CA",CA,US,1.08,md,,38.7831649780273,-122.760665893555,3.76999998092651,2026-08-06T13:33:04Z,2026-08-06T14:36:55Z,
usgs:ci40667114,usgs,sismo,"M 0.9 - 16 km WSW of Johannesburg, CA",2026-08-06T13:22:38Z,https://earthquake.usgs.gov/earthquakes/eventpage/ci40667114,usgs:ci40667114,"16 km WSW of Johannesburg, CA",CA,US,0.89,ml,,35.3136666666667,-117.799833333333,6.92,2026-08-06T13:56:52Z,2026-08-06T14:36:55Z,
usgs:aka2026plutvl,usgs,sismo,"M 2.4 - 233 km ESE of Attu Station, Alaska",2026-08-06T13:00:23Z,https://earthquake.usgs.gov/earthquakes/eventpage/aka2026plutvl,usgs:aka2026plutvl,"233 km ESE of Attu Station, Alaska",Alaska,US,2.4,ml,,51.873,176.231,20.0,2026-08-06T16:32:37Z,2026-08-06T17:28:20Z,2026-08-06T17:28:20Z
usgs:aka2026plumjr,usgs,sismo,"M 1.7 - 51 km WNW of Skwentna, Alaska",2026-08-06T12:51:38Z,https://earthquake.usgs.gov/earthquakes/eventpage/aka2026plumjr,usgs:aka2026plumjr,"51 km WNW of Skwentna, Alaska",Alaska,US,1.7,ml,,62.221,-152.263,120.9,2026-08-06T16:28:43Z,2026-08-06T17:28:20Z,2026-08-06T17:28:20Z
usgs:tx2026pjhxhn,usgs,sismo,"M 1.2 - 29 km S of Malaga, New Mexico",2026-08-06T12:44:03Z,https://earthquake.usgs.gov/earthquakes/eventpage/tx2026pjhxhn,usgs:tx2026pjhxhn,"29 km S of Malaga, New Mexico",New Mexico,US,1.2,ml,,31.958,-104.057,7.9327,2026-08-06T15:02:17Z,2026-08-06T17:28:20Z,2026-08-06T17:28:20Z
usgs:aka2026pltyyx,usgs,sismo,"M 1.0 - 57 km ENE of Chenega, Alaska",2026-08-06T12:36:09Z,https://earthquake.usgs.gov/earthquakes/eventpage/aka2026pltyyx,usgs:aka2026pltyyx,"57 km ENE of Chenega, Alaska",Alaska,US,1.0,ml,,60.244,-147.043,14.0,2026-08-06T12:37:27Z,2026-08-06T14:36:55Z,
usgs:tx2026pjgyqz,usgs,sismo,"M 0.7 - 26 km SW of Ackerly, Texas",2026-08-06T12:16:57Z,https://earthquake.usgs.gov/earthquakes/eventpage/tx2026pjgyqz,usgs:tx2026pjgyqz,"26 km SW of Ackerly, Texas",Texas,US,0.7,ml,,32.367,-101.922,7.9346,2026-08-06T14:23:20Z,2026-08-06T14:36:55Z,
usgs:ci40667090,usgs,sismo,"M 1.0 - 11 km NE of Julian, CA",2026-08-06T12:15:42Z,https://earthquake.usgs.gov/earthquakes/eventpage/ci40667090,usgs:ci40667090,"11 km NE of Julian, CA",CA,US,1.04,ml,,33.1555,-116.524,5.16,2026-08-06T13:34:09Z,2026-08-06T14:36:55Z,
usgs:aka2026pltctp,usgs,sismo,"M 1.4 - 66 km WNW of Nanwalek, Alaska",2026-08-06T12:10:45Z,https://earthquake.usgs.gov/earthquakes/eventpage/aka2026pltctp,usgs:aka2026pltctp,"66 km WNW of Nanwalek, Alaska",Alaska,US,1.4,ml,,59.564,-153.012,102.2,2026-08-06T12:12:02Z,2026-08-06T14:36:55Z,
usgs:nc75412517,usgs,sismo,"M 2.0 - 5 km SE of Bishop, CA",2026-08-06T12:03:56Z,https://earthquake.usgs.gov/earthquakes/eventpage/nc75412517,usgs:nc75412517,"5 km SE of Bishop, CA",CA,US,2.04,md,,37.3371658325195,-118.349334716797,9.02999973297119,2026-08-06T12:05:50Z,2026-08-06T14:36:55Z,
usgs:nc75412512,usgs,sismo,"M 1.0 - 12 km SSW of San Lucas, CA",2026-08-06T12:01:32Z,https://earthquake.usgs.gov/earthquakes/eventpage/nc75412512,usgs:nc75412512,"12 km SSW of San Lucas, CA",CA,US,0.95,md,,36.023998260498,-121.051498413086,11.1800003051758,2026-08-06T12:03:09Z,2026-08-06T14:36:55Z,
usgs:tx2026pjghqf,usgs,sismo,"M 1.2 - 22 km E of Balmorhea, Texas",2026-08-06T11:55:50Z,https://earthquake.usgs.gov/earthquakes/eventpage/tx2026pjghqf,usgs:tx2026pjghqf,"22 km E of Balmorhea, Texas",Texas,US,1.2,ml,,31.004,-103.508,0.0,2026-08-06T11:57:45Z,2026-08-06T14:36:55Z,
usgs:nc75412507,usgs,sismo,"M 1.9 - 5 km SE of Bishop, CA",2026-08-06T11:53:43Z,https://earthquake.usgs.gov/earthquakes/eventpage/nc75412507,usgs:nc75412507,"5 km SE of Bishop, CA",CA,US,1.86,md,,37.3368339538574,-118.353996276855,8.1899995803833,2026-08-06T11:55:19Z,2026-08-06T14:36:55Z,
usgs:hv75013872,usgs,sismo,"M 1.8 - 27 km NNW of Pāhala, Hawaii",2026-08-06T11:27:56Z,https://earthquake.usgs.gov/earthquakes/eventpage/hv75013872,usgs:hv75013872,"27 km NNW of Pāhala, Hawaii",Hawaii,US,1.8,md,,19.4260005950928,-155.59049987793,39.2200012207031,2026-08-06T11:31:23Z,2026-08-06T11:34:43Z,
usgs:uw714072721,usgs,sismo,"M 1.4 - 8 km E of Pistol River, Oregon",2026-08-06T11:26:11Z,https://earthquake.usgs.gov/earthquakes/eventpage/uw714072721,usgs:uw714072721,"8 km E of Pistol River, Oregon",Oregon,US,1.41,ml,,42.2701666666667,-124.298166666667,1.92,2026-08-06T15:27:52Z,2026-08-06T17:28:20Z,2026-08-06T17:28:20Z
usgs:ci40667082,usgs,sismo,"M 1.4 - 2 km SSW of Loma Linda, CA",2026-08-06T11:22:32Z,https://earthquake.usgs.gov/earthquakes/eventpage/ci40667082,usgs:ci40667082,"2 km SSW of Loma Linda, CA",CA,US,1.35,ml,,34.0341666666667,-117.270166666667,17.34,2026-08-06T13:35:17Z,2026-08-06T11:34:43Z,
usgs:ok2026phia,usgs,sismo,"M 1.2 - 6 km SSE of Warwick, Oklahoma",2026-08-06T11:02:17Z,https://earthquake.usgs.gov/earthquakes/eventpage/ok2026phia,usgs:ok2026phia,"6 km SSE of Warwick, Oklahoma",Oklahoma,US,1.23,ml,,35.63783333,-96.972,7.04,2026-08-06T12:15:09Z,2026-08-06T14:36:55Z,
usgs:nc75412492,usgs,sismo,"M 1.4 - 10 km ESE of Gilroy, CA",2026-08-06T10:59:19Z,https://earthquake.usgs.gov/earthquakes/eventpage/nc75412492,usgs:nc75412492,"10 km ESE of Gilroy, CA",CA,US,1.4,md,,36.9813346862793,-121.459831237793,5.28000020980835,2026-08-06T11:00:54Z,2026-08-06T11:34:43Z,
usgs:ci40667074,usgs,sismo,"M 1.0 - 10 km SSE of Llano, CA",2026-08-06T10:58:31Z,https://earthquake.usgs.gov/earthquakes/eventpage/ci40667074,usgs:ci40667074,"10 km SSE of Llano, CA",CA,US,0.96,ml,,34.413,-117.750333333333,7.35,2026-08-06T13:34:15Z,2026-08-06T11:34:43Z,
usgs:ci40667066,usgs,sismo,"M 0.6 - 8 km NNW of Banning, CA",2026-08-06T10:50:47Z,https://earthquake.usgs.gov/earthquakes/eventpage/ci40667066,usgs:ci40667066,"8 km NNW of Banning, CA",CA,US,0.61,ml,,33.9905,-116.9015,8.46,2026-08-06T13:34:20Z,2026-08-06T11:34:43Z,
usgs:us6000tijg,usgs,sismo,"M 4.6 - 5 km ENE of Matsubase, Japan",2026-08-06T10:49:24Z,https://earthquake.usgs.gov/earthquakes/eventpage/us6000tijg,usgs:us6000tijg,"5 km ENE of Matsubase, Japan",Japan,JP,4.6,mb,,32.6611,130.7231,10.0,2026-08-06T14:06:24Z,2026-08-06T11:34:43Z,
usgs:nc75412487,usgs,sismo,"M 0.7 - 9 km WNW of The Geysers, CA",2026-08-06T10:46:27Z,https://earthquake.usgs.gov/earthquakes/eventpage/nc75412487,usgs:nc75412487,"9 km WNW of The Geysers, CA",CA,US,0.74,md,,38.8201675415039,-122.843170166016,2.32999992370605,2026-08-06T10:48:04Z,2026-08-06T11:34:43Z,
usgs:aka2026plpvqy,usgs,sismo,"M 2.0 - 7 km S of Willow, Alaska",2026-08-06T10:32:24Z,https://earthquake.usgs.gov/earthquakes/eventpage/aka2026plpvqy,usgs:aka2026plpvqy,"7 km S of Willow, Alaska",Alaska,US,2.0,ml,,61.679,-150.048,20.4,2026-08-06T17:11:25Z,2026-08-06T11:34:43Z,2026-08-06T17:28:20Z
usgs:nc75412482,usgs,sismo,"M 0.8 - 2 km E of The Geysers, CA",2026-08-06T10:25:24Z,https://earthquake.usgs.gov/earthquakes/eventpage/nc75412482,usgs:nc75412482,"2 km E of The Geysers, CA",CA,US,0.78,md,,38.7779998779297,-122.729331970215,1.5,2026-08-06T10:26:58Z,2026-08-06T11:34:43Z,
usgs:tx2026pjdbnl,usgs,sismo,"M 1.0 - 17 km ESE of Stanton, Texas",2026-08-06T10:19:41Z,https://earthquake.usgs.gov/earthquakes/eventpage/tx2026pjdbnl,usgs:tx2026pjdbnl,"17 km ESE of Stanton, Texas",Texas,US,1.0,ml,,32.084,-101.614,8.8867,2026-08-06T12:27:22Z,2026-08-06T11:34:43Z,
usgs:uw714072701,usgs,sismo,"M 0.8 - 18 km S of Greenwater, Washington",2026-08-06T10:17:25Z,https://earthquake.usgs.gov/earthquakes/eventpage/uw714072701,usgs:uw714072701,"18 km S of Greenwater, Washington",Washington,US,0.83,ml,,46.9945,-121.695833333333,8.43,2026-08-06T10:44:11Z,2026-08-06T11:34:43Z,
usgs:aka2026plphnx,usgs,sismo,"M 2.5 - 119 km SE of Atka, Alaska",2026-08-06T10:16:13Z,https://earthquake.usgs.gov/earthquakes/eventpage/aka2026plphnx,usgs:aka2026plphnx,"119 km SE of Atka, Alaska",Alaska,US,2.5,ml,,51.313,-173.212,20.0,2026-08-06T16:21:40Z,2026-08-06T17:28:20Z,2026-08-06T17:28:20Z
usgs:ci40667058,usgs,sismo,"M 0.7 - 31 km SE of Campo, CA",2026-08-06T10:14:43Z,https://earthquake.usgs.gov/earthquakes/eventpage/ci40667058,usgs:ci40667058,"31 km SE of Campo, CA",CA,US,0.65,ml,,32.3781666666667,-116.273666666667,18.92,2026-08-06T15:02:26Z,2026-08-06T11:34:43Z,2026-08-06T17:28:20Z
usgs:aka2026plpdvm,usgs,sismo,"M 1.8 - 76 km N of Yakutat, Alaska",2026-08-06T10:11:50Z,https://earthquake.usgs.gov/earthquakes/eventpage/aka2026plpdvm,usgs:aka2026plpdvm,"76 km N of Yakutat, Alaska",Alaska,US,1.8,ml,,60.233,-139.686,0.4,2026-08-06T10:17:08Z,2026-08-06T11:34:43Z,
usgs:tx2026pjcwdg,usgs,sismo,"M 1.0 - 20 km NW of Toyah, Texas",2026-08-06T10:11:44Z,https://earthquake.usgs.gov/earthquakes/eventpage/tx2026pjcwdg,usgs:tx2026pjcwdg,"20 km NW of Toyah, Texas",Texas,US,1.0,ml,,31.431,-103.955,6.2793,2026-08-06T13:17:53Z,2026-08-06T14:36:55Z,
usgs:nm60626291,usgs,sismo,"M 2.4 - 3 km WSW of Tallapoosa, Missouri",2026-08-06T09:56:34Z,https://earthquake.usgs.gov/earthquakes/eventpage/nm60626291,usgs:nm60626291,"3 km WSW of Tallapoosa, Missouri",Missouri,US,2.35,md,,36.5018333333333,-89.853,4.4,2026-08-06T15:55:50Z,2026-08-06T17:28:20Z,2026-08-06T17:28:20Z
usgs:us6000tij5,usgs,sismo,"M 4.9 - 128 km WSW of Port Orford, Oregon",2026-08-06T09:55:40Z,https://earthquake.usgs.gov/earthquakes/eventpage/us6000tij5,usgs:us6000tij5,"128 km WSW of Port Orford, Oregon",Oregon,US,4.9,mww,,42.4079,-125.9976,10.0,2026-08-06T16:15:34Z,2026-08-06T11:34:43Z,2026-08-06T17:28:20Z
usgs:aka2026plokby,usgs,sismo,"M 2.4 - 71 km ESE of Sand Point, Alaska",2026-08-06T09:49:02Z,https://earthquake.usgs.gov/earthquakes/eventpage/aka2026plokby,usgs:aka2026plokby,"71 km ESE of Sand Point, Alaska",Alaska,US,2.4,ml,,55.084,-159.476,25.1,2026-08-06T16:18:24Z,2026-08-06T17:28:20Z,2026-08-06T17:28:20Z
usgs:aka2026plodlo,usgs,sismo,"M 2.9 - 36 km WSW of Skwentna, Alaska",2026-08-06T09:41:25Z,https://earthquake.usgs.gov/earthquakes/eventpage/aka2026plodlo,usgs:aka2026plodlo,"36 km WSW of Skwentna, Alaska",Alaska,US,2.9,ml,,61.901,-152.069,122.7,2026-08-06T17:13:25Z,2026-08-06T11:34:43Z,2026-08-06T17:28:20Z
usgs:aka2026plobir,usgs,sismo,"M 3.9 - 64 km ESE of Pedro Bay, Alaska",2026-08-06T09:38:57Z,https://earthquake.usgs.gov/earthquakes/eventpage/aka2026plobir,usgs:aka2026plobir,"64 km ESE of Pedro Bay, Alaska",Alaska,US,3.9,ml,,59.634,-153.009,102.7,2026-08-06T15:29:20Z,2026-08-06T11:34:43Z,2026-08-06T17:28:20Z
usgs:nc75412467,usgs,sismo,"M 0.9 - 9 km WNW of The Geysers, CA",2026-08-06T09:36:17Z,https://earthquake.usgs.gov/earthquakes/eventpage/nc75412467,usgs:nc75412467,"9 km WNW of The Geysers, CA",CA,US,0.86,md,,38.8199996948242,-122.842330932617,2.26999998092651,2026-08-06T09:37:54Z,2026-08-06T11:34:43Z,
usgs:nc75412462,usgs,sismo,"M 2.2 - 3 km NW of Cold Springs, NV",2026-08-06T09:27:17Z,https://earthquake.usgs.gov/earthquakes/eventpage/nc75412462,usgs:nc75412462,"3 km NW of Cold Springs, NV",NV,US,2.21,md,,39.6980018615723,-120.00666809082,8.22000026702881,2026-08-06T16:04:54Z,2026-08-06T11:34:43Z,2026-08-06T17:28:20Z
usgs:pr71527678,usgs,sismo,"M 3.2 - 122 km NNE of Cruz Bay, U.S. Virgin Islands",2026-08-06T09:13:03Z,https://earthquake.usgs.gov/earthquakes/eventpage/pr71527678,usgs:pr71527678,"122 km NNE of Cruz Bay, U.S. Virgin Islands",U.S. Virgin Islands,VI,3.15,md,,19.4021666666667,-64.4821666666667,20.02,2026-08-06T10:56:27Z,2026-08-06T11:34:43Z,
usgs:tx2026pjahud,usgs,sismo,"M 1.8 - 29 km S of Malaga, New Mexico",2026-08-06T08:58:00Z,https://earthquake.usgs.gov/earthquakes/eventpage/tx2026pjahud,usgs:tx2026pjahud,"29 km S of Malaga, New Mexico",New Mexico,US,1.8,ml,,31.956,-104.054,7.8046,2026-08-06T12:58:35Z,2026-08-06T09:08:27Z,
usgs:tx2026pjaazs,usgs,sismo,"M 1.8 - 23 km SE of Lindsay, Texas",2026-08-06T08:46:51Z,https://earthquake.usgs.gov/earthquakes/eventpage/tx2026pjaazs,usgs:tx2026pjaazs,"23 km SE of Lindsay, Texas",Texas,US,1.8,ml,,31.206,-103.38,0.0,2026-08-06T08:48:54Z,2026-08-06T09:08:27Z,
usgs:nc75412447,usgs,sismo,"M 0.3 - 4 km W of Cobb, CA",2026-08-06T08:27:38Z,https://earthquake.usgs.gov/earthquakes/eventpage/nc75412447,usgs:nc75412447,"4 km W of Cobb, CA",CA,US,0.28,md,,38.8211669921875,-122.763664245605,2.45000004768372,2026-08-06T08:29:13Z,2026-08-06T09:08:27Z,
usgs:tx2026pizbxl,usgs,sismo,"M 2.0 - 58 km S of Whites City, New Mexico",2026-08-06T08:17:44Z,https://earthquake.usgs.gov/earthquakes/eventpage/tx2026pizbxl,usgs:tx2026pizbxl,"58 km S of Whites City, New Mexico",New Mexico,US,2.0,ml,,31.653,-104.439,4.613,2026-08-06T11:53:42Z,2026-08-06T09:08:27Z,
usgs:uu80147196,usgs,sismo,"M 2.1 - 8 km SSW of Randolph, Utah",2026-08-06T08:12:41Z,https://earthquake.usgs.gov/earthquakes/eventpage/uu80147196,usgs:uu80147196,"8 km SSW of Randolph, Utah",Utah,US,2.14,ml,,41.6,-111.2305,0.86,2026-08-06T12:59:50Z,2026-08-06T14:36:55Z,
usgs:ci40667050,usgs,sismo,"M 1.6 - 16 km NE of Little Lake, CA",2026-08-06T08:10:15Z,https://earthquake.usgs.gov/earthquakes/eventpage/ci40667050,usgs:ci40667050,"16 km NE of Little Lake, CA",CA,US,1.61,ml,,36.02,-117.768166666667,0.92,2026-08-06T13:34:51Z,2026-08-06T09:08:27Z,
usgs:nc75412432,usgs,sismo,"M 1.4 - 2 km N of The Geysers, CA",2026-08-06T08:01:58Z,https://earthquake.usgs.gov/earthquakes/eventpage/nc75412432,usgs:nc75412432,"2 km N of The Geysers, CA",CA,US,1.43,md,,38.7921676635742,-122.759330749512,1.89999997615814,2026-08-06T08:03:33Z,2026-08-06T09:08:27Z,
usgs:hv75013822,usgs,sismo,"M 1.7 - 10 km N of Volcano, Hawaii",2026-08-06T08:00:53Z,https://earthquake.usgs.gov/earthquakes/eventpage/hv75013822,usgs:hv75013822,"10 km N of Volcano, Hawaii",Hawaii,US,1.74,md,,19.5361671447754,-155.251327514648,42.7299995422363,2026-08-06T08:04:19Z,2026-08-06T09:08:27Z,
usgs:tx2026pixzwi,usgs,sismo,"M 0.9 - 15 km NNE of Hermleigh, Texas",2026-08-06T07:45:12Z,https://earthquake.usgs.gov/earthquakes/eventpage/tx2026pixzwi,usgs:tx2026pixzwi,"15 km NNE of Hermleigh, Texas",Texas,US,0.9,ml,,32.756,-100.673,7.373,2026-08-06T14:16:42Z,2026-08-06T14:36:55Z,
usgs:aka2026plkdkx,usgs,sismo,"M 2.2 - 29 km W of Four Mile Road, Alaska",2026-08-06T07:41:26Z,https://earthquake.usgs.gov/earthquakes/eventpage/aka2026plkdkx,usgs:aka2026plkdkx,"29 km W of Four Mile Road, Alaska",Alaska,US,2.2,ml,,64.603,-149.728,14.1,2026-08-06T07:42:31Z,2026-08-06T09:08:27Z,
usgs:tx2026pixvld,usgs,sismo,"M 1.8 - 65 km WNW of Toyah, Texas",2026-08-06T07:40:03Z,https://earthquake.usgs.gov/earthquakes/eventpage/tx2026pixvld,usgs:tx2026pixvld,"65 km WNW of Toyah, Texas",Texas,US,1.8,ml,,31.573,-104.413,1.8273,2026-08-06T08:01:09Z,2026-08-06T09:08:27Z,
usgs:ci40667042,usgs,sismo,"M 0.6 - 4 km E of Borrego Springs, CA",2026-08-06T07:15:53Z,https://earthquake.usgs.gov/earthquakes/eventpage/ci40667042,usgs:ci40667042,"4 km E of Borrego Springs, CA",CA,US,0.57,ml,,33.2583333333333,-116.329666666667,3.27,2026-08-06T13:34:52Z,2026-08-06T09:08:27Z,
usgs:hv75013817,usgs,sismo,"M 2.3 - 14 km NNE of Pāhala, Hawaii",2026-08-06T07:09:20Z,https://earthquake.usgs.gov/earthquakes/eventpage/hv75013817,usgs:hv75013817,"14 km NNE of Pāhala, Hawaii",Hawaii,US,2.26,ml,,19.3116664886475,-155.40266418457,28.4699993133545,2026-08-06T09:52:56Z,2026-08-06T09:08:27Z,
usgs:tx2026piwhox,usgs,sismo,"M 1.4 - 15 km SW of Midland, Texas",2026-08-06T06:53:48Z,https://earthquake.usgs.gov/earthquakes/eventpage/tx2026piwhox,usgs:tx2026piwhox,"15 km SW of Midland, Texas",Texas,US,1.4,ml,,31.886,-102.182,0.0545,2026-08-06T06:55:33Z,2026-08-06T09:08:27Z,
usgs:us6000tiif,usgs,sismo,"M 4.3 - 9 km ESE of Caimito, Colombia",2026-08-06T06:53:00Z,https://earthquake.usgs.gov/earthquakes/eventpage/us6000tiif,usgs:us6000tiif,"9 km ESE of Caimito, Colombia",Colombia,CO,4.3,mb,,8.7415,-75.0424,53.418,2026-08-06T10:00:04Z,2026-08-06T11:34:43Z,
usgs:us6000tiie,usgs,sismo,"M 4.6 - 40 km WNW of Houma, Tonga",2026-08-06T06:44:05Z,https://earthquake.usgs.gov/earthquakes/eventpage/us6000tiie,usgs:us6000tiie,"40 km WNW of Houma, Tonga",Tonga,TO,4.6,mb,,-21.0594,-175.6733,126.513,2026-08-06T07:01:43Z,2026-08-06T09:08:27Z,
usgs:ci40667034,usgs,sismo,"M 1.3 - 27 km W of Inyokern, CA",2026-08-06T06:37:14Z,https://earthquake.usgs.gov/earthquakes/eventpage/ci40667034,usgs:ci40667034,"27 km W of Inyokern, CA",CA,US,1.26,ml,,35.6806666666667,-118.106666666667,8.39,2026-08-06T13:35:06Z,2026-08-06T09:08:27Z,
usgs:uw714072681,usgs,sismo,"M 1.1 - 1 km N of Mirrormont, Washington",2026-08-06T06:36:28Z,https://earthquake.usgs.gov/earthquakes/eventpage/uw714072681,usgs:uw714072681,"1 km N of Mirrormont, Washington",Washington,US,1.11,ml,,47.4758333333333,-121.997,9.95,2026-08-06T10:23:07Z,2026-08-06T11:34:43Z,
usgs:aka2026plhxxc,usgs,sismo,"M 2.9 - 33 km SSW of Dry Creek, Alaska",2026-08-06T06:35:05Z,https://earthquake.usgs.gov/earthquakes/eventpage/aka2026plhxxc,usgs:aka2026plhxxc,"33 km SSW of Dry Creek, Alaska",Alaska,US,2.9,ml,,63.375,-144.903,1.1,2026-08-06T09:49:51Z,2026-08-06T09:08:27Z,
usgs:nc75412417,usgs,sismo,"M 1.3 - 7 km NW of The Geysers, CA",2026-08-06T06:32:22Z,https://earthquake.usgs.gov/earthquakes/eventpage/nc75412417,usgs:nc75412417,"7 km NW of The Geysers, CA",CA,US,1.31,md,,38.8134994506836,-122.816329956055,2.66000008583069,2026-08-06T06:33:57Z,2026-08-06T09:08:27Z,
usgs:hv75013812,usgs,sismo,"M 1.7 - 13 km ENE of Pāhala, Hawaii",2026-08-06T06:28:25Z,https://earthquake.usgs.gov/earthquakes/eventpage/hv75013812,usgs:hv75013812,"13 km ENE of Pāhala, Hawaii",Hawaii,US,1.71,md,,19.2430000305176,-155.358337402344,29.5300006866455,2026-08-06T06:31:58Z,2026-08-06T09:08:27Z,
usgs:tx2026pivijh,usgs,sismo,"M 1.8 - 19 km SSW of Pyote, Texas",2026-08-06T06:24:51Z,https://earthquake.usgs.gov/earthquakes/eventpage/tx2026pivijh,usgs:tx2026pivijh,"19 km SSW of Pyote, Texas",Texas,US,1.8,ml,,31.371,-103.212,3.2395,2026-08-06T06:27:27Z,2026-08-06T09:08:27Z,
usgs:tx2026piveyp,usgs,sismo,"M 1.7 - 16 km N of Snyder, Texas",2026-08-06T06:20:35Z,https://earthquake.usgs.gov/earthquakes/eventpage/tx2026piveyp,usgs:tx2026piveyp,"16 km N of Snyder, Texas",Texas,US,1.7,ml,,32.866,-100.952,5.7129,2026-08-06T12:36:12Z,2026-08-06T09:08:27Z,
usgs:ci40667026,usgs,sismo,"M 0.4 - 8 km SW of Idyllwild, CA",2026-08-06T06:13:33Z,https://earthquake.usgs.gov/earthquakes/eventpage/ci40667026,usgs:ci40667026,"8 km SW of Idyllwild, CA",CA,US,0.41,ml,,33.6855,-116.782833333333,16.88,2026-08-06T13:35:10Z,2026-08-06T09:08:27Z,
usgs:aka2026plhesl,usgs,sismo,"M 1.4 - 66 km ENE of Pedro Bay, Alaska",2026-08-06T06:12:59Z,https://earthquake.usgs.gov/earthquakes/eventpage/aka2026plhesl,usgs:aka2026plhesl,"66 km ENE of Pedro Bay, Alaska",Alaska,US,1.4,ml,,60.056,-153.044,128.0,2026-08-06T06:14:37Z,2026-08-06T09:08:27Z,
usgs:ci40667018,usgs,sismo,"M 1.0 - 20 km NNE of Indio, CA",2026-08-06T05:54:57Z,https://earthquake.usgs.gov/earthquakes/eventpage/ci40667018,usgs:ci40667018,"20 km NNE of Indio, CA",CA,US,0.96,ml,,33.8931666666667,-116.167333333333,5.47,2026-08-06T13:35:23Z,2026-08-06T06:06:09Z,
usgs:tx2026piuhiz,usgs,sismo,"M 0.1 - 36 km E of McKinney Acres, Texas",2026-08-06T05:53:12Z,https://earthquake.usgs.gov/earthquakes/eventpage/tx2026piuhiz,usgs:tx2026piuhiz,"36 km E of McKinney Acres, Texas",Texas,US,0.1,ml,,32.365,-102.151,9.1064,2026-08-06T14:33:20Z,2026-08-06T14:36:55Z,
usgs:aka2026plgdnb,usgs,sismo,"M 3.1 - 15 km SSW of Funny River, Alaska",2026-08-06T05:41:36Z,https://earthquake.usgs.gov/earthquakes/eventpage/aka2026plgdnb,usgs:aka2026plgdnb,"15 km SSW of Funny River, Alaska",Alaska,US,3.1,ml,,60.371,-150.834,36.2,2026-08-06T17:15:37Z,2026-08-06T06:06:09Z,2026-08-06T17:28:20Z
usgs:ci40667010,usgs,sismo,"M 1.3 - 7 km NNW of Los Olivos, CA",2026-08-06T05:38:47Z,https://earthquake.usgs.gov/earthquakes/eventpage/ci40667010,usgs:ci40667010,"7 km NNW of Los Olivos, CA",CA,US,1.34,ml,,34.731,-120.131833333333,2.23,2026-08-06T05:42:13Z,2026-08-06T06:06:09Z,
usgs:nc75412402,usgs,sismo,"M 0.7 - 5 km WNW of Cobb, CA",2026-08-06T05:35:02Z,https://earthquake.usgs.gov/earthquakes/eventpage/nc75412402,usgs:nc75412402,"5 km WNW of Cobb, CA",CA,US,0.71,md,,38.8376655578613,-122.780334472656,1.74000000953674,2026-08-06T05:36:36Z,2026-08-06T06:06:09Z,
usgs:hv75013797,usgs,sismo,"M 2.0 - 103 km SE of Naalehu, Hawaii",2026-08-06T05:32:45Z,https://earthquake.usgs.gov/earthquakes/eventpage/hv75013797,usgs:hv75013797,"103 km SE of Naalehu, Hawaii",Hawaii,US,1.98,md,,18.304500579834,-155.02033996582,6.5,2026-08-06T05:36:50Z,2026-08-06T06:06:09Z,
usgs:nc75412397,usgs,sismo,"M 0.8 - 6 km WNW of Cobb, CA",2026-08-06T05:31:49Z,https://earthquake.usgs.gov/earthquakes/eventpage/nc75412397,usgs:nc75412397,"6 km WNW of Cobb, CA",CA,US,0.81,md,,38.8371658325195,-122.789001464844,1.89999997615814,2026-08-06T05:33:26Z,2026-08-06T06:06:09Z,
usgs:aka2026plfqrx,usgs,sismo,"M 2.7 - 240 km SSE of Old Harbor, Alaska",2026-08-06T05:26:56Z,https://earthquake.usgs.gov/earthquakes/eventpage/aka2026plfqrx,usgs:aka2026plfqrx,"240 km SSE of Old Harbor, Alaska",Alaska,US,2.7,ml,,55.209,-151.817,20.0,2026-08-06T16:12:24Z,2026-08-06T17:28:20Z,2026-08-06T17:28:20Z
usgs:ci40667002,usgs,sismo,"M 2.0 - 23 km SSE of Porterville, CA",2026-08-06T05:07:04Z,https://earthquake.usgs.gov/earthquakes/eventpage/ci40667002,usgs:ci40667002,"23 km SSE of Porterville, CA",CA,US,2.01,ml,,35.8705,-118.937666666667,10.4,2026-08-06T14:36:11Z,2026-08-06T06:06:09Z,2026-08-06T17:28:20Z
usgs:aka2026pleizn,usgs,sismo,"M 3.2 - 234 km ESE of Attu Station, Alaska",2026-08-06T04:47:59Z,https://earthquake.usgs.gov/earthquakes/eventpage/aka2026pleizn,usgs:aka2026pleizn,"234 km ESE of Attu Station, Alaska",Alaska,US,3.2,ml,,51.77,176.138,20.0,2026-08-06T16:08:53Z,2026-08-06T17:28:20Z,2026-08-06T17:28:20Z
usgs:aka2026pleeqi,usgs,sismo,"M 1.8 - 33 km NE of Fox River, Alaska",2026-08-06T04:42:54Z,https://earthquake.usgs.gov/earthquakes/eventpage/aka2026pleeqi,usgs:aka2026pleeqi,"33 km NE of Fox River, Alaska",Alaska,US,1.8,ml,,60.066,-150.528,56.3,2026-08-06T04:44:11Z,2026-08-06T06:06:09Z,
usgs:nc75412382,usgs,sismo,"M 0.9 - 7 km W of Cobb, CA",2026-08-06T04:42:07Z,https://earthquake.usgs.gov/earthquakes/eventpage/nc75412382,usgs:nc75412382,"7 km W of Cobb, CA",CA,US,0.94,md,,38.8328323364258,-122.806663513184,2.23000001907349,2026-08-06T04:43:41Z,2026-08-06T06:06:09Z,
usgs:aka2026pldylo,usgs,sismo,"M 2.4 - Rat Islands, Aleutian Islands, Alaska",2026-08-06T04:41:07Z,https://earthquake.usgs.gov/earthquakes/eventpage/aka2026pldylo,usgs:aka2026pldylo,"Rat Islands, Aleutian Islands, Alaska",Alaska,US,2.4,ml,,51.372,179.085,49.5,2026-08-06T16:07:02Z,2026-08-06T17:28:20Z,2026-08-06T17:28:20Z
usgs:ci40666994,usgs,sismo,"M 0.8 - 14 km ENE of Ocotillo, CA",2026-08-06T04:39:20Z,https://earthquake.usgs.gov/earthquakes/eventpage/ci40666994,usgs:ci40666994,"14 km ENE of Ocotillo, CA",CA,US,0.79,ml,,32.771,-115.8545,8.15,2026-08-06T15:17:22Z,2026-08-06T06:06:09Z,2026-08-06T17:28:20Z
usgs:uw714072661,usgs,sismo,"M 0.1 - 37 km NNE of Amboy, Washington",2026-08-06T04:33:53Z,https://earthquake.usgs.gov/earthquakes/eventpage/uw714072661,usgs:uw714072661,"37 km NNE of Amboy, Washington",Washington,US,0.09,md,,46.1978333333333,-122.189166666667,6.51,2026-08-06T10:30:33Z,2026-08-06T11:34:43Z,
usgs:aka2026pldnws,usgs,sismo,"M 2.5 - 193 km SE of Perryville, Alaska",2026-08-06T04:23:27Z,https://earthquake.usgs.gov/earthquakes/eventpage/aka2026pldnws,usgs:aka2026pldnws,"193 km SE of Perryville, Alaska",Alaska,US,2.5,ml,,54.769,-156.842,5.0,2026-08-06T05:09:02Z,2026-08-06T06:06:09Z,
usgs:aka2026pldips,usgs,sismo,"M 2.1 - 44 km NE of Chase, Alaska",2026-08-06T04:18:28Z,https://earthquake.usgs.gov/earthquakes/eventpage/aka2026pldips,usgs:aka2026pldips,"44 km NE of Chase, Alaska",Alaska,US,2.1,ml,,62.76,-149.543,81.5,2026-08-06T04:20:01Z,2026-08-06T06:06:09Z,
usgs:us6000tihn,usgs,sismo,"M 4.1 - 88 km SW of Corinto, Nicaragua",2026-08-06T04:13:47Z,https://earthquake.usgs.gov/earthquakes/eventpage/us6000tihn,usgs:us6000tihn,"88 km SW of Corinto, Nicaragua",Nicaragua,NI,4.1,mb,,11.8219,-87.6264,38.188,2026-08-06T04:58:01Z,2026-08-06T06:06:09Z,
usgs:aka2026pldfit,usgs,sismo,"M 3.6 - 193 km SE of Perryville, Alaska",2026-08-06T04:13:14Z,https://earthquake.usgs.gov/earthquakes/eventpage/aka2026pldfit,usgs:aka2026pldfit,"193 km SE of Perryville, Alaska",Alaska,US,3.6,ml,,54.775,-156.828,20.0,2026-08-06T16:00:18Z,2026-08-06T17:28:20Z,2026-08-06T17:28:20Z
usgs:tx2026piqyww,usgs,sismo,"M 1.8 - 20 km E of Balmorhea, Texas",2026-08-06T04:12:50Z,https://earthquake.usgs.gov/earthquakes/eventpage/tx2026piqyww,usgs:tx2026piqyww,"20 km E of Balmorhea, Texas",Texas,US,1.8,ml,,31.017,-103.534,0.0,2026-08-06T04:14:58Z,2026-08-06T06:06:09Z,
usgs:aka2026plddkq,usgs,sismo,"M 3.9 - 197 km SE of Perryville, Alaska",2026-08-06T04:11:48Z,https://earthquake.usgs.gov/earthquakes/eventpage/aka2026plddkq,usgs:aka2026plddkq,"197 km SE of Perryville, Alaska",Alaska,US,3.9,ml,,54.738,-156.815,36.2,2026-08-06T15:51:55Z,2026-08-06T06:06:09Z,2026-08-06T17:28:20Z
usgs:nc75412347,usgs,sismo,"M 1.2 - 3 km SW of Anderson Springs, CA",2026-08-06T04:01:46Z,https://earthquake.usgs.gov/earthquakes/eventpage/nc75412347,usgs:nc75412347,"3 km SW of Anderson Springs, CA",CA,US,1.19,md,,38.7578315734863,-122.717163085938,1.79999995231628,2026-08-06T04:03:22Z,2026-08-06T06:06:09Z,
usgs:uw714072651,usgs,sismo,"M 0.9 - 10 km NE of Verlot, Washington",2026-08-06T03:56:32Z,https://earthquake.usgs.gov/earthquakes/eventpage/uw714072651,usgs:uw714072651,"10 km NE of Verlot, Washington",Washington,US,0.87,md,,48.1675,-121.686166666667,6.65,2026-08-06T10:35:37Z,2026-08-06T11:34:43Z,
usgs:ci40666978,usgs,sismo,"M 0.6 - 14 km NE of Ridgecrest, CA",2026-08-06T03:45:50Z,https://earthquake.usgs.gov/earthquakes/eventpage/ci40666978,usgs:ci40666978,"14 km NE of Ridgecrest, CA",CA,US,0.61,ml,,35.7016666666667,-117.563,2.34,2026-08-06T13:35:39Z,2026-08-06T06:06:09Z,
usgs:ci40666970,usgs,sismo,"M 0.4 - 10 km S of Idyllwild, CA",2026-08-06T03:36:17Z,https://earthquake.usgs.gov/earthquakes/eventpage/ci40666970,usgs:ci40666970,"10 km S of Idyllwild, CA",CA,US,0.42,ml,,33.6515,-116.715833333333,14.12,2026-08-06T13:57:00Z,2026-08-06T06:06:09Z,
usgs:nc75412332,usgs,sismo,"M 2.1 - 2 km WSW of Canyondam, CA",2026-08-06T03:31:19Z,https://earthquake.usgs.gov/earthquakes/eventpage/nc75412332,usgs:nc75412332,"2 km WSW of Canyondam, CA",CA,US,2.11,md,,40.1656684875488,-121.101669311523,8.51000022888184,2026-08-06T16:27:14Z,2026-08-06T06:06:09Z,2026-08-06T17:28:20Z
usgs:ci40666962,usgs,sismo,"M 1.3 - 11 km NE of Ridgecrest, CA",2026-08-06T03:30:33Z,https://earthquake.usgs.gov/earthquakes/eventpage/ci40666962,usgs:ci40666962,"11 km NE of Ridgecrest, CA",CA,US,1.34,ml,,35.7021666666667,-117.598,7.81,2026-08-06T13:56:56Z,2026-08-06T06:06:09Z,
usgs:nc75412327,usgs,sismo,"M 0.7 - 9 km WNW of Cobb, CA",2026-08-06T03:20:01Z,https://earthquake.usgs.gov/earthquakes/eventpage/nc75412327,usgs:nc75412327,"9 km WNW of Cobb, CA",CA,US,0.72,md,,38.8440017700195,-122.822334289551,1.37000000476837,2026-08-06T03:21:36Z,2026-08-06T06:06:09Z,
usgs:us6000tihf,usgs,sismo,"M 4.6 - 48 km WSW of Sarangani, Philippines",2026-08-06T03:12:11Z,https://earthquake.usgs.gov/earthquakes/eventpage/us6000tihf,usgs:us6000tihf,"48 km WSW of Sarangani, Philippines",Philippines,PH,4.6,mb,,5.2096,125.0756,35.0,2026-08-06T03:27:33Z,2026-08-06T06:06:09Z,
usgs:ci40666954,usgs,sismo,"M 0.8 - 8 km WSW of Calimesa, CA",2026-08-06T03:11:39Z,https://earthquake.usgs.gov/earthquakes/eventpage/ci40666954,usgs:ci40666954,"8 km WSW of Calimesa, CA",CA,US,0.8,ml,,33.9695,-117.141166666667,13.66,2026-08-06T13:54:02Z,2026-08-06T06:06:09Z,
usgs:tx2026piowvf,usgs,sismo,"M 1.6 - 9 km NNW of Big Spring, Texas",2026-08-06T03:10:07Z,https://earthquake.usgs.gov/earthquakes/eventpage/tx2026piowvf,usgs:tx2026piowvf,"9 km NNW of Big Spring, Texas",Texas,US,1.6,ml,,32.336,-101.5,8.3252,2026-08-06T07:31:43Z,2026-08-06T06:06:09Z,
usgs:tx2026piostx,usgs,sismo,"M 1.6 - 13 km ENE of Balmorhea, Texas",2026-08-06T03:05:27Z,https://earthquake.usgs.gov/earthquakes/eventpage/tx2026piostx,usgs:tx2026piostx,"13 km ENE of Balmorhea, Texas",Texas,US,1.6,ml,,31.019,-103.606,0.0,2026-08-06T03:07:31Z,2026-08-06T06:06:09Z,
usgs:nc75412312,usgs,sismo,"M 1.8 - 30 km NW of Covelo, CA",2026-08-06T02:43:55Z,https://earthquake.usgs.gov/earthquakes/eventpage/nc75412312,usgs:nc75412312,"30 km NW of Covelo, CA",CA,US,1.83,md,,40.0131683349609,-123.450668334961,10.4700002670288,2026-08-06T02:45:32Z,2026-08-06T06:06:09Z,
usgs:tx2026pinzyd,usgs,sismo,"M 0.7 - 25 km S of Midland, Texas",2026-08-06T02:43:36Z,https://earthquake.usgs.gov/earthquakes/eventpage/tx2026pinzyd,usgs:tx2026pinzyd,"25 km S of Midland, Texas",Texas,US,0.7,ml,,31.771,-102.045,2.6855,2026-08-06T08:18:43Z,2026-08-06T06:06:09Z,
usgs:aka2026pladxz,usgs,sismo,"M 2.0 - 60 km WNW of Anchor Point, Alaska",2026-08-06T02:42:09Z,https://earthquake.usgs.gov/earthquakes/eventpage/aka2026pladxz,usgs:aka2026pladxz,"60 km WNW of Anchor Point, Alaska",Alaska,US,2.0,ml,,59.897,-152.886,99.8,2026-08-06T02:46:11Z,2026-08-06T06:06:09Z,
usgs:pr71527663,usgs,sismo,"M 2.7 - 14 km N of Carrizales, Puerto Rico",2026-08-06T02:26:49Z,https://earthquake.usgs.gov/earthquakes/eventpage/pr71527663,usgs:pr71527663,"14 km N of Carrizales, Puerto Rico",Puerto Rico,PR,2.73,md,,18.6166666666667,-66.7825,17.63,2026-08-06T11:28:21Z,2026-08-06T11:34:43Z,
usgs:nc75412297,usgs,sismo,"M 2.7 - 3 km SSE of Anderson, CA",2026-08-06T02:24:11Z,https://earthquake.usgs.gov/earthquakes/eventpage/nc75412297,usgs:nc75412297,"3 km SSE of Anderson, CA",CA,US,2.72,md,,40.4194984436035,-122.283332824707,17.5300006866455,2026-08-06T02:57:21Z,2026-08-06T06:06:09Z,
usgs:ci40666946,usgs,sismo,"M 1.9 - 19 km ESE of Little Lake, CA",2026-08-06T02:21:33Z,https://earthquake.usgs.gov/earthquakes/eventpage/ci40666946,usgs:ci40666946,"19 km ESE of Little Lake, CA",CA,US,1.89,ml,,35.8705,-117.714833333333,9.06,2026-08-06T13:54:28Z,2026-08-06T06:06:09Z,
usgs:aka2026pkzibf,usgs,sismo,"M 2.8 - 30 km NW of Susitna, Alaska",2026-08-06T02:16:55Z,https://earthquake.usgs.gov/earthquakes/eventpage/aka2026pkzibf,usgs:aka2026pkzibf,"30 km NW of Susitna, Alaska",Alaska,US,2.8,ml,,61.756,-150.861,69.0,2026-08-06T02:18:11Z,2026-08-06T06:06:09Z,
usgs:aka2026pkytjx,usgs,sismo,"M 3.3 - 236 km ESE of Attu Station, Alaska",2026-08-06T02:00:03Z,https://earthquake.usgs.gov/earthquakes/eventpage/aka2026pkytjx,usgs:aka2026pkytjx,"236 km ESE of Attu Station, Alaska",Alaska,US,3.3,ml,,51.825,176.232,14.4,2026-08-06T03:37:08Z,2026-08-06T06:06:09Z,
usgs:nc75412262,usgs,sismo,"M 0.7 - 5 km NW of The Geysers, CA",2026-08-06T01:45:35Z,https://earthquake.usgs.gov/earthquakes/eventpage/nc75412262,usgs:nc75412262,"5 km NW of The Geysers, CA",CA,US,0.68,md,,38.8131675720215,-122.796165466309,3.13000011444092,2026-08-06T01:47:12Z,2026-08-06T06:06:09Z,
usgs:aka2026pkxhkt,usgs,sismo,"M 1.7 - 16 km SW of Valdez, Alaska",2026-08-06T01:16:13Z,https://earthquake.usgs.gov/earthquakes/eventpage/aka2026pkxhkt,usgs:aka2026pkxhkt,"16 km SW of Valdez, Alaska",Alaska,US,1.7,ml,,61.016,-146.549,17.4,2026-08-06T01:17:11Z,2026-08-06T06:06:09Z,
usgs:tx2026pikyob,usgs,sismo,"M 1.6 - 19 km ESE of Dilley, Texas",2026-08-06T01:11:26Z,https://earthquake.usgs.gov/earthquakes/eventpage/tx2026pikyob,usgs:tx2026pikyob,"19 km ESE of Dilley, Texas",Texas,US,1.6,ml,,28.618,-98.975,6.426,2026-08-06T01:14:07Z,2026-08-06T06:06:09Z,
usgs:hv75013702,usgs,sismo,"M 2.2 - 2 km SSW of Pāhala, Hawaii",2026-08-06T01:03:38Z,https://earthquake.usgs.gov/earthquakes/eventpage/hv75013702,usgs:hv75013702,"2 km SSW of Pāhala, Hawaii",Hawaii,US,2.23,md,,19.1821670532227,-155.490661621094,30.75,2026-08-06T01:07:11Z,2026-08-06T06:06:09Z,
usgs:tx2026piknyu,usgs,sismo,"M 0.0 - 19 km NW of Stanton, Texas",2026-08-06T00:59:19Z,https://earthquake.usgs.gov/earthquakes/eventpage/tx2026piknyu,usgs:tx2026piknyu,"19 km NW of Stanton, Texas",Texas,US,0.0,ml,,32.242,-101.941,8.0811,2026-08-06T11:44:30Z,2026-08-06T14:36:55Z,
usgs:us6000tigp,usgs,sismo,"M 4.0 - 203 km NW of Oula Xiuma, China",2026-08-06T00:34:53Z,https://earthquake.usgs.gov/earthquakes/eventpage/us6000tigp,usgs:us6000tigp,"203 km NW of Oula Xiuma, China",China,CN,4.0,mb,,35.4698,99.4686,10.0,2026-08-06T01:51:16Z,2026-08-06T06:06:09Z,
usgs:us6000tigl,usgs,sismo,"M 4.8 - 62 km NNE of Shi Yomi, India",2026-08-06T00:15:17Z,https://earthquake.usgs.gov/earthquakes/eventpage/us6000tigl,usgs:us6000tigl,"62 km NNE of Shi Yomi, India",India,IN,4.8,mb,,29.0283,94.6765,10.0,2026-08-06T02:09:26Z,2026-08-06T06:06:09Z,
usgs:nn00922934,usgs,sismo,"M 1.7 - 18 km NNW of Indian Springs, Nevada",2026-08-05T23:57:48Z,https://earthquake.usgs.gov/earthquakes/eventpage/nn00922934,usgs:nn00922934,"18 km NNW of Indian Springs, Nevada",Nevada,US,1.68,ml,,36.7237,-115.7573,4.6637,2026-08-06T00:30:15Z,2026-08-06T06:06:09Z,
usgs:nc75412222,usgs,sismo,"M 2.1 - 5 km SE of Bishop, CA",2026-08-05T23:53:04Z,https://earthquake.usgs.gov/earthquakes/eventpage/nc75412222,usgs:nc75412222,"5 km SE of Bishop, CA",CA,US,2.08,md,,37.3371658325195,-118.350997924805,7.8899998664856,2026-08-05T23:54:41Z,2026-08-06T06:06:09Z,
usgs:pr71527658,usgs,sismo,"M 3.1 - 72 km NW of San Antonio, Puerto Rico",2026-08-05T23:46:35Z,https://earthquake.usgs.gov/earthquakes/eventpage/pr71527658,usgs:pr71527658,"72 km NW of San Antonio, Puerto Rico",Puerto Rico,PR,3.14,md,,18.9086666666667,-67.6348333333333,17.07,2026-08-06T00:43:48Z,2026-08-06T06:06:09Z,
usgs:ci40666914,usgs,otro,"M 1.2 Quarry Blast - 5 km SSE of Devore, CA",2026-08-05T23:46:31Z,https://earthquake.usgs.gov/earthquakes/eventpage/ci40666914,usgs:ci40666914,"5 km SSE of Devore, CA",CA,US,1.15,ml,,34.18,-117.391333333333,-0.82,2026-08-06T15:19:24Z,2026-08-06T06:06:09Z,2026-08-06T17:28:20Z
usgs:hv75013642,usgs,sismo,"M 1.8 - 20 km SE of Naalehu, Hawaii",2026-08-05T23:45:23Z,https://earthquake.usgs.gov/earthquakes/eventpage/hv75013642,usgs:hv75013642,"20 km SE of Naalehu, Hawaii",Hawaii,US,1.75,md,,18.9576663970947,-155.425659179688,36.2099990844727,2026-08-05T23:48:45Z,2026-08-06T06:06:09Z,
usgs:aka2026pktypi,usgs,sismo,"M 1.5 - 119 km WNW of Yakutat, Alaska",2026-08-05T23:36:02Z,https://earthquake.usgs.gov/earthquakes/eventpage/aka2026pktypi,usgs:aka2026pktypi,"119 km WNW of Yakutat, Alaska",Alaska,US,1.5,ml,,59.829,-141.775,8.1,2026-08-06T00:13:08Z,2026-08-06T06:06:09Z,
usgs:ci40666906,usgs,sismo,"M 1.0 - 12 km N of Castaic, CA",2026-08-05T23:33:21Z,https://earthquake.usgs.gov/earthquakes/eventpage/ci40666906,usgs:ci40666906,"12 km N of Castaic, CA",CA,US,0.96,ml,,34.5925,-118.640833333333,6.86,2026-08-06T15:04:12Z,2026-08-06T06:06:09Z,2026-08-06T17:28:20Z
usgs:nc75412197,usgs,sismo,"M 1.1 - 5 km WNW of The Geysers, CA",2026-08-05T23:28:15Z,https://earthquake.usgs.gov/earthquakes/eventpage/nc75412197,usgs:nc75412197,"5 km WNW of The Geysers, CA",CA,US,1.06,md,,38.7966651916504,-122.813163757324,2.97000002861023,2026-08-05T23:29:52Z,2026-08-06T06:06:09Z,
usgs:av94361108,usgs,sismo,"M 0.3 - 147 km W of Adak, Alaska",2026-08-05T23:22:09Z,https://earthquake.usgs.gov/earthquakes/eventpage/av94361108,usgs:av94361108,"147 km W of Adak, Alaska",Alaska,US,0.31,ml,,51.8316666666667,-178.773833333333,12.12,2026-08-06T07:58:00Z,2026-08-06T09:08:27Z,
usgs:tx2026pihaxm,usgs,sismo,"M 0.6 - 14 km NNE of Midland, Texas",2026-08-05T23:16:30Z,https://earthquake.usgs.gov/earthquakes/eventpage/tx2026pihaxm,usgs:tx2026pihaxm,"14 km NNE of Midland, Texas",Texas,US,0.6,ml,,32.123,-102.021,8.7646,2026-08-06T12:46:34Z,2026-08-06T14:36:55Z,
usgs:ci40666898,usgs,sismo,"M 1.0 - 5 km S of Redlands, CA",2026-08-05T23:12:17Z,https://earthquake.usgs.gov/earthquakes/eventpage/ci40666898,usgs:ci40666898,"5 km S of Redlands, CA",CA,US,1.01,ml,,34.0116666666667,-117.178,12.95,2026-08-06T13:57:10Z,2026-08-06T06:06:09Z,
usgs:aka2026pktbyv,usgs,otro,"M 2.2 Landslide - 121 km NNW of Yakutat, Alaska",2026-08-05T23:09:52Z,https://earthquake.usgs.gov/earthquakes/eventpage/aka2026pktbyv,usgs:aka2026pktbyv,"121 km NNW of Yakutat, Alaska",Alaska,US,2.2,ml,,60.6,-140.3,0.0,2026-08-06T03:30:16Z,2026-08-06T06:06:09Z,
usgs:us6000tig8,usgs,sismo,"M 4.9 - 15 km WSW of Honmachi, Japan",2026-08-05T22:59:24Z,https://earthquake.usgs.gov/earthquakes/eventpage/us6000tig8,usgs:us6000tig8,"15 km WSW of Honmachi, Japan",Japan,JP,4.9,mww,,32.4463,130.455,10.0,2026-08-06T02:50:37Z,2026-08-06T06:06:09Z,
usgs:nc75412187,usgs,sismo,"M 1.5 - 9 km NW of Pinnacles, CA",2026-08-05T22:47:20Z,https://earthquake.usgs.gov/earthquakes/eventpage/nc75412187,usgs:nc75412187,"9 km NW of Pinnacles, CA",CA,US,1.54,md,,36.5904998779297,-121.213500976562,5.53999996185303,2026-08-05T22:48:57Z,2026-08-06T06:06:09Z,
usgs:nc75412157,usgs,sismo,"M 4.4 - 31 km NNW of Covelo, CA",2026-08-05T22:21:57Z,https://earthquake.usgs.gov/earthquakes/eventpage/nc75412157,usgs:nc75412157,"31 km NNW of Covelo, CA",CA,US,4.41,mw,verde,40.0223333333333,-123.446166666667,7.28,2026-08-06T16:33:39Z,2026-08-06T06:06:09Z,2026-08-06T17:28:20Z
usgs:uu80147176,usgs,sismo,"M 1.9 - 9 km NW of Georgetown, Idaho",2026-08-05T22:21:31Z,https://earthquake.usgs.gov/earthquakes/eventpage/uu80147176,usgs:uu80147176,"9 km NW of Georgetown, Idaho",Idaho,US,1.94,ml,,42.55,-111.446666666667,11.6,2026-08-05T22:48:35Z,2026-08-06T06:06:09Z,
usgs:nc75412167,usgs,sismo,"M 3.9 - 31 km NNW of Covelo, CA",2026-08-05T22:20:58Z,https://earthquake.usgs.gov/earthquakes/eventpage/nc75412167,usgs:nc75412167,"31 km NNW of Covelo, CA",CA,US,3.88,mw,verde,40.0245,-123.446,8.33,2026-08-06T08:21:44Z,2026-08-06T06:06:09Z,
usgs:us6000tifh,usgs,sismo,"M 4.9 - 42 km SW of Sarangani, Philippines",2026-08-05T22:11:44Z,https://earthquake.usgs.gov/earthquakes/eventpage/us6000tifh,usgs:us6000tifh,"42 km SW of Sarangani, Philippines",Philippines,PH,4.9,mb,,5.0849,125.2468,10.0,2026-08-06T01:59:55Z,2026-08-06T06:06:09Z,
usgs:uu80147171,usgs,sismo,"M 2.0 - 24 km SSW of Silver Gate, Montana",2026-08-05T22:05:16Z,https://earthquake.usgs.gov/earthquakes/eventpage/uu80147171,usgs:uu80147171,"24 km SSW of Silver Gate, Montana",Montana,US,1.99,ml,,44.789,-110.052666666667,15.85,2026-08-05T22:20:16Z,2026-08-06T06:06:09Z,
usgs:nc75412137,usgs,sismo,"M 0.7 - 3 km NNW of The Geysers, CA",2026-08-05T22:02:28Z,https://earthquake.usgs.gov/earthquakes/eventpage/nc75412137,usgs:nc75412137,"3 km NNW of The Geysers, CA",CA,US,0.72,md,,38.8025016784668,-122.764335632324,4.07000017166138,2026-08-05T22:04:07Z,2026-08-06T06:06:09Z,
usgs:av94360988,usgs,sismo,"M -0.8 - 63 km ENE of Pedro Bay, Alaska",2026-08-05T22:00:29Z,https://earthquake.usgs.gov/earthquakes/eventpage/av94360988,usgs:av94360988,"63 km ENE of Pedro Bay, Alaska",Alaska,US,-0.78,ml,,60.0455,-153.086,0.27,2026-08-06T07:48:28Z,2026-08-06T09:08:27Z,
usgs:ci40666842,usgs,sismo,"M 0.9 - 17 km WSW of Johannesburg, CA",2026-08-05T21:52:57Z,https://earthquake.usgs.gov/earthquakes/eventpage/ci40666842,usgs:ci40666842,"17 km WSW of Johannesburg, CA",CA,US,0.91,ml,,35.3243333333333,-117.817166666667,6.6,2026-08-06T13:57:27Z,2026-08-06T06:06:09Z,
usgs:ci40666834,usgs,sismo,"M 1.0 - 10 km ENE of Coso Junction, CA",2026-08-05T21:47:24Z,https://earthquake.usgs.gov/earthquakes/eventpage/ci40666834,usgs:ci40666834,"10 km ENE of Coso Junction, CA",CA,US,0.98,ml,,36.0656666666667,-117.841333333333,2.61,2026-08-06T13:55:49Z,2026-08-06T06:06:09Z,
gdacs:EQ:1556391:1723307,gdacs,sismo,"Green earthquake (Magnitude 5.6M, Depth:10km) in Philippines 05/08/2026 21:41 UTC, 880 thousand in MMI IV.",2026-08-05T21:41:28Z,https://www.gdacs.org/report.aspx?eventtype=EQ&eventid=1556391,gdacs:EQ:1556391,Philippines,Philippines,PH,5.6,M,verde,5.1283,125.227,,2026-08-05T22:02:33Z,2026-08-06T06:06:09Z,
usgs:us6000tif5,usgs,sismo,"M 5.6 - 40 km SW of Sarangani, Philippines",2026-08-05T21:41:27Z,https://earthquake.usgs.gov/earthquakes/eventpage/us6000tif5,usgs:us6000tif5,"40 km SW of Sarangani, Philippines",Philippines,PH,5.6,mww,verde,5.1283,125.227,10.0,2026-08-06T04:18:21Z,2026-08-06T06:06:09Z,
usgs:uw714072391,usgs,otro,"M 1.9 Explosion - 10 km S of Princeton, Canada",2026-08-05T21:26:00Z,https://earthquake.usgs.gov/earthquakes/eventpage/uw714072391,usgs:uw714072391,"10 km S of Princeton, Canada",Canada,CA,1.87,ml,,49.3623333333333,-120.482333333333,-0.51,2026-08-05T22:45:51Z,2026-08-06T06:06:09Z,
usgs:aka2026pkpolt,usgs,sismo,"M 1.9 - 51 km SE of Egegik, Alaska",2026-08-05T21:24:27Z,https://earthquake.usgs.gov/earthquakes/eventpage/aka2026pkpolt,usgs:aka2026pkpolt,"51 km SE of Egegik, Alaska",Alaska,US,1.9,ml,,57.915,-156.714,174.6,2026-08-05T21:51:17Z,2026-08-06T06:06:09Z,
usgs:aka2026pkphio,usgs,sismo,"M 1.1 - 30 km SE of Chickaloon, Alaska",2026-08-05T21:16:14Z,https://earthquake.usgs.gov/earthquakes/eventpage/aka2026pkphio,usgs:aka2026pkphio,"30 km SE of Chickaloon, Alaska",Alaska,US,1.1,ml,,61.597,-148.08,5.0,2026-08-05T21:17:21Z,2026-08-06T06:06:09Z,
usgs:ci40666826,usgs,sismo,"M 1.0 - 15 km NE of Little Lake, CA",2026-08-05T21:02:07Z,https://earthquake.usgs.gov/earthquakes/eventpage/ci40666826,usgs:ci40666826,"15 km NE of Little Lake, CA",CA,US,1.03,ml,,36.0196666666667,-117.777333333333,1.56,2026-08-06T13:56:07Z,2026-08-06T06:06:09Z,
usgs:us6000tiex,usgs,sismo,"M 4.6 - 99 km WSW of Houma, Tonga",2026-08-05T20:59:38Z,https://earthquake.usgs.gov/earthquakes/eventpage/us6000tiex,usgs:us6000tiex,"99 km WSW of Houma, Tonga",Tonga,TO,4.6,mb,,-21.5171,-176.1885,137.247,2026-08-05T22:03:09Z,2026-08-06T06:06:09Z,
usgs:hv75013512,usgs,sismo,"M 1.9 - 12 km ENE of Pāhala, Hawaii",2026-08-05T20:50:17Z,https://earthquake.usgs.gov/earthquakes/eventpage/hv75013512,usgs:hv75013512,"12 km ENE of Pāhala, Hawaii",Hawaii,US,1.86,md,,19.2446670532227,-155.367492675781,31.6399993896484,2026-08-05T20:53:46Z,2026-08-06T06:06:09Z,
usgs:aka2026pkokil,usgs,sismo,"M 2.8 - 199 km SE of Perryville, Alaska",2026-08-05T20:49:37Z,https://earthquake.usgs.gov/earthquakes/eventpage/aka2026pkokil,usgs:aka2026pkokil,"199 km SE of Perryville, Alaska",Alaska,US,2.8,ml,,54.714,-156.804,20.0,2026-08-05T21:45:32Z,2026-08-06T06:06:09Z,
usgs:ok2026pgfm,usgs,otro,"M 1.5 Quarry Blast - 8 km W of Davis, Oklahoma",2026-08-05T20:37:49Z,https://earthquake.usgs.gov/earthquakes/eventpage/ok2026pgfm,usgs:ok2026pgfm,"8 km W of Davis, Oklahoma",Oklahoma,US,1.53,ml,,34.50716667,-97.20966667,0.0,2026-08-05T20:49:03Z,2026-08-06T06:06:09Z,
usgs:av93065429,usgs,sismo,"M 0.8 - 61 km WSW of Nikolski, Alaska",2026-08-05T20:33:27Z,https://earthquake.usgs.gov/earthquakes/eventpage/av93065429,usgs:av93065429,"61 km WSW of Nikolski, Alaska",Alaska,US,0.76,ml,,52.764,-169.728833333333,8.1,2026-08-06T07:33:58Z,2026-08-06T09:08:27Z,
usgs:aka2026pkntpl,usgs,sismo,"M 2.9 - 200 km SE of Perryville, Alaska",2026-08-05T20:30:25Z,https://earthquake.usgs.gov/earthquakes/eventpage/aka2026pkntpl,usgs:aka2026pkntpl,"200 km SE of Perryville, Alaska",Alaska,US,2.9,ml,,54.727,-156.775,20.0,2026-08-05T21:41:49Z,2026-08-06T06:06:09Z,
usgs:nc75412022,usgs,sismo,"M 1.1 - 1 km NNW of The Geysers, CA",2026-08-05T20:29:47Z,https://earthquake.usgs.gov/earthquakes/eventpage/nc75412022,usgs:nc75412022,"1 km NNW of The Geysers, CA",CA,US,1.05,md,,38.7851676940918,-122.759002685547,2.16000008583069,2026-08-05T20:31:21Z,2026-08-06T06:06:09Z,
usgs:ci40666818,usgs,otro,"M 1.4 Quarry Blast - 3 km ESE of Chula Vista, CA",2026-08-05T20:29:07Z,https://earthquake.usgs.gov/earthquakes/eventpage/ci40666818,usgs:ci40666818,"3 km ESE of Chula Vista, CA",CA,US,1.37,ml,,32.6123333333333,-117.017666666667,-0.36,2026-08-06T14:51:47Z,2026-08-06T17:28:20Z,2026-08-06T17:28:20Z
usgs:nc75412012,usgs,sismo,"M 1.0 - 1 km N of The Geysers, CA",2026-08-05T20:28:28Z,https://earthquake.usgs.gov/earthquakes/eventpage/nc75412012,usgs:nc75412012,"1 km N of The Geysers, CA",CA,US,1.04,md,,38.7841682434082,-122.757835388184,2.0,2026-08-05T20:30:01Z,2026-08-06T06:06:09Z,
usgs:ci40666810,usgs,sismo,"M 0.9 - 5 km SW of Salton City, CA",2026-08-05T20:27:10Z,https://earthquake.usgs.gov/earthquakes/eventpage/ci40666810,usgs:ci40666810,"5 km SW of Salton City, CA",CA,US,0.85,ml,,33.2585,-115.988833333333,4.45,2026-08-05T21:27:13Z,2026-08-06T06:06:09Z,
usgs:av93065434,usgs,sismo,"M 0.2 - 79 km W of Adak, Alaska",2026-08-05T20:26:17Z,https://earthquake.usgs.gov/earthquakes/eventpage/av93065434,usgs:av93065434,"79 km W of Adak, Alaska",Alaska,US,0.21,ml,,51.857,-177.784,-1.75,2026-08-06T07:38:59Z,2026-08-06T09:08:27Z,
usgs:av94360808,usgs,sismo,"M -0.3 - 63 km ENE of Pedro Bay, Alaska",2026-08-05T20:24:08Z,https://earthquake.usgs.gov/earthquakes/eventpage/av94360808,usgs:av94360808,"63 km ENE of Pedro Bay, Alaska",Alaska,US,-0.3,ml,,60.0353333333333,-153.088,-0.14,2026-08-06T07:16:55Z,2026-08-06T09:08:27Z,
usgs:av94360788,usgs,sismo,"M 0.1 - 40 km ENE of Adak, Alaska",2026-08-05T20:16:26Z,https://earthquake.usgs.gov/earthquakes/eventpage/av94360788,usgs:av94360788,"40 km ENE of Adak, Alaska",Alaska,US,0.1,ml,,52.0738333333333,-176.1335,-1.77,2026-08-06T07:13:55Z,2026-08-06T09:08:27Z,
usgs:tx2026pibcrh,usgs,sismo,"M 1.5 - 47 km NW of Toyah, Texas",2026-08-05T20:14:29Z,https://earthquake.usgs.gov/earthquakes/eventpage/tx2026pibcrh,usgs:tx2026pibcrh,"47 km NW of Toyah, Texas",Texas,US,1.5,ml,,31.631,-104.124,5.8307,2026-08-06T11:03:01Z,2026-08-06T06:06:09Z,
usgs:tx2026piaztc,usgs,sismo,"M 0.9 - 20 km NW of Stanton, Texas",2026-08-05T20:11:14Z,https://earthquake.usgs.gov/earthquakes/eventpage/tx2026piaztc,usgs:tx2026piaztc,"20 km NW of Stanton, Texas",Texas,US,0.9,ml,,32.257,-101.948,7.5928,2026-08-06T12:17:37Z,2026-08-06T14:36:55Z,
usgs:ci40666802,usgs,sismo,"M 1.4 - 17 km WSW of Johannesburg, CA",2026-08-05T20:07:30Z,https://earthquake.usgs.gov/earthquakes/eventpage/ci40666802,usgs:ci40666802,"17 km WSW of Johannesburg, CA",CA,US,1.4,ml,,35.3156666666667,-117.806,7.2,2026-08-05T21:10:34Z,2026-08-06T06:06:09Z,
usgs:av94360758,usgs,sismo,"M 0.5 - 67 km NE of Nikolski, Alaska",2026-08-05T19:59:01Z,https://earthquake.usgs.gov/earthquakes/eventpage/av94360758,usgs:av94360758,"67 km NE of Nikolski, Alaska",Alaska,US,0.52,ml,,53.3898333333333,-168.178166666667,2.13,2026-08-06T07:07:24Z,2026-08-06T09:08:27Z,
usgs:us6000tie5,usgs,sismo,"M 5.2 - 31 km SSW of Ialibu, Papua New Guinea",2026-08-05T19:46:26Z,https://earthquake.usgs.gov/earthquakes/eventpage/us6000tie5,usgs:us6000tie5,"31 km SSW of Ialibu, Papua New Guinea",Papua New Guinea,PG,5.2,mb,,-6.5225,143.8444,10.028,2026-08-05T22:05:28Z,2026-08-06T06:06:09Z,
usgs:hv75013487,usgs,sismo,"M 2.2 - 1 km WSW of Pāhala, Hawaii",2026-08-05T19:46:15Z,https://earthquake.usgs.gov/earthquakes/eventpage/hv75013487,usgs:hv75013487,"1 km WSW of Pāhala, Hawaii",Hawaii,US,2.2,md,,19.1961669921875,-155.492172241211,29.9699993133545,2026-08-05T19:49:56Z,2026-08-06T06:06:09Z,
usgs:hv75013482,usgs,sismo,"M 1.8 - 8 km S of Pāhala, Hawaii",2026-08-05T19:43:22Z,https://earthquake.usgs.gov/earthquakes/eventpage/hv75013482,usgs:hv75013482,"8 km S of Pāhala, Hawaii",Hawaii,US,1.79,md,,19.1264991760254,-155.487503051758,32.7799987792969,2026-08-05T19:46:55Z,2026-08-06T06:06:09Z,
usgs:tx2026phzxvz,usgs,sismo,"M 1.9 - 10 km SSW of Balmorhea, Texas",2026-08-05T19:38:44Z,https://earthquake.usgs.gov/earthquakes/eventpage/tx2026phzxvz,usgs:tx2026phzxvz,"10 km SSW of Balmorhea, Texas",Texas,US,1.9,ml,,30.896,-103.794,0.0,2026-08-05T19:42:08Z,2026-08-06T06:06:09Z,
usgs:tx2026phztox,usgs,sismo,"M 1.6 - 45 km WNW of Toyah, Texas",2026-08-05T19:33:49Z,https://earthquake.usgs.gov/earthquakes/eventpage/tx2026phztox,usgs:tx2026phztox,"45 km WNW of Toyah, Texas",Texas,US,1.6,ml,,31.484,-104.232,0.3119,2026-08-05T20:03:50Z,2026-08-06T06:06:09Z,
usgs:ci40666786,usgs,sismo,"M 0.8 - 10 km ENE of Ocotillo Wells, CA",2026-08-05T19:33:01Z,https://earthquake.usgs.gov/earthquakes/eventpage/ci40666786,usgs:ci40666786,"10 km ENE of Ocotillo Wells, CA",CA,US,0.79,ml,,33.1823333333333,-116.030166666667,4.83,2026-08-05T19:46:05Z,2026-08-06T06:06:09Z,
usgs:ci40666778,usgs,sismo,"M 0.5 - 23 km ESE of Anza, CA",2026-08-05T19:32:16Z,https://earthquake.usgs.gov/earthquakes/eventpage/ci40666778,usgs:ci40666778,"23 km ESE of Anza, CA",CA,US,0.5,ml,,33.4855,-116.443,2.6,2026-08-05T19:41:47Z,2026-08-06T06:06:09Z,
usgs:nc75411977,usgs,sismo,"M 1.3 - 7 km SE of Cloverdale, CA",2026-08-05T19:31:48Z,https://earthquake.usgs.gov/earthquakes/eventpage/nc75411977,usgs:nc75411977,"7 km SE of Cloverdale, CA",CA,US,1.27,md,,38.7675018310547,-122.950996398926,2.19000005722046,2026-08-05T19:33:27Z,2026-08-06T06:06:09Z,
usgs:ci40666762,usgs,otro,"M 1.3 Quarry Blast - 5 km N of Lake Elsinore, CA",2026-08-05T19:22:39Z,https://earthquake.usgs.gov/earthquakes/eventpage/ci40666762,usgs:ci40666762,"5 km N of Lake Elsinore, CA",CA,US,1.34,ml,,33.7125,-117.337666666667,-0.48,2026-08-06T14:54:35Z,2026-08-06T06:06:09Z,2026-08-06T17:28:20Z
usgs:tx2026phzico,usgs,sismo,"M 1.7 - 25 km E of Forsan, Texas",2026-08-05T19:20:27Z,https://earthquake.usgs.gov/earthquakes/eventpage/tx2026phzico,usgs:tx2026phzico,"25 km E of Forsan, Texas",Texas,US,1.7,ml,,32.132,-101.101,2.1729,2026-08-06T10:52:31Z,2026-08-06T06:06:09Z,
usgs:ok2026pgck,usgs,sismo,"M 0.5 - 4 km NNE of Chickasha, Oklahoma",2026-08-05T19:04:12Z,https://earthquake.usgs.gov/earthquakes/eventpage/ok2026pgck,usgs:ok2026pgck,"4 km NNE of Chickasha, Oklahoma",Oklahoma,US,0.54,ml,,35.09116667,-97.91716667,9.4,2026-08-05T19:16:23Z,2026-08-06T06:06:09Z,
usgs:ci40666738,usgs,otro,"M 1.1 Quarry Blast - 7 km S of Mojave, CA",2026-08-05T18:54:59Z,https://earthquake.usgs.gov/earthquakes/eventpage/ci40666738,usgs:ci40666738,"7 km S of Mojave, CA",CA,US,1.11,ml,,34.9898333333333,-118.186666666667,0.79,2026-08-06T14:55:21Z,2026-08-06T06:06:09Z,2026-08-06T17:28:20Z
usgs:tx2026phylua,usgs,sismo,"M 1.6 - 12 km NW of Pecos, Texas",2026-08-05T18:54:32Z,https://earthquake.usgs.gov/earthquakes/eventpage/tx2026phylua,usgs:tx2026phylua,"12 km NW of Pecos, Texas",Texas,US,1.6,ml,,31.487,-103.597,0.0,2026-08-05T19:00:28Z,2026-08-06T06:06:09Z,
usgs:ci40666722,usgs,sismo,"M 1.1 - 16 km WSW of Johannesburg, CA",2026-08-05T18:47:04Z,https://earthquake.usgs.gov/earthquakes/eventpage/ci40666722,usgs:ci40666722,"16 km WSW of Johannesburg, CA",CA,US,1.14,ml,,35.3233333333333,-117.805166666667,6.78,2026-08-05T19:37:59Z,2026-08-06T06:06:09Z,
usgs:nc75411922,usgs,sismo,"M 1.3 - 7 km ESE of Santa Venetia, CA",2026-08-05T18:44:16Z,https://earthquake.usgs.gov/earthquakes/eventpage/nc75411922,usgs:nc75411922,"7 km ESE of Santa Venetia, CA",CA,US,1.33,md,,37.9841651916504,-122.452163696289,1.23000001907349,2026-08-05T18:45:51Z,2026-08-06T06:06:09Z,
usgs:nc75411912,usgs,sismo,"M 1.6 - 1 km NNW of The Geysers, CA",2026-08-05T18:41:09Z,https://earthquake.usgs.gov/earthquakes/eventpage/nc75411912,usgs:nc75411912,"1 km NNW of The Geysers, CA",CA,US,1.62,md,,38.7826652526855,-122.758163452148,1.75,2026-08-05T18:44:47Z,2026-08-06T06:06:09Z,
usgs:aka2026pkkcad,usgs,sismo,"M 1.7 - 14 km SSW of Susitna, Alaska",2026-08-05T18:40:09Z,https://earthquake.usgs.gov/earthquakes/eventpage/aka2026pkkcad,usgs:aka2026pkkcad,"14 km SSW of Susitna, Alaska",Alaska,US,1.7,ml,,61.431,-150.64,0.9,2026-08-05T18:41:23Z,2026-08-06T06:06:09Z,
usgs:uw714072141,usgs,sismo,"M 1.0 - 7 km E of Pistol River, Oregon",2026-08-05T18:34:52Z,https://earthquake.usgs.gov/earthquakes/eventpage/uw714072141,usgs:uw714072141,"7 km E of Pistol River, Oregon",Oregon,US,0.95,md,,42.2745,-124.3,6.96,2026-08-05T18:52:07Z,2026-08-06T06:06:09Z,
usgs:ok2026pgbh,usgs,otro,"M 1.4 Quarry Blast - 7 km S of Owasso, Oklahoma",2026-08-05T18:29:59Z,https://earthquake.usgs.gov/earthquakes/eventpage/ok2026pgbh,usgs:ok2026pgbh,"7 km S of Owasso, Oklahoma",Oklahoma,US,1.38,ml,,36.1995,-95.84316667,0.0,2026-08-05T18:42:08Z,2026-08-06T06:06:09Z,
usgs:nc75411902,usgs,sismo,"M 0.8 - 7 km NW of The Geysers, CA",2026-08-05T18:29:36Z,https://earthquake.usgs.gov/earthquakes/eventpage/nc75411902,usgs:nc75411902,"7 km NW of The Geysers, CA",CA,US,0.76,md,,38.818000793457,-122.813331604004,2.97000002861023,2026-08-05T18:31:12Z,2026-08-06T06:06:09Z,
usgs:aka2026pkjoey,usgs,sismo,"M 2.1 - 42 km NNW of Petersville, Alaska",2026-08-05T18:24:14Z,https://earthquake.usgs.gov/earthquakes/eventpage/aka2026pkjoey,usgs:aka2026pkjoey,"42 km NNW of Petersville, Alaska",Alaska,US,2.1,ml,,62.846,-151.119,106.6,2026-08-05T18:25:42Z,2026-08-06T06:06:09Z,
usgs:ci40666698,usgs,sismo,"M 0.5 - 10 km WSW of Anza, CA",2026-08-05T18:15:46Z,https://earthquake.usgs.gov/earthquakes/eventpage/ci40666698,usgs:ci40666698,"10 km WSW of Anza, CA",CA,US,0.49,ml,,33.5101666666667,-116.764833333333,4.47,2026-08-05T18:45:52Z,2026-08-06T06:06:09Z,
usgs:av93065424,usgs,sismo,"M -0.2 - 86 km NW of Karluk, Alaska",2026-08-05T18:14:09Z,https://earthquake.usgs.gov/earthquakes/eventpage/av93065424,usgs:av93065424,"86 km NW of Karluk, Alaska",Alaska,US,-0.22,ml,,58.167,-155.372833333333,1.57,2026-08-06T06:38:53Z,2026-08-06T09:08:27Z,
usgs:ci40666690,usgs,sismo,"M 1.2 - 17 km WSW of Johannesburg, CA",2026-08-05T18:12:09Z,https://earthquake.usgs.gov/earthquakes/eventpage/ci40666690,usgs:ci40666690,"17 km WSW of Johannesburg, CA",CA,US,1.15,ml,,35.3155,-117.807333333333,8.04,2026-08-05T18:48:10Z,2026-08-06T06:06:09Z,
usgs:aka2026pkiyzb,usgs,sismo,"M 3.4 - Rat Islands, Aleutian Islands, Alaska",2026-08-05T18:06:43Z,https://earthquake.usgs.gov/earthquakes/eventpage/aka2026pkiyzb,usgs:aka2026pkiyzb,"Rat Islands, Aleutian Islands, Alaska",Alaska,US,3.4,ml,,51.57,178.549,65.0,2026-08-05T20:24:01Z,2026-08-06T06:06:09Z,
usgs:uw714072111,usgs,otro,"M 1.5 Explosion - 14 km NE of Hermiston, Oregon",2026-08-05T18:03:54Z,https://earthquake.usgs.gov/earthquakes/eventpage/uw714072111,usgs:uw714072111,"14 km NE of Hermiston, Oregon",Oregon,US,1.52,ml,,45.9138333333333,-119.1385,-0.51,2026-08-05T18:27:19Z,2026-08-06T06:06:09Z,
usgs:ci40666674,usgs,otro,"M 1.2 Quarry Blast - 45 km NNW of Los Algodones, B.C., MX",2026-08-05T17:51:29Z,https://earthquake.usgs.gov/earthquakes/eventpage/ci40666674,usgs:ci40666674,"45 km NNW of Los Algodones, B.C., MX",MX,MX,1.16,ml,,33.0453333333333,-114.9805,4.82,2026-08-06T14:59:25Z,2026-08-06T06:06:09Z,2026-08-06T17:28:20Z
usgs:pr71527638,usgs,sismo,"M 3.1 - 63 km NW of San Antonio, Puerto Rico",2026-08-05T17:25:23Z,https://earthquake.usgs.gov/earthquakes/eventpage/pr71527638,usgs:pr71527638,"63 km NW of San Antonio, Puerto Rico",Puerto Rico,PR,3.09,md,,18.8531666666667,-67.565,7.23,2026-08-05T18:49:46Z,2026-08-06T06:06:09Z,
usgs:nc75411847,usgs,sismo,"M 1.1 - 6 km NW of The Geysers, CA",2026-08-05T17:23:49Z,https://earthquake.usgs.gov/earthquakes/eventpage/nc75411847,usgs:nc75411847,"6 km NW of The Geysers, CA",CA,US,1.05,md,,38.8088340759277,-122.809829711914,3.54999995231628,2026-08-05T17:25:27Z,2026-08-06T06:06:09Z,
usgs:ci40666658,usgs,sismo,"M 0.9 - 17 km WSW of Johannesburg, CA",2026-08-05T17:09:32Z,https://earthquake.usgs.gov/earthquakes/eventpage/ci40666658,usgs:ci40666658,"17 km WSW of Johannesburg, CA",CA,US,0.93,ml,,35.3196666666667,-117.815666666667,6.8,2026-08-05T18:48:27Z,2026-08-06T06:06:09Z,
usgs:ok2026pfyd,usgs,otro,"M 1.3 Quarry Blast - 7 km SW of Ralston, Oklahoma",2026-08-05T16:55:16Z,https://earthquake.usgs.gov/earthquakes/eventpage/ok2026pfyd,usgs:ok2026pfyd,"7 km SW of Ralston, Oklahoma",Oklahoma,US,1.33,ml,,36.4505,-96.78366667,0.0,2026-08-05T17:23:50Z,2026-08-06T06:06:09Z,
usgs:nc75411832,usgs,sismo,"M 1.1 - 8 km ESE of Cloverdale, CA",2026-08-05T16:50:46Z,https://earthquake.usgs.gov/earthquakes/eventpage/nc75411832,usgs:nc75411832,"8 km ESE of Cloverdale, CA",CA,US,1.08,md,,38.7773323059082,-122.934501647949,4.19000005722046,2026-08-05T16:52:22Z,2026-08-06T06:06:09Z,
usgs:us6000tics,usgs,sismo,"M 5.3 - 62 km W of Tobelo, Indonesia",2026-08-05T16:50:18Z,https://earthquake.usgs.gov/earthquakes/eventpage/us6000tics,usgs:us6000tics,"62 km W of Tobelo, Indonesia",Indonesia,ID,5.3,mww,,1.7901,127.454,115.65,2026-08-05T17:16:22Z,2026-08-06T06:06:09Z,
usgs:ci40666642,usgs,sismo,"M 0.8 - 16 km WSW of Johannesburg, CA",2026-08-05T16:46:43Z,https://earthquake.usgs.gov/earthquakes/eventpage/ci40666642,usgs:ci40666642,"16 km WSW of Johannesburg, CA",CA,US,0.79,ml,,35.3245,-117.799166666667,5.39,2026-08-06T15:08:15Z,2026-08-06T06:06:09Z,2026-08-06T17:28:20Z
usgs:ci40666618,usgs,sismo,"M 1.2 - 1 km NE of San Dimas, CA",2026-08-05T16:36:40Z,https://earthquake.usgs.gov/earthquakes/eventpage/ci40666618,usgs:ci40666618,"1 km NE of San Dimas, CA",CA,US,1.17,ml,,34.112,-117.797666666667,2.54,2026-08-05T17:44:02Z,2026-08-06T06:06:09Z,
usgs:aka2026pkfvpf,usgs,sismo,"M 2.7 - 213 km SSE of Adak, Alaska",2026-08-05T16:34:16Z,https://earthquake.usgs.gov/earthquakes/eventpage/aka2026pkfvpf,usgs:aka2026pkfvpf,"213 km SSE of Adak, Alaska",Alaska,US,2.7,ml,,50.019,-175.836,20.0,2026-08-05T20:19:03Z,2026-08-06T06:06:09Z,
usgs:nc75411827,usgs,sismo,"M 0.8 - 2 km N of The Geysers, CA",2026-08-05T16:32:35Z,https://earthquake.usgs.gov/earthquakes/eventpage/nc75411827,usgs:nc75411827,"2 km N of The Geysers, CA",CA,US,0.77,md,,38.7946662902832,-122.760330200195,1.08000004291534,2026-08-05T16:34:12Z,2026-08-06T06:06:09Z,
usgs:ok2026pfxd,usgs,sismo,"M 1.4 - 6 km ESE of Bison, Oklahoma",2026-08-05T16:24:07Z,https://earthquake.usgs.gov/earthquakes/eventpage/ok2026pfxd,usgs:ok2026pfxd,"6 km ESE of Bison, Oklahoma",Oklahoma,US,1.44,ml,,36.1815,-97.818,10.9,2026-08-05T16:38:16Z,2026-08-06T06:06:09Z,
usgs:tx2026phtgpu,usgs,sismo,"M 1.6 - 12 km S of Lindsay, Texas",2026-08-05T16:17:59Z,https://earthquake.usgs.gov/earthquakes/eventpage/tx2026phtgpu,usgs:tx2026phtgpu,"12 km S of Lindsay, Texas",Texas,US,1.6,ml,,31.255,-103.535,5.6256,2026-08-05T17:41:53Z,2026-08-06T06:06:09Z,
usgs:aka2026pkffzu,usgs,sismo,"M 1.5 - 15 km N of Beaver, Alaska",2026-08-05T16:14:47Z,https://earthquake.usgs.gov/earthquakes/eventpage/aka2026pkffzu,usgs:aka2026pkffzu,"15 km N of Beaver, Alaska",Alaska,US,1.5,ml,,66.495,-147.451,5.0,2026-08-05T16:16:16Z,2026-08-06T06:06:09Z,
usgs:nc75411812,usgs,sismo,"M 2.8 - 54 km W of Petrolia, CA",2026-08-05T16:05:39Z,https://earthquake.usgs.gov/earthquakes/eventpage/nc75411812,usgs:nc75411812,"54 km W of Petrolia, CA",CA,US,2.8,md,,40.3964996337891,-124.919998168945,1.70000004768372,2026-08-05T16:27:20Z,2026-08-06T06:06:09Z,
usgs:aka2026pkenvy,usgs,sismo,"M 2.3 - Rat Islands, Aleutian Islands, Alaska",2026-08-05T15:53:59Z,https://earthquake.usgs.gov/earthquakes/eventpage/aka2026pkenvy,usgs:aka2026pkenvy,"Rat Islands, Aleutian Islands, Alaska",Alaska,US,2.3,ml,,51.755,178.945,101.4,2026-08-05T16:20:33Z,2026-08-06T06:06:09Z,
usgs:hv75013392,usgs,sismo,"M 1.9 - 1 km WSW of Pāhala, Hawaii",2026-08-05T15:53:43Z,https://earthquake.usgs.gov/earthquakes/eventpage/hv75013392,usgs:hv75013392,"1 km WSW of Pāhala, Hawaii",Hawaii,US,1.86,md,,19.1979999542236,-155.494003295898,29.0799999237061,2026-08-05T15:57:04Z,2026-08-06T06:06:09Z,
usgs:pr71527633,usgs,sismo,"M 2.3 - 1 km WSW of Liborio Negron Torres, Puerto Rico",2026-08-05T15:47:17Z,https://earthquake.usgs.gov/earthquakes/eventpage/pr71527633,usgs:pr71527633,"1 km WSW of Liborio Negron Torres, Puerto Rico",Puerto Rico,PR,2.3,md,,18.0358333333333,-66.9556666666667,7.58,2026-08-05T15:57:29Z,2026-08-06T06:06:09Z,
usgs:uu80147131,usgs,sismo,"M 1.6 - 13 km NE of Milford, Utah",2026-08-05T15:35:13Z,https://earthquake.usgs.gov/earthquakes/eventpage/uu80147131,usgs:uu80147131,"13 km NE of Milford, Utah",Utah,US,1.55,ml,,38.483,-112.906333333333,1.73,2026-08-05T15:44:34Z,2026-08-06T06:06:09Z,
usgs:uw714071971,usgs,sismo,"M 0.6 - 8 km SE of Ashford, Washington",2026-08-05T15:33:22Z,https://earthquake.usgs.gov/earthquakes/eventpage/uw714071971,usgs:uw714071971,"8 km SE of Ashford, Washington",Washington,US,0.56,ml,,46.6961666666667,-121.957166666667,2.85,2026-08-05T18:03:17Z,2026-08-06T06:06:09Z,
usgs:uu80147126,usgs,sismo,"M 1.1 - 13 km NE of Milford, Utah",2026-08-05T15:29:46Z,https://earthquake.usgs.gov/earthquakes/eventpage/uu80147126,usgs:uu80147126,"13 km NE of Milford, Utah",Utah,US,1.14,md,,38.4846666666667,-112.904833333333,3.02,2026-08-05T15:40:10Z,2026-08-06T06:06:09Z,
usgs:aka2026pkdsoe,usgs,sismo,"M 2.1 - 75 km SSE of Adak, Alaska",2026-08-05T15:29:14Z,https://earthquake.usgs.gov/earthquakes/eventpage/aka2026pkdsoe,usgs:aka2026pkdsoe,"75 km SSE of Adak, Alaska",Alaska,US,2.1,ml,,51.23,-176.281,18.3,2026-08-05T16:18:34Z,2026-08-06T06:06:09Z,
usgs:aka2026pkdgpj,usgs,sismo,"M 1.5 - 42 km SSE of Nelchina, Alaska",2026-08-05T15:15:32Z,https://earthquake.usgs.gov/earthquakes/eventpage/aka2026pkdgpj,usgs:aka2026pkdgpj,"42 km SSE of Nelchina, Alaska",Alaska,US,1.5,ml,,61.651,-146.426,39.9,2026-08-05T15:16:40Z,2026-08-06T06:06:09Z,
usgs:aka2026pkdasc,usgs,sismo,"M 2.7 - 220 km SE of Chiniak, Alaska",2026-08-05T15:12:00Z,https://earthquake.usgs.gov/earthquakes/eventpage/aka2026pkdasc,usgs:aka2026pkdasc,"220 km SE of Chiniak, Alaska",Alaska,US,2.7,ml,,56.145,-149.839,5.0,2026-08-05T16:12:35Z,2026-08-06T06:06:09Z,
usgs:tx2026phqsnb,usgs,sismo,"M 1.7 - 55 km W of Mentone, Texas",2026-08-05T15:02:29Z,https://earthquake.usgs.gov/earthquakes/eventpage/tx2026phqsnb,usgs:tx2026phqsnb,"55 km W of Mentone, Texas",Texas,US,1.7,ml,,31.704,-104.183,7.5226,2026-08-05T15:21:12Z,2026-08-06T06:06:09Z,
usgs:nc75411777,usgs,sismo,"M 0.4 - 4 km W of Cobb, CA",2026-08-05T15:01:59Z,https://earthquake.usgs.gov/earthquakes/eventpage/nc75411777,usgs:nc75411777,"4 km W of Cobb, CA",CA,US,0.38,md,,38.8206666666667,-122.765166666667,1.7,2026-08-05T18:54:04Z,2026-08-06T06:06:09Z,
usgs:hv75013382,usgs,sismo,"M 2.1 - 2 km SW of Pāhala, Hawaii",2026-08-05T15:00:30Z,https://earthquake.usgs.gov/earthquakes/eventpage/hv75013382,usgs:hv75013382,"2 km SW of Pāhala, Hawaii",Hawaii,US,2.09,md,,19.1876659393311,-155.494827270508,30.4500007629395,2026-08-05T15:15:14Z,2026-08-06T06:06:09Z,
usgs:ci40666562,usgs,sismo,"M 0.8 - 9 km N of Rancho Cucamonga, CA",2026-08-05T14:48:04Z,https://earthquake.usgs.gov/earthquakes/eventpage/ci40666562,usgs:ci40666562,"9 km N of Rancho Cucamonga, CA",CA,US,0.76,ml,,34.2018333333333,-117.578666666667,7.0,2026-08-05T15:40:56Z,2026-08-06T06:06:09Z,
usgs:ok2026pftn,usgs,sismo,"M 1.5 - 12 km ESE of Dover, Oklahoma",2026-08-05T14:34:59Z,https://earthquake.usgs.gov/earthquakes/eventpage/ok2026pftn,usgs:ok2026pftn,"12 km ESE of Dover, Oklahoma",Oklahoma,US,1.5,ml,,35.95083333,-97.77733333,6.83,2026-08-05T14:44:27Z,2026-08-06T06:06:09Z,
usgs:ci40666546,usgs,sismo,"M 1.3 - 16 km WSW of Johannesburg, CA",2026-08-05T14:32:52Z,https://earthquake.usgs.gov/earthquakes/eventpage/ci40666546,usgs:ci40666546,"16 km WSW of Johannesburg, CA",CA,US,1.31,ml,,35.325,-117.800666666667,6.18,2026-08-05T15:26:32Z,2026-08-06T06:06:09Z,
usgs:hv75013362,usgs,sismo,"M 2.8 - 2 km WSW of Honoka‘a, Hawaii",2026-08-05T14:20:14Z,https://earthquake.usgs.gov/earthquakes/eventpage/hv75013362,usgs:hv75013362,"2 km WSW of Honoka‘a, Hawaii",Hawaii,US,2.82,ml,,20.0681666666667,-155.490333333333,8.24,2026-08-05T22:35:14Z,2026-08-06T06:06:09Z,
usgs:us6000tial,usgs,sismo,"M 4.7 - 127 km E of Bitung, Indonesia",2026-08-05T14:16:50Z,https://earthquake.usgs.gov/earthquakes/eventpage/us6000tial,usgs:us6000tial,"127 km E of Bitung, Indonesia",Indonesia,ID,4.7,mb,,1.2938,126.2646,10.0,2026-08-05T16:56:05Z,2026-08-06T06:06:09Z,
usgs:ci40666530,usgs,sismo,"M 1.1 - 8 km W of Morongo Valley, CA",2026-08-05T14:03:39Z,https://earthquake.usgs.gov/earthquakes/eventpage/ci40666530,usgs:ci40666530,"8 km W of Morongo Valley, CA",CA,US,1.13,ml,,34.0331666666667,-116.670333333333,9.57,2026-08-05T14:14:39Z,2026-08-06T06:06:09Z,
usgs:tx2026phodny,usgs,sismo,"M 1.7 - 58 km S of Whites City, New Mexico",2026-08-05T13:43:27Z,https://earthquake.usgs.gov/earthquakes/eventpage/tx2026phodny,usgs:tx2026phodny,"58 km S of Whites City, New Mexico",New Mexico,US,1.7,ml,,31.651,-104.422,6.6254,2026-08-05T14:34:56Z,2026-08-06T06:06:09Z,
usgs:ci40666522,usgs,sismo,"M 0.7 - 9 km ENE of Coso Junction, CA",2026-08-05T13:29:39Z,https://earthquake.usgs.gov/earthquakes/eventpage/ci40666522,usgs:ci40666522,"9 km ENE of Coso Junction, CA",CA,US,0.66,ml,,36.0693333333333,-117.854833333333,2.92,2026-08-05T14:22:57Z,2026-08-06T06:06:09Z,
usgs:aka2026pjzhqy,usgs,sismo,"M 1.5 - 33 km WNW of Beluga, Alaska",2026-08-05T13:17:56Z,https://earthquake.usgs.gov/earthquakes/eventpage/aka2026pjzhqy,usgs:aka2026pjzhqy,"33 km WNW of Beluga, Alaska",Alaska,US,1.5,ml,,61.311,-151.606,83.0,2026-08-05T16:04:11Z,2026-08-06T06:06:09Z,
usgs:aka2026pjzaug,usgs,sismo,"M 2.4 - 265 km W of Adak, Alaska",2026-08-05T13:12:14Z,https://earthquake.usgs.gov/earthquakes/eventpage/aka2026pjzaug,usgs:aka2026pjzaug,"265 km W of Adak, Alaska",Alaska,US,2.4,ml,,51.873,179.512,187.1,2026-08-05T15:58:07Z,2026-08-06T06:06:09Z,
usgs:ci40666514,usgs,sismo,"M 1.3 - 4 km SE of Redlands, CA",2026-08-05T12:50:25Z,https://earthquake.usgs.gov/earthquakes/eventpage/ci40666514,usgs:ci40666514,"4 km SE of Redlands, CA",CA,US,1.27,ml,,34.0353333333333,-117.146833333333,11.16,2026-08-05T14:14:34Z,2026-08-06T06:06:09Z,
usgs:nc75411732,usgs,sismo,"M 1.0 - 7 km NW of The Geysers, CA",2026-08-05T12:50:11Z,https://earthquake.usgs.gov/earthquakes/eventpage/nc75411732,usgs:nc75411732,"7 km NW of The Geysers, CA",CA,US,1.04,md,,38.8216667175293,-122.808502197266,3.0699999332428,2026-08-05T12:51:46Z,2026-08-06T06:06:09Z,
usgs:nc75411727,usgs,sismo,"M 1.4 - 7 km SE of Cloverdale, CA",2026-08-05T12:47:21Z,https://earthquake.usgs.gov/earthquakes/eventpage/nc75411727,usgs:nc75411727,"7 km SE of Cloverdale, CA",CA,US,1.38,md,,38.7686653137207,-122.953002929688,5.03000020980835,2026-08-05T12:49:11Z,2026-08-06T06:06:09Z,
usgs:nc75411717,usgs,sismo,"M 1.0 - 6 km NNW of The Geysers, CA",2026-08-05T12:44:35Z,https://earthquake.usgs.gov/earthquakes/eventpage/nc75411717,usgs:nc75411717,"6 km NNW of The Geysers, CA",CA,US,0.98,md,,38.8238334655762,-122.795501708984,2.84999990463257,2026-08-05T12:46:11Z,2026-08-06T06:06:09Z,
usgs:nc75411712,usgs,sismo,"M 0.7 - 2 km NNW of The Geysers, CA",2026-08-05T12:26:16Z,https://earthquake.usgs.gov/earthquakes/eventpage/nc75411712,usgs:nc75411712,"2 km NNW of The Geysers, CA",CA,US,0.74,md,,38.7936668395996,-122.761169433594,0.579999983310699,2026-08-05T12:27:52Z,2026-08-06T06:06:09Z,
usgs:ci40666506,usgs,sismo,"M 0.8 - 24 km NNW of Searles Valley, CA",2026-08-05T12:20:55Z,https://earthquake.usgs.gov/earthquakes/eventpage/ci40666506,usgs:ci40666506,"24 km NNW of Searles Valley, CA",CA,US,0.75,ml,,35.9741666666667,-117.491666666667,4.18,2026-08-05T13:28:55Z,2026-08-06T06:06:09Z,
usgs:aka2026pjxhin,usgs,sismo,"M 1.8 - 44 km WNW of Clam Gulch, Alaska",2026-08-05T12:16:28Z,https://earthquake.usgs.gov/earthquakes/eventpage/aka2026pjxhin,usgs:aka2026pjxhin,"44 km WNW of Clam Gulch, Alaska",Alaska,US,1.8,ml,,60.401,-152.114,86.4,2026-08-05T12:18:12Z,2026-08-06T06:06:09Z,
usgs:ci40666498,usgs,sismo,"M 0.3 - 7 km S of Idyllwild, CA",2026-08-05T12:14:18Z,https://earthquake.usgs.gov/earthquakes/eventpage/ci40666498,usgs:ci40666498,"7 km S of Idyllwild, CA",CA,US,0.3,ml,,33.6771666666667,-116.715,15.86,2026-08-05T13:28:59Z,2026-08-06T06:06:09Z,
usgs:ci40666490,usgs,sismo,"M 0.4 - 8 km S of Idyllwild, CA",2026-08-05T12:13:41Z,https://earthquake.usgs.gov/earthquakes/eventpage/ci40666490,usgs:ci40666490,"8 km S of Idyllwild, CA",CA,US,0.44,ml,,33.6673333333333,-116.714833333333,15.02,2026-08-05T13:29:12Z,2026-08-06T06:06:09Z,
usgs:nc75411707,usgs,sismo,"M 0.7 - 7 km NW of The Geysers, CA",2026-08-05T12:09:09Z,https://earthquake.usgs.gov/earthquakes/eventpage/nc75411707,usgs:nc75411707,"7 km NW of The Geysers, CA",CA,US,0.73,md,,38.8211669921875,-122.809829711914,3.03999996185303,2026-08-05T12:10:47Z,2026-08-06T06:06:09Z,
usgs:nc75411702,usgs,sismo,"M 0.8 - 3 km WSW of Cobb, CA",2026-08-05T11:52:23Z,https://earthquake.usgs.gov/earthquakes/eventpage/nc75411702,usgs:nc75411702,"3 km WSW of Cobb, CA",CA,US,0.75,md,,38.8144989013672,-122.759498596191,1.69000005722046,2026-08-05T11:54:02Z,2026-08-06T06:06:09Z,
usgs:tx2026phkefu,usgs,sismo,"M 2.5 - 28 km SW of Jal, New Mexico",2026-08-05T11:43:22Z,https://earthquake.usgs.gov/earthquakes/eventpage/tx2026phkefu,usgs:tx2026phkefu,"28 km SW of Jal, New Mexico",New Mexico,US,2.5,ml,,31.928,-103.397,6.2408,2026-08-05T13:26:54Z,2026-08-06T06:06:09Z,
usgs:ci40666482,usgs,sismo,"M 0.5 - 6 km S of Idyllwild, CA",2026-08-05T11:38:48Z,https://earthquake.usgs.gov/earthquakes/eventpage/ci40666482,usgs:ci40666482,"6 km S of Idyllwild, CA",CA,US,0.5,ml,,33.682,-116.72,15.54,2026-08-05T13:29:20Z,2026-08-06T06:06:09Z,
usgs:aka2026pjwajk,usgs,sismo,"M 2.3 - 53 km NE of Chase, Alaska",2026-08-05T11:38:10Z,https://earthquake.usgs.gov/earthquakes/eventpage/aka2026pjwajk,usgs:aka2026pjwajk,"53 km NE of Chase, Alaska",Alaska,US,2.3,ml,,62.82,-149.441,70.9,2026-08-05T11:40:22Z,2026-08-06T06:06:09Z,
usgs:aka2026pjvzlk,usgs,sismo,"M 0.6 - 81 km NNW of Karluk, Alaska",2026-08-05T11:37:23Z,https://earthquake.usgs.gov/earthquakes/eventpage/aka2026pjvzlk,usgs:aka2026pjvzlk,"81 km NNW of Karluk, Alaska",Alaska,US,0.6,ml,,58.252,-154.945,5.0,2026-08-05T11:38:11Z,2026-08-06T06:06:09Z,
usgs:ci40666474,usgs,sismo,"M 1.0 - 11 km WNW of Big Bear Lake, CA",2026-08-05T11:36:51Z,https://earthquake.usgs.gov/earthquakes/eventpage/ci40666474,usgs:ci40666474,"11 km WNW of Big Bear Lake, CA",CA,US,1.0,ml,,34.276,-117.0215,5.88,2026-08-05T13:29:55Z,2026-08-06T06:06:09Z,
usgs:aka2026pjvjth,usgs,sismo,"M 0.4 - 7 km N of Badger, Alaska",2026-08-05T11:19:20Z,https://earthquake.usgs.gov/earthquakes/eventpage/aka2026pjvjth,usgs:aka2026pjvjth,"7 km N of Badger, Alaska",Alaska,US,0.4,ml,,64.864,-147.539,2.1,2026-08-05T11:37:57Z,2026-08-06T06:06:09Z,
usgs:ci40666466,usgs,sismo,"M 1.2 - 17 km WSW of Johannesburg, CA",2026-08-05T11:14:08Z,https://earthquake.usgs.gov/earthquakes/eventpage/ci40666466,usgs:ci40666466,"17 km WSW of Johannesburg, CA",CA,US,1.24,ml,,35.3163333333333,-117.808666666667,7.22,2026-08-05T13:29:29Z,2026-08-06T06:06:09Z,
usgs:aka2026pjvdid,usgs,sismo,"M 2.1 - 73 km NW of Ninilchik, Alaska",2026-08-05T11:11:51Z,https://earthquake.usgs.gov/earthquakes/eventpage/aka2026pjvdid,usgs:aka2026pjvdid,"73 km NW of Ninilchik, Alaska",Alaska,US,2.1,ml,,60.423,-152.766,136.0,2026-08-05T11:14:23Z,2026-08-06T06:06:09Z,
usgs:av93065414,usgs,sismo,"M 1.6 - 26 km SSW of False Pass, Alaska",2026-08-05T11:10:40Z,https://earthquake.usgs.gov/earthquakes/eventpage/av93065414,usgs:av93065414,"26 km SSW of False Pass, Alaska",Alaska,US,1.63,ml,,54.6475,-163.607333333333,5.03,2026-08-06T05:31:50Z,2026-08-06T06:06:09Z,
usgs:nc75411697,usgs,sismo,"M 1.0 - 9 km WNW of The Geysers, CA",2026-08-05T11:09:46Z,https://earthquake.usgs.gov/earthquakes/eventpage/nc75411697,usgs:nc75411697,"9 km WNW of The Geysers, CA",CA,US,0.95,md,,38.821834564209,-122.842498779297,1.95000004768372,2026-08-05T11:11:21Z,2026-08-06T06:06:09Z,
usgs:aka2026pjuqxu,usgs,sismo,"M 1.5 - 25 km N of Four Mile Road, Alaska",2026-08-05T10:57:35Z,https://earthquake.usgs.gov/earthquakes/eventpage/aka2026pjuqxu,usgs:aka2026pjuqxu,"25 km N of Four Mile Road, Alaska",Alaska,US,1.5,ml,,64.829,-149.076,29.3,2026-08-05T10:59:26Z,2026-08-06T06:06:09Z,
usgs:ci40666458,usgs,sismo,"M 1.6 - 22 km S of Gorman, CA",2026-08-05T10:54:52Z,https://earthquake.usgs.gov/earthquakes/eventpage/ci40666458,usgs:ci40666458,"22 km S of Gorman, CA",CA,US,1.61,ml,,34.6028333333333,-118.880166666667,1.25,2026-08-05T14:44:13Z,2026-08-06T06:06:09Z,
usgs:av93065404,usgs,sismo,"M 2.1 - 28 km SSW of False Pass, Alaska",2026-08-05T10:47:50Z,https://earthquake.usgs.gov/earthquakes/eventpage/av93065404,usgs:av93065404,"28 km SSW of False Pass, Alaska",Alaska,US,2.07,ml,,54.6183333333333,-163.585166666667,2.39,2026-08-06T04:58:48Z,2026-08-06T06:06:09Z,
usgs:tx2026phhzoh,usgs,sismo,"M 0.8 - 12 km WSW of Stanton, Texas",2026-08-05T10:41:51Z,https://earthquake.usgs.gov/earthquakes/eventpage/tx2026phhzoh,usgs:tx2026phhzoh,"12 km WSW of Stanton, Texas",Texas,US,0.8,ml,,32.103,-101.922,9.2529,2026-08-05T14:28:58Z,2026-08-06T06:06:09Z,
usgs:tx2026phhyvo,usgs,sismo,"M 2.3 - 11 km S of Forsan, Texas",2026-08-05T10:37:46Z,https://earthquake.usgs.gov/earthquakes/eventpage/tx2026phhyvo,usgs:tx2026phhyvo,"11 km S of Forsan, Texas",Texas,US,2.3,ml,,32.008,-101.356,8.7158,2026-08-05T13:29:47Z,2026-08-06T06:06:09Z,
usgs:aka2026pjtzyz,usgs,sismo,"M 3.3 - 231 km ESE of Attu Station, Alaska",2026-08-05T10:37:41Z,https://earthquake.usgs.gov/earthquakes/eventpage/aka2026pjtzyz,usgs:aka2026pjtzyz,"231 km ESE of Attu Station, Alaska",Alaska,US,3.3,ml,,51.817,176.138,20.0,2026-08-05T15:46:19Z,2026-08-06T06:06:09Z,
usgs:av93065399,usgs,sismo,"M -0.4 - 84 km NW of Karluk, Alaska",2026-08-05T10:29:15Z,https://earthquake.usgs.gov/earthquakes/eventpage/av93065399,usgs:av93065399,"84 km NW of Karluk, Alaska",Alaska,US,-0.37,ml,,58.1935,-155.255333333333,1.65,2026-08-06T04:46:17Z,2026-08-06T06:06:09Z,
usgs:ci40666450,usgs,sismo,"M 1.2 - 14 km W of Tehachapi, CA",2026-08-05T10:09:00Z,https://earthquake.usgs.gov/earthquakes/eventpage/ci40666450,usgs:ci40666450,"14 km W of Tehachapi, CA",CA,US,1.24,ml,,35.1155,-118.6005,6.1,2026-08-05T13:29:45Z,2026-08-06T06:06:09Z,
usgs:us6000ti9w,usgs,sismo,"M 5.0 - 60 km NNE of Shi Yomi, India",2026-08-05T10:06:09Z,https://earthquake.usgs.gov/earthquakes/eventpage/us6000ti9w,usgs:us6000ti9w,"60 km NNE of Shi Yomi, India",India,IN,5.0,mb,,29.0027,94.681,10.0,2026-08-05T13:59:21Z,2026-08-06T06:06:09Z,
usgs:nc75411687,usgs,sismo,"M 1.5 - 11 km ESE of Gilroy, CA",2026-08-05T10:05:29Z,https://earthquake.usgs.gov/earthquakes/eventpage/nc75411687,usgs:nc75411687,"11 km ESE of Gilroy, CA",CA,US,1.45,md,,36.9739990234375,-121.453330993652,6.57999992370605,2026-08-05T10:07:06Z,2026-08-06T06:06:09Z,
usgs:av93065389,usgs,sismo,"M 0.3 - 39 km NE of Adak, Alaska",2026-08-05T09:56:16Z,https://earthquake.usgs.gov/earthquakes/eventpage/av93065389,usgs:av93065389,"39 km NE of Adak, Alaska",Alaska,US,0.32,ml,,52.0941666666667,-176.188666666667,6.99,2026-08-06T03:00:39Z,2026-08-06T06:06:09Z,
usgs:aka2026pjslws,usgs,sismo,"M 1.7 - 44 km NW of Skwentna, Alaska",2026-08-05T09:51:54Z,https://earthquake.usgs.gov/earthquakes/eventpage/aka2026pjslws,usgs:aka2026pjslws,"44 km NW of Skwentna, Alaska",Alaska,US,1.7,ml,,62.31,-151.906,5.0,2026-08-05T09:53:21Z,2026-08-06T06:06:09Z,
usgs:ci40666442,usgs,sismo,"M 0.6 - 20 km ESE of Little Lake, CA",2026-08-05T09:45:33Z,https://earthquake.usgs.gov/earthquakes/eventpage/ci40666442,usgs:ci40666442,"20 km ESE of Little Lake, CA",CA,US,0.59,ml,,35.8638333333333,-117.698166666667,9.95,2026-08-05T13:30:02Z,2026-08-06T06:06:09Z,
usgs:us6000ti9q,usgs,sismo,"M 4.4 - 46 km SSW of Sarangani, Philippines",2026-08-05T09:38:20Z,https://earthquake.usgs.gov/earthquakes/eventpage/us6000ti9q,usgs:us6000ti9q,"46 km SSW of Sarangani, Philippines",Philippines,PH,4.4,mb,,5.0358,125.2545,27.957,2026-08-05T10:03:32Z,2026-08-06T06:06:09Z,
usgs:aka2026pjrvqu,usgs,sismo,"M 1.3 - 60 km ENE of Port Alsworth, Alaska",2026-08-05T09:33:03Z,https://earthquake.usgs.gov/earthquakes/eventpage/aka2026pjrvqu,usgs:aka2026pjrvqu,"60 km ENE of Port Alsworth, Alaska",Alaska,US,1.3,ml,,60.478,-153.372,24.4,2026-08-06T02:58:09Z,2026-08-06T06:06:09Z,
usgs:pr71527613,usgs,sismo,"M 3.3 - 62 km NNW of Charlotte Amalie, U.S. Virgin Islands",2026-08-05T09:18:25Z,https://earthquake.usgs.gov/earthquakes/eventpage/pr71527613,usgs:pr71527613,"62 km NNW of Charlotte Amalie, U.S. Virgin Islands",U.S. Virgin Islands,VI,3.34,md,,18.8836666666667,-65.1036666666667,48.24,2026-08-05T10:12:54Z,2026-08-06T06:06:09Z,
usgs:us6000ti9k,usgs,sismo,"M 4.8 - 45 km SSW of Sarangani, Philippines",2026-08-05T09:17:07Z,https://earthquake.usgs.gov/earthquakes/eventpage/us6000ti9k,usgs:us6000ti9k,"45 km SSW of Sarangani, Philippines",Philippines,PH,4.8,mb,,5.0507,125.2544,35.0,2026-08-05T09:55:22Z,2026-08-06T06:06:09Z,
usgs:ci40666434,usgs,sismo,"M 0.9 - 17 km WSW of Johannesburg, CA",2026-08-05T09:10:39Z,https://earthquake.usgs.gov/earthquakes/eventpage/ci40666434,usgs:ci40666434,"17 km WSW of Johannesburg, CA",CA,US,0.85,ml,,35.3143333333333,-117.810166666667,7.9,2026-08-05T13:31:05Z,2026-08-06T06:06:09Z,
usgs:aka2026pjqoyy,usgs,sismo,"M 3.4 - 36 km W of Denali National Park, Alaska",2026-08-05T08:55:20Z,https://earthquake.usgs.gov/earthquakes/eventpage/aka2026pjqoyy,usgs:aka2026pjqoyy,"36 km W of Denali National Park, Alaska",Alaska,US,3.4,ml,,63.553,-152.45,10.4,2026-08-05T15:39:54Z,2026-08-06T06:06:09Z,
usgs:aka2026pjqpiw,usgs,sismo,"M 3.6 - Rat Islands, Aleutian Islands, Alaska",2026-08-05T08:55:00Z,https://earthquake.usgs.gov/earthquakes/eventpage/aka2026pjqpiw,usgs:aka2026pjqpiw,"Rat Islands, Aleutian Islands, Alaska",Alaska,US,3.6,ml,,50.215,178.356,20.0,2026-08-05T15:44:05Z,2026-08-06T06:06:09Z,
usgs:us6000tib4,usgs,sismo,"M 3.3 - Rat Islands, Aleutian Islands, Alaska",2026-08-05T08:54:59Z,https://earthquake.usgs.gov/earthquakes/eventpage/us6000tib4,usgs:us6000tib4,"Rat Islands, Aleutian Islands, Alaska",Alaska,US,3.3,ml,,50.2398,178.4497,10.0,2026-08-06T05:36:10Z,2026-08-06T06:06:09Z,
usgs:av93065394,usgs,sismo,"M 0.2 - 5 km E of Unalaska, Alaska",2026-08-05T08:46:41Z,https://earthquake.usgs.gov/earthquakes/eventpage/av93065394,usgs:av93065394,"5 km E of Unalaska, Alaska",Alaska,US,0.23,ml,,53.8668333333333,-166.458,15.9,2026-08-06T03:05:41Z,2026-08-06T06:06:09Z,
usgs:nc75411677,usgs,sismo,"M 0.7 - 8 km NW of The Geysers, CA",2026-08-05T08:42:47Z,https://earthquake.usgs.gov/earthquakes/eventpage/nc75411677,usgs:nc75411677,"8 km NW of The Geysers, CA",CA,US,0.71,md,,38.8296661376953,-122.813667297363,1.60000002384186,2026-08-05T08:44:26Z,2026-08-06T06:06:09Z,
usgs:nc75411672,usgs,sismo,"M 1.8 - 9 km ESE of Redwood Valley, CA",2026-08-05T08:41:09Z,https://earthquake.usgs.gov/earthquakes/eventpage/nc75411672,usgs:nc75411672,"9 km ESE of Redwood Valley, CA",CA,US,1.79,md,,39.2413330078125,-123.100166320801,5.28999996185303,2026-08-05T08:42:46Z,2026-08-06T06:06:09Z,
usgs:ci40666426,usgs,sismo,"M 0.9 - 14 km N of Borrego Springs, CA",2026-08-05T08:39:34Z,https://earthquake.usgs.gov/earthquakes/eventpage/ci40666426,usgs:ci40666426,"14 km N of Borrego Springs, CA",CA,US,0.89,ml,,33.3823333333333,-116.365166666667,2.45,2026-08-05T14:12:29Z,2026-08-06T06:06:09Z,
usgs:tx2026phdrhp,usgs,sismo,"M 1.6 - 42 km NW of Toyah, Texas",2026-08-05T08:27:20Z,https://earthquake.usgs.gov/earthquakes/eventpage/tx2026phdrhp,usgs:tx2026phdrhp,"42 km NW of Toyah, Texas",Texas,US,1.6,ml,,31.577,-104.116,8.1506,2026-08-05T12:33:11Z,2026-08-06T06:06:09Z,
usgs:nn00922869,usgs,sismo,"M 1.6 - 38 km SE of Mina, Nevada",2026-08-05T08:22:58Z,https://earthquake.usgs.gov/earthquakes/eventpage/nn00922869,usgs:nn00922869,"38 km SE of Mina, Nevada",Nevada,US,1.58,ml,,38.186,-117.7498,9.5483,2026-08-05T20:37:20Z,2026-08-06T06:06:09Z,
usgs:hv75013237,usgs,sismo,"M 1.7 - 14 km S of Fern Forest, Hawaii",2026-08-05T08:22:46Z,https://earthquake.usgs.gov/earthquakes/eventpage/hv75013237,usgs:hv75013237,"14 km S of Fern Forest, Hawaii",Hawaii,US,1.7,ml,,19.3323333333333,-155.113833333333,6.34,2026-08-05T18:29:46Z,2026-08-06T06:06:09Z,
usgs:ci40666418,usgs,sismo,"M 0.6 - 8 km NNW of Banning, CA",2026-08-05T08:14:17Z,https://earthquake.usgs.gov/earthquakes/eventpage/ci40666418,usgs:ci40666418,"8 km NNW of Banning, CA",CA,US,0.62,ml,,33.9906666666667,-116.901333333333,9.38,2026-08-05T13:30:49Z,2026-08-06T06:06:09Z,
usgs:hv75013232,usgs,sismo,"M 2.2 - 2 km NNW of Pāhala, Hawaii",2026-08-05T08:11:37Z,https://earthquake.usgs.gov/earthquakes/eventpage/hv75013232,usgs:hv75013232,"2 km NNW of Pāhala, Hawaii",Hawaii,US,2.24,md,,19.2221660614014,-155.486328125,34.3300018310547,2026-08-05T08:15:10Z,2026-08-06T06:06:09Z,
gdacs:VO:1000145:1,gdacs,volcan,Volcanic eruption is on going for Fuego in Guatemala,2026-08-05T08:09:00Z,https://www.gdacs.org/report.aspx?eventtype=VO&eventid=1000145,gdacs:VO:1000145,Guatemala,Guatemala,GT,0.0,,verde,14.473,-90.88,,2026-08-05T06:09:42Z,2026-08-06T06:06:09Z,
usgs:ci40666410,usgs,sismo,"M 0.9 - 18 km WSW of Johannesburg, CA",2026-08-05T08:04:22Z,https://earthquake.usgs.gov/earthquakes/eventpage/ci40666410,usgs:ci40666410,"18 km WSW of Johannesburg, CA",CA,US,0.91,ml,,35.2978333333333,-117.813166666667,8.7,2026-08-05T13:31:05Z,2026-08-06T06:06:09Z,
usgs:aka2026pjotll,usgs,sismo,"M 1.3 - 64 km E of Denali Park, Alaska",2026-08-05T08:00:34Z,https://earthquake.usgs.gov/earthquakes/eventpage/aka2026pjotll,usgs:aka2026pjotll,"64 km E of Denali Park, Alaska",Alaska,US,1.3,ml,,63.809,-147.626,5.0,2026-08-05T08:01:41Z,2026-08-06T06:06:09Z,
usgs:tx2026phcqoh,usgs,sismo,"M 2.6 - 58 km S of Whites City, New Mexico",2026-08-05T07:56:31Z,https://earthquake.usgs.gov/earthquakes/eventpage/tx2026phcqoh,usgs:tx2026phcqoh,"58 km S of Whites City, New Mexico",New Mexico,US,2.6,ml,,31.648,-104.408,7.2791,2026-08-05T12:25:46Z,2026-08-06T06:06:09Z,
usgs:tx2026phcnzy,usgs,sismo,"M 0.6 - 5 km N of Stanton, Texas",2026-08-05T07:53:20Z,https://earthquake.usgs.gov/earthquakes/eventpage/tx2026phcnzy,usgs:tx2026phcnzy,"5 km N of Stanton, Texas",Texas,US,0.6,ml,,32.176,-101.785,7.7881,2026-08-05T14:45:24Z,2026-08-06T06:06:09Z,
usgs:ci40666394,usgs,sismo,"M 0.7 - 19 km S of Trona, CA",2026-08-05T07:50:42Z,https://earthquake.usgs.gov/earthquakes/eventpage/ci40666394,usgs:ci40666394,"19 km S of Trona, CA",CA,US,0.7,ml,,35.5965,-117.407833333333,5.24,2026-08-05T13:31:09Z,2026-08-06T06:06:09Z,
usgs:ci40666386,usgs,sismo,"M 1.1 - 17 km WSW of Johannesburg, CA",2026-08-05T07:49:32Z,https://earthquake.usgs.gov/earthquakes/eventpage/ci40666386,usgs:ci40666386,"17 km WSW of Johannesburg, CA",CA,US,1.06,ml,,35.3175,-117.8105,7.15,2026-08-05T13:31:21Z,2026-08-06T06:06:09Z,
usgs:us6000ti8i,usgs,sismo,M 6.3 - south of the Kermadec Islands,2026-08-05T07:43:27Z,https://earthquake.usgs.gov/earthquakes/eventpage/us6000ti8i,usgs:us6000ti8i,south of the Kermadec Islands,,,6.3,mww,verde,-33.8063,179.4727,226.084,2026-08-06T07:51:38Z,2026-08-06T06:06:09Z,2026-08-06T17:28:20Z
gdacs:EQ:1556246:1723118,gdacs,sismo,"Green earthquake (Magnitude 6.3M, Depth:226.084km) in South Of Kermadec Islands 05/08/2026 07:43 UTC, [unknown].",2026-08-05T07:43:27Z,https://www.gdacs.org/report.aspx?eventtype=EQ&eventid=1556246,gdacs:EQ:1556246,South Of Kermadec Islands,South Of Kermadec Islands,,6.3,M,verde,-33.8063,179.4727,,2026-08-05T08:04:51Z,2026-08-06T06:06:09Z,
usgs:pr71527598,usgs,sismo,"M 2.0 - 3 km E of La Parguera, Puerto Rico",2026-08-05T07:42:12Z,https://earthquake.usgs.gov/earthquakes/eventpage/pr71527598,usgs:pr71527598,"3 km E of La Parguera, Puerto Rico",Puerto Rico,PR,1.97,md,,17.9781666666667,-67.013,14.0,2026-08-05T10:01:24Z,2026-08-06T06:06:09Z,
usgs:tx2026phcaga,usgs,sismo,"M 1.0 - 59 km NW of Toyah, Texas",2026-08-05T07:37:22Z,https://earthquake.usgs.gov/earthquakes/eventpage/tx2026phcaga,usgs:tx2026phcaga,"59 km NW of Toyah, Texas",Texas,US,1.0,ml,,31.635,-104.301,6.8433,2026-08-05T12:39:25Z,2026-08-06T06:06:09Z,
usgs:tx2026phbzdr,usgs,sismo,"M 1.6 - 11 km ESE of Pearsall, Texas",2026-08-05T07:36:05Z,https://earthquake.usgs.gov/earthquakes/eventpage/tx2026phbzdr,usgs:tx2026phbzdr,"11 km ESE of Pearsall, Texas",Texas,US,1.6,ml,,28.845,-98.991,9.5464,2026-08-05T12:06:43Z,2026-08-06T06:06:09Z,
usgs:aka2026pjnxqt,usgs,sismo,"M 1.1 - 12 km NW of Chignik Lagoon, Alaska",2026-08-05T07:35:26Z,https://earthquake.usgs.gov/earthquakes/eventpage/aka2026pjnxqt,usgs:aka2026pjnxqt,"12 km NW of Chignik Lagoon, Alaska",Alaska,US,1.1,ml,,56.399,-158.644,5.0,2026-08-06T02:53:10Z,2026-08-06T06:06:09Z,
usgs:tx2026phbtto,usgs,sismo,"M 1.7 - 12 km W of Stanton, Texas",2026-08-05T07:29:52Z,https://earthquake.usgs.gov/earthquakes/eventpage/tx2026phbtto,usgs:tx2026phbtto,"12 km W of Stanton, Texas",Texas,US,1.7,ml,,32.107,-101.922,9.2041,2026-08-05T14:04:09Z,2026-08-06T06:06:09Z,
usgs:hv75013202,usgs,sismo,"M 1.9 - 21 km ESE of Naalehu, Hawaii",2026-08-05T07:25:48Z,https://earthquake.usgs.gov/earthquakes/eventpage/hv75013202,usgs:hv75013202,"21 km ESE of Naalehu, Hawaii",Hawaii,US,1.92,md,,18.9734992980957,-155.405502319336,47.4000015258789,2026-08-05T07:29:21Z,2026-08-06T06:06:09Z,
usgs:tx2026phbcoz,usgs,sismo,"M 0.5 - 13 km ENE of Midland, Texas",2026-08-05T07:10:08Z,https://earthquake.usgs.gov/earthquakes/eventpage/tx2026phbcoz,usgs:tx2026phbcoz,"13 km ENE of Midland, Texas",Texas,US,0.5,ml,,32.03,-101.937,8.1299,2026-08-05T15:54:09Z,2026-08-06T06:06:09Z,
usgs:nc75411652,usgs,sismo,"M 1.1 - 2 km N of The Geysers, CA",2026-08-05T07:10:03Z,https://earthquake.usgs.gov/earthquakes/eventpage/nc75411652,usgs:nc75411652,"2 km N of The Geysers, CA",CA,US,1.07,md,,38.7944984436035,-122.759498596191,0.759999990463257,2026-08-05T07:11:40Z,2026-08-06T06:06:09Z,
usgs:nc75411647,usgs,sismo,"M 1.4 - 8 km ESE of Cloverdale, CA",2026-08-05T06:55:58Z,https://earthquake.usgs.gov/earthquakes/eventpage/nc75411647,usgs:nc75411647,"8 km ESE of Cloverdale, CA",CA,US,1.38,md,,38.7706680297852,-122.942337036133,4.23000001907349,2026-08-05T06:57:35Z,2026-08-06T06:06:09Z,
usgs:aka2026pjmjpi,usgs,sismo,"M 1.4 - 25 km ESE of Eagle River, Alaska",2026-08-05T06:49:14Z,https://earthquake.usgs.gov/earthquakes/eventpage/aka2026pjmjpi,usgs:aka2026pjmjpi,"25 km ESE of Eagle River, Alaska",Alaska,US,1.4,ml,,61.209,-149.145,25.2,2026-08-05T06:50:11Z,2026-08-06T06:06:09Z,
usgs:nc75411642,usgs,sismo,"M 1.1 - 8 km ESE of Cloverdale, CA",2026-08-05T06:49:12Z,https://earthquake.usgs.gov/earthquakes/eventpage/nc75411642,usgs:nc75411642,"8 km ESE of Cloverdale, CA",CA,US,1.12,md,,38.7686653137207,-122.941833496094,3.32999992370605,2026-08-05T06:50:51Z,2026-08-06T06:06:09Z,
usgs:nc75411637,usgs,sismo,"M 1.0 - 3 km SSW of Anderson Springs, CA",2026-08-05T06:45:04Z,https://earthquake.usgs.gov/earthquakes/eventpage/nc75411637,usgs:nc75411637,"3 km SSW of Anderson Springs, CA",CA,US,1.0,md,,38.7448348999023,-122.700332641602,1.3400000333786,2026-08-05T06:46:41Z,2026-08-06T06:06:09Z,
usgs:us6000ti85,usgs,sismo,"M 5.2 - Auckland Islands, New Zealand region",2026-08-05T06:44:24Z,https://earthquake.usgs.gov/earthquakes/eventpage/us6000ti85,usgs:us6000ti85,"Auckland Islands, New Zealand region",New Zealand region,NZ,5.2,mb,,-49.5336,164.0845,21.906,2026-08-05T07:09:20Z,2026-08-06T06:06:09Z,
usgs:av93065374,usgs,sismo,"M -0.2 - 43 km NE of Adak, Alaska",2026-08-05T06:36:09Z,https://earthquake.usgs.gov/earthquakes/eventpage/av93065374,usgs:av93065374,"43 km NE of Adak, Alaska",Alaska,US,-0.23,ml,,52.0908333333333,-176.115666666667,-1.78,2026-08-06T08:02:30Z,2026-08-06T17:28:20Z,2026-08-06T17:28:20Z
usgs:nc75411632,usgs,sismo,"M 0.3 - 10 km ENE of Cloverdale, CA",2026-08-05T06:22:56Z,https://earthquake.usgs.gov/earthquakes/eventpage/nc75411632,usgs:nc75411632,"10 km ENE of Cloverdale, CA",CA,US,0.32,md,,38.8278350830078,-122.903831481934,3.41000008583069,2026-08-05T06:24:31Z,2026-08-06T06:06:09Z,
usgs:tx2026pgzliw,usgs,sismo,"M 1.0 - 55 km SSW of Whites City, New Mexico",2026-08-05T06:19:44Z,https://earthquake.usgs.gov/earthquakes/eventpage/tx2026pgzliw,usgs:tx2026pgzliw,"55 km SSW of Whites City, New Mexico",New Mexico,US,1.0,ml,,31.682,-104.499,4.8791,2026-08-05T17:06:21Z,2026-08-06T06:06:09Z,
usgs:ci40666378,usgs,sismo,"M 0.7 - 9 km NNW of Anza, CA",2026-08-05T06:04:24Z,https://earthquake.usgs.gov/earthquakes/eventpage/ci40666378,usgs:ci40666378,"9 km NNW of Anza, CA",CA,US,0.66,ml,,33.6296666666667,-116.709166666667,13.42,2026-08-05T13:32:12Z,2026-08-06T17:28:20Z,2026-08-06T17:28:20Z
usgs:us6000ti80,usgs,sismo,"M 5.1 - 46 km SSW of Sarangani, Philippines",2026-08-05T05:59:21Z,https://earthquake.usgs.gov/earthquakes/eventpage/us6000ti80,usgs:us6000ti80,"46 km SSW of Sarangani, Philippines",Philippines,PH,5.1,mb,,4.9959,125.3774,29.831,2026-08-05T07:28:52Z,2026-08-06T17:28:20Z,2026-08-06T17:28:20Z
usgs:us6000ti7z,usgs,sismo,"M 4.9 - 54 km ESE of Sarangani, Philippines",2026-08-05T05:57:02Z,https://earthquake.usgs.gov/earthquakes/eventpage/us6000ti7z,usgs:us6000ti7z,"54 km ESE of Sarangani, Philippines",Philippines,PH,4.9,mb,,5.1481,125.8812,43.708,2026-08-05T07:34:17Z,2026-08-06T17:28:20Z,2026-08-06T17:28:20Z
usgs:aka2026pjkpyh,usgs,sismo,"M 2.6 - 96 km SE of Atka, Alaska",2026-08-05T05:56:33Z,https://earthquake.usgs.gov/earthquakes/eventpage/aka2026pjkpyh,usgs:aka2026pjkpyh,"96 km SE of Atka, Alaska",Alaska,US,2.6,ml,,51.485,-173.395,20.0,2026-08-05T15:16:03Z,2026-08-06T17:28:20Z,2026-08-06T17:28:20Z
usgs:aka2026pjkpju,usgs,sismo,"M 3.0 - 232 km ESE of Attu Station, Alaska",2026-08-05T05:56:00Z,https://earthquake.usgs.gov/earthquakes/eventpage/aka2026pjkpju,usgs:aka2026pjkpju,"232 km ESE of Attu Station, Alaska",Alaska,US,3.0,ml,,52.409,176.537,26.1,2026-08-05T15:14:05Z,2026-08-06T17:28:20Z,2026-08-06T17:28:20Z
usgs:us6000ti7y,usgs,sismo,"M 4.6 - 84 km ESE of Sarangani, Philippines",2026-08-05T05:53:54Z,https://earthquake.usgs.gov/earthquakes/eventpage/us6000ti7y,usgs:us6000ti7y,"84 km ESE of Sarangani, Philippines",Philippines,PH,4.6,mb,,5.0554,126.1378,35.0,2026-08-05T07:21:59Z,2026-08-06T17:28:20Z,2026-08-06T17:28:20Z
usgs:tx2026pgymlx,usgs,sismo,"M 1.5 - 16 km SE of Pearsall, Texas",2026-08-05T05:50:54Z,https://earthquake.usgs.gov/earthquakes/eventpage/tx2026pgymlx,usgs:tx2026pgymlx,"16 km SE of Pearsall, Texas",Texas,US,1.5,ml,,28.787,-98.978,5.3696,2026-08-05T11:43:56Z,2026-08-06T17:28:20Z,2026-08-06T17:28:20Z
usgs:nn00922853,usgs,sismo,"M 2.7 - 20 km SSW of Silver Peak, Nevada",2026-08-05T05:48:07Z,https://earthquake.usgs.gov/earthquakes/eventpage/nn00922853,usgs:nn00922853,"20 km SSW of Silver Peak, Nevada",Nevada,US,2.73,ml,,37.589,-117.735,5.9729,2026-08-05T16:39:22Z,2026-08-06T17:28:20Z,2026-08-06T17:28:20Z
usgs:av93065364,usgs,sismo,"M 0.6 - 40 km NE of Adak, Alaska",2026-08-05T05:38:55Z,https://earthquake.usgs.gov/earthquakes/eventpage/av93065364,usgs:av93065364,"40 km NE of Adak, Alaska",Alaska,US,0.59,ml,,52.0946666666667,-176.171833333333,4.22,2026-08-06T01:40:35Z,2026-08-06T17:28:20Z,2026-08-06T17:28:20Z
usgs:nc75411617,usgs,sismo,"M 0.8 - 0 km N of The Geysers, CA",2026-08-05T05:38:09Z,https://earthquake.usgs.gov/earthquakes/eventpage/nc75411617,usgs:nc75411617,"0 km N of The Geysers, CA",CA,US,0.82,md,,38.779167175293,-122.756164550781,0.910000026226044,2026-08-05T05:39:46Z,2026-08-06T17:28:20Z,2026-08-06T17:28:20Z
usgs:nc75411612,usgs,sismo,"M 1.0 - 3 km S of Cobb, CA",2026-08-05T05:34:27Z,https://earthquake.usgs.gov/earthquakes/eventpage/nc75411612,usgs:nc75411612,"3 km S of Cobb, CA",CA,US,1.04,md,,38.7986679077148,-122.720832824707,2.80999994277954,2026-08-05T05:36:06Z,2026-08-06T17:28:20Z,2026-08-06T17:28:20Z
usgs:tx2026pgxqad,usgs,sismo,"M 0.5 - 14 km WSW of Stanton, Texas",2026-08-05T05:26:37Z,https://earthquake.usgs.gov/earthquakes/eventpage/tx2026pgxqad,usgs:tx2026pgxqad,"14 km WSW of Stanton, Texas",Texas,US,0.5,ml,,32.101,-101.943,8.4717,2026-08-05T08:29:24Z,2026-08-06T17:28:20Z,2026-08-06T17:28:20Z
usgs:hv75013167,usgs,sismo,"M 2.4 - 18 km SSE of Fern Forest, Hawaii",2026-08-05T05:26:25Z,https://earthquake.usgs.gov/earthquakes/eventpage/hv75013167,usgs:hv75013167,"18 km SSE of Fern Forest, Hawaii",Hawaii,US,2.37,md,,19.3090000152588,-155.078994750977,37.7999992370605,2026-08-05T18:32:03Z,2026-08-06T17:28:20Z,2026-08-06T17:28:20Z
usgs:tx2026pgxixf,usgs,sismo,"M 1.3 - 12 km SE of Pearsall, Texas",2026-08-05T05:16:32Z,https://earthquake.usgs.gov/earthquakes/eventpage/tx2026pgxixf,usgs:tx2026pgxixf,"12 km SE of Pearsall, Texas",Texas,US,1.3,ml,,28.811,-99.008,8.4554,2026-08-05T07:57:41Z,2026-08-06T17:28:20Z,2026-08-06T17:28:20Z
usgs:us6000ti7t,usgs,sismo,"M 4.9 - 45 km SW of Sarangani, Philippines",2026-08-05T05:13:04Z,https://earthquake.usgs.gov/earthquakes/eventpage/us6000ti7t,usgs:us6000ti7t,"45 km SW of Sarangani, Philippines",Philippines,PH,4.9,mb,,5.0859,125.1979,29.668,2026-08-05T05:40:17Z,2026-08-06T17:28:20Z,2026-08-06T17:28:20Z
usgs:nc75411607,usgs,sismo,"M 1.5 - 7 km WSW of Petrolia, CA",2026-08-05T05:12:34Z,https://earthquake.usgs.gov/earthquakes/eventpage/nc75411607,usgs:nc75411607,"7 km WSW of Petrolia, CA",CA,US,1.53,md,,40.2985000610352,-124.357330322266,6.78999996185303,2026-08-05T05:57:22Z,2026-08-06T17:28:20Z,2026-08-06T17:28:20Z
usgs:aka2026pjjbdn,usgs,sismo,"M 1.1 - 17 km SW of North Pole, Alaska",2026-08-05T05:09:31Z,https://earthquake.usgs.gov/earthquakes/eventpage/aka2026pjjbdn,usgs:aka2026pjjbdn,"17 km SW of North Pole, Alaska",Alaska,US,1.1,ml,,64.637,-147.604,13.6,2026-08-05T05:10:31Z,2026-08-06T17:28:20Z,2026-08-06T17:28:20Z
usgs:nc75411592,usgs,sismo,"M 0.9 - 6 km W of Cobb, CA",2026-08-05T04:35:38Z,https://earthquake.usgs.gov/earthquakes/eventpage/nc75411592,usgs:nc75411592,"6 km W of Cobb, CA",CA,US,0.92,md,,38.8276672363281,-122.794830322266,2.20000004768372,2026-08-05T04:37:15Z,2026-08-06T17:28:20Z,2026-08-06T17:28:20Z
usgs:nc75411587,usgs,sismo,"M 1.8 - 8 km W of Cobb, CA",2026-08-05T04:35:18Z,https://earthquake.usgs.gov/earthquakes/eventpage/nc75411587,usgs:nc75411587,"8 km W of Cobb, CA",CA,US,1.77,md,,38.8346672058105,-122.814666748047,1.83000004291534,2026-08-05T05:07:23Z,2026-08-06T17:28:20Z,2026-08-06T17:28:20Z
usgs:us6000ti7f,usgs,sismo,"M 4.8 - 64 km SW of Sarangani, Philippines",2026-08-05T04:34:11Z,https://earthquake.usgs.gov/earthquakes/eventpage/us6000ti7f,usgs:us6000ti7f,"64 km SW of Sarangani, Philippines",Philippines,PH,4.8,mb,,5.0397,125.0047,35.0,2026-08-05T04:48:12Z,2026-08-06T17:28:20Z,2026-08-06T17:28:20Z
usgs:us6000tiax,usgs,sismo,"M 3.1 - 231 km ESE of Attu Station, Alaska",2026-08-05T04:27:54Z,https://earthquake.usgs.gov/earthquakes/eventpage/us6000tiax,usgs:us6000tiax,"231 km ESE of Attu Station, Alaska",Alaska,US,3.1,ml,,52.0569,176.3392,19.181,2026-08-05T21:28:39Z,2026-08-06T17:28:20Z,2026-08-06T17:28:20Z
usgs:us6000ti71,usgs,sismo,"M 5.2 - 31 km S of Sarangani, Philippines",2026-08-05T04:25:04Z,https://earthquake.usgs.gov/earthquakes/eventpage/us6000ti71,usgs:us6000ti71,"31 km S of Sarangani, Philippines",Philippines,PH,5.2,mb,,5.1275,125.412,35.0,2026-08-05T13:53:20Z,2026-08-06T17:28:20Z,2026-08-06T17:28:20Z
usgs:us6000ti6z,usgs,sismo,"M 5.1 - 238 km SSW of Río Grande, Panama",2026-08-05T04:19:21Z,https://earthquake.usgs.gov/earthquakes/eventpage/us6000ti6z,usgs:us6000ti6z,"238 km SSW of Río Grande, Panama",Panama,PA,5.1,mww,,5.8882,-82.4726,10.0,2026-08-05T13:24:14Z,2026-08-06T17:28:20Z,2026-08-06T17:28:20Z
usgs:tx2026pgvjqb,usgs,sismo,"M 2.5 - 58 km S of Whites City, New Mexico",2026-08-05T04:17:04Z,https://earthquake.usgs.gov/earthquakes/eventpage/tx2026pgvjqb,usgs:tx2026pgvjqb,"58 km S of Whites City, New Mexico",New Mexico,US,2.5,ml,,31.644,-104.379,6.0999,2026-08-05T05:15:16Z,2026-08-06T17:28:20Z,2026-08-06T17:28:20Z
usgs:us6000ti6x,usgs,sismo,"M 6.3 - 32 km SW of Sarangani, Philippines",2026-08-05T04:14:06Z,https://earthquake.usgs.gov/earthquakes/eventpage/us6000ti6x,usgs:us6000ti6x,"32 km SW of Sarangani, Philippines",Philippines,PH,6.3,mww,verde,5.1812,125.276,10.0,2026-08-06T07:03:21Z,2026-08-06T17:28:20Z,2026-08-06T17:28:20Z
gdacs:EQ:1556215:1723078,gdacs,sismo,"Orange earthquake (Magnitude 6.3M, Depth:10km) in Philippines 05/08/2026 04:14 UTC, 10 thousand (in MMI>=VII).",2026-08-05T04:14:06Z,https://www.gdacs.org/report.aspx?eventtype=EQ&eventid=1556215,gdacs:EQ:1556215,Philippines,Philippines,PH,6.3,M,naranja,5.1812,125.276,,2026-08-05T04:30:21Z,2026-08-06T06:06:09Z,
usgs:ci40666370,usgs,sismo,"M 1.2 - 19 km ENE of Coachella, CA",2026-08-05T04:12:23Z,https://earthquake.usgs.gov/earthquakes/eventpage/ci40666370,usgs:ci40666370,"19 km ENE of Coachella, CA",CA,US,1.22,ml,,33.7683333333333,-115.998333333333,1.1,2026-08-05T15:21:44Z,2026-08-06T17:28:20Z,2026-08-06T17:28:20Z
usgs:nc75411582,usgs,sismo,"M 1.8 - 22 km NE of San Ardo, CA",2026-08-05T04:10:19Z,https://earthquake.usgs.gov/earthquakes/eventpage/nc75411582,usgs:nc75411582,"22 km NE of San Ardo, CA",CA,US,1.76,md,,36.1656684875488,-120.741333007812,7.19999980926514,2026-08-05T04:42:20Z,2026-08-06T17:28:20Z,2026-08-06T17:28:20Z
usgs:nn00922841,usgs,sismo,"M 1.5 - 45 km E of Tonopah, Nevada",2026-08-05T03:59:06Z,https://earthquake.usgs.gov/earthquakes/eventpage/nn00922841,usgs:nn00922841,"45 km E of Tonopah, Nevada",Nevada,US,1.53,ml,,38.1176,-116.7107,5.1958,2026-08-05T18:18:08Z,2026-08-06T17:28:20Z,2026-08-06T17:28:20Z
usgs:uu80147116,usgs,sismo,"M 1.7 - 10 km N of New Harmony, Utah",2026-08-05T03:44:29Z,https://earthquake.usgs.gov/earthquakes/eventpage/uu80147116,usgs:uu80147116,"10 km N of New Harmony, Utah",Utah,US,1.72,ml,,37.5756666666667,-113.323166666667,10.09,2026-08-05T13:34:04Z,2026-08-06T17:28:20Z,2026-08-06T17:28:20Z
usgs:us6000ti6l,usgs,sismo,"M 4.1 - 26 km W of San Jose De Sisa, Peru",2026-08-05T03:40:42Z,https://earthquake.usgs.gov/earthquakes/eventpage/us6000ti6l,usgs:us6000ti6l,"26 km W of San Jose De Sisa, Peru",Peru,PE,4.1,mb,,-6.6463,-76.9303,10.0,2026-08-05T21:41:05Z,2026-08-06T17:28:20Z,2026-08-06T17:28:20Z
usgs:uu80147111,usgs,sismo,"M 2.8 - 9 km N of New Harmony, Utah",2026-08-05T03:21:16Z,https://earthquake.usgs.gov/earthquakes/eventpage/uu80147111,usgs:uu80147111,"9 km N of New Harmony, Utah",Utah,US,2.78,ml,,37.5683333333333,-113.324666666667,11.04,2026-08-05T21:33:59Z,2026-08-06T17:28:20Z,2026-08-06T17:28:20Z
usgs:us6000ti6f,usgs,sismo,M 4.9 - Banda Sea,2026-08-05T03:16:07Z,https://earthquake.usgs.gov/earthquakes/eventpage/us6000ti6f,usgs:us6000ti6f,Banda Sea,,,4.9,mb,,-6.4991,128.9345,234.999,2026-08-05T03:30:46Z,2026-08-06T17:28:20Z,2026-08-06T17:28:20Z
usgs:uw714071771,usgs,sismo,"M 0.9 - 17 km S of Morton, Washington",2026-08-05T03:14:20Z,https://earthquake.usgs.gov/earthquakes/eventpage/uw714071771,usgs:uw714071771,"17 km S of Morton, Washington",Washington,US,0.89,ml,,46.3985,-122.274333333333,17.45,2026-08-05T17:37:04Z,2026-08-06T17:28:20Z,2026-08-06T17:28:20Z
usgs:uu80147106,usgs,sismo,"M 1.2 - 9 km N of New Harmony, Utah",2026-08-05T03:13:25Z,https://earthquake.usgs.gov/earthquakes/eventpage/uu80147106,usgs:uu80147106,"9 km N of New Harmony, Utah",Utah,US,1.24,ml,,37.5676666666667,-113.324166666667,0.14,2026-08-05T13:28:04Z,2026-08-06T17:28:20Z,2026-08-06T17:28:20Z
usgs:ci40666354,usgs,sismo,"M 1.1 - 7 km N of Fontana, CA",2026-08-05T03:08:54Z,https://earthquake.usgs.gov/earthquakes/eventpage/ci40666354,usgs:ci40666354,"7 km N of Fontana, CA",CA,US,1.14,ml,,34.1591666666667,-117.468,6.99,2026-08-05T13:33:18Z,2026-08-06T17:28:20Z,2026-08-06T17:28:20Z
usgs:ci40666346,usgs,sismo,"M 0.7 - 15 km ENE of Ridgecrest, CA",2026-08-05T02:56:11Z,https://earthquake.usgs.gov/earthquakes/eventpage/ci40666346,usgs:ci40666346,"15 km ENE of Ridgecrest, CA",CA,US,0.66,ml,,35.6753333333333,-117.526,4.89,2026-08-05T13:32:24Z,2026-08-06T17:28:20Z,2026-08-06T17:28:20Z
usgs:nc75411557,usgs,sismo,"M 0.8 - 7 km WNW of The Geysers, CA",2026-08-05T02:54:39Z,https://earthquake.usgs.gov/earthquakes/eventpage/nc75411557,usgs:nc75411557,"7 km WNW of The Geysers, CA",CA,US,0.75,md,,38.8064994812012,-122.822334289551,3.25999999046326,2026-08-05T02:56:16Z,2026-08-06T17:28:20Z,2026-08-06T17:28:20Z
usgs:us6000ti6d,usgs,sismo,"M 4.6 - 36 km ESE of Severo-Kuril’sk, Russia",2026-08-05T02:46:55Z,https://earthquake.usgs.gov/earthquakes/eventpage/us6000ti6d,usgs:us6000ti6d,"36 km ESE of Severo-Kuril’sk, Russia",Russia,RU,4.6,mb,,50.4973,156.568,73.257,2026-08-05T03:07:34Z,2026-08-06T17:28:20Z,2026-08-06T17:28:20Z
usgs:nn00922828,usgs,sismo,"M 2.3 - 18 km NNW of Indian Springs, Nevada",2026-08-05T02:40:09Z,https://earthquake.usgs.gov/earthquakes/eventpage/nn00922828,usgs:nn00922828,"18 km NNW of Indian Springs, Nevada",Nevada,US,2.25,ml,,36.7177,-115.7581,4.161,2026-08-05T17:02:31Z,2026-08-06T17:28:20Z,2026-08-06T17:28:20Z
usgs:av94359223,usgs,sismo,"M 1.0 - 149 km W of Adak, Alaska",2026-08-05T02:37:22Z,https://earthquake.usgs.gov/earthquakes/eventpage/av94359223,usgs:av94359223,"149 km W of Adak, Alaska",Alaska,US,0.95,ml,,51.8218333333333,-178.8075,9.84,2026-08-05T19:19:38Z,2026-08-06T17:28:20Z,2026-08-06T17:28:20Z
usgs:ok2026pevq,usgs,sismo,"M 1.0 - 5 km N of Stroud, Oklahoma",2026-08-05T02:30:58Z,https://earthquake.usgs.gov/earthquakes/eventpage/ok2026pevq,usgs:ok2026pevq,"5 km N of Stroud, Oklahoma",Oklahoma,US,0.99,ml,,35.80116667,-96.65816667,7.43,2026-08-06T12:52:08Z,2026-08-06T17:28:20Z,2026-08-06T17:28:20Z
usgs:nc75411547,usgs,sismo,"M 1.4 - 8 km ESE of Cloverdale, CA",2026-08-05T02:29:51Z,https://earthquake.usgs.gov/earthquakes/eventpage/nc75411547,usgs:nc75411547,"8 km ESE of Cloverdale, CA",CA,US,1.37,md,,38.7733345031738,-122.94083404541,6.71000003814697,2026-08-05T02:47:22Z,2026-08-06T17:28:20Z,2026-08-06T17:28:20Z
usgs:tx2026pgrnwl,usgs,sismo,"M 0.3 - 34 km WSW of Ackerly, Texas",2026-08-05T02:21:23Z,https://earthquake.usgs.gov/earthquakes/eventpage/tx2026pgrnwl,usgs:tx2026pgrnwl,"34 km WSW of Ackerly, Texas",Texas,US,0.3,ml,,32.419,-102.058,8.1543,2026-08-05T08:40:14Z,2026-08-06T17:28:20Z,2026-08-06T17:28:20Z
usgs:nc75411537,usgs,sismo,"M 2.2 - 18 km ENE of Willow Creek, CA",2026-08-05T02:08:05Z,https://earthquake.usgs.gov/earthquakes/eventpage/nc75411537,usgs:nc75411537,"18 km ENE of Willow Creek, CA",CA,US,2.2,md,,40.9988327026367,-123.425498962402,24.9599990844727,2026-08-05T02:52:21Z,2026-08-06T17:28:20Z,2026-08-06T17:28:20Z
usgs:nc75411532,usgs,sismo,"M 1.4 - 8 km NNE of Cloverdale, CA",2026-08-05T02:05:17Z,https://earthquake.usgs.gov/earthquakes/eventpage/nc75411532,usgs:nc75411532,"8 km NNE of Cloverdale, CA",CA,US,1.35,md,,38.8754997253418,-122.983833312988,3.82999992370605,2026-08-05T02:37:20Z,2026-08-06T17:28:20Z,2026-08-06T17:28:20Z
usgs:tx2026pgqytb,usgs,sismo,"M 1.4 - 15 km ENE of Garden City, Texas",2026-08-05T02:03:44Z,https://earthquake.usgs.gov/earthquakes/eventpage/tx2026pgqytb,usgs:tx2026pgqytb,"15 km ENE of Garden City, Texas",Texas,US,1.4,ml,,31.914,-101.324,3.7842,2026-08-05T07:46:10Z,2026-08-06T17:28:20Z,2026-08-06T17:28:20Z
usgs:nc75411522,usgs,sismo,"M 1.0 - 13 km NNE of Yountville, CA",2026-08-05T01:50:50Z,https://earthquake.usgs.gov/earthquakes/eventpage/nc75411522,usgs:nc75411522,"13 km NNE of Yountville, CA",CA,US,1.03,md,,38.5078315734863,-122.297332763672,5.09000015258789,2026-08-05T01:52:26Z,2026-08-06T17:28:20Z,2026-08-06T17:28:20Z
usgs:uu80007808,usgs,sismo,"M 0.7 - 71 km E of Montello, Nevada",2026-08-05T01:40:56Z,https://earthquake.usgs.gov/earthquakes/eventpage/uu80007808,usgs:uu80007808,"71 km E of Montello, Nevada",Nevada,US,0.68,md,,41.3773333333333,-113.356833333333,11.33,2026-08-05T15:26:05Z,2026-08-06T17:28:20Z,2026-08-06T17:28:20Z
usgs:nn00922819,usgs,sismo,"M 3.3 - 22 km NNE of Yerington, Nevada",2026-08-05T01:36:00Z,https://earthquake.usgs.gov/earthquakes/eventpage/nn00922819,usgs:nn00922819,"22 km NNE of Yerington, Nevada",Nevada,US,3.29,mwr,,39.1661,-119.0366,3.0,2026-08-06T01:41:13Z,2026-08-06T17:28:20Z,2026-08-06T17:28:20Z
usgs:aka2026pjbxfh,usgs,sismo,"M 2.2 - 107 km SSE of King Cove, Alaska",2026-08-05T01:35:06Z,https://earthquake.usgs.gov/earthquakes/eventpage/aka2026pjbxfh,usgs:aka2026pjbxfh,"107 km SSE of King Cove, Alaska",Alaska,US,2.2,ml,,54.244,-161.429,5.3,2026-08-05T03:52:59Z,2026-08-06T17:28:20Z,2026-08-06T17:28:20Z
usgs:uu80147091,usgs,sismo,"M 1.2 - 15 km WNW of Orangeville, Utah",2026-08-05T01:17:54Z,https://earthquake.usgs.gov/earthquakes/eventpage/uu80147091,usgs:uu80147091,"15 km WNW of Orangeville, Utah",Utah,US,1.21,ml,,39.2938333333333,-111.2075,-2.31,2026-08-05T13:14:40Z,2026-08-06T17:28:20Z,2026-08-06T17:28:20Z
usgs:av94359078,usgs,sismo,"M 0.6 - 151 km W of Adak, Alaska",2026-08-05T01:11:20Z,https://earthquake.usgs.gov/earthquakes/eventpage/av94359078,usgs:av94359078,"151 km W of Adak, Alaska",Alaska,US,0.6,ml,,51.7861666666667,-178.828666666667,12.09,2026-08-05T19:10:37Z,2026-08-06T17:28:20Z,2026-08-06T17:28:20Z
usgs:nc75411507,usgs,sismo,"M 1.5 - 31 km NNW of Covelo, CA",2026-08-05T01:09:42Z,https://earthquake.usgs.gov/earthquakes/eventpage/nc75411507,usgs:nc75411507,"31 km NNW of Covelo, CA",CA,US,1.46,md,,40.0221672058105,-123.447166442871,9.94999980926514,2026-08-05T01:57:20Z,2026-08-06T17:28:20Z,2026-08-06T17:28:20Z
usgs:pr2026217000,usgs,sismo,"M 3.7 - 135 km N of Charlotte Amalie, U.S. Virgin Islands",2026-08-05T01:03:55Z,https://earthquake.usgs.gov/earthquakes/eventpage/pr2026217000,usgs:pr2026217000,"135 km N of Charlotte Amalie, U.S. Virgin Islands",U.S. Virgin Islands,VI,3.67,md,,19.5603,-64.7715,30.0,2026-08-05T01:53:37Z,2026-08-06T17:28:20Z,2026-08-06T17:28:20Z
usgs:nc75411497,usgs,sismo,"M 1.1 - 7 km SE of Cloverdale, CA",2026-08-05T00:48:49Z,https://earthquake.usgs.gov/earthquakes/eventpage/nc75411497,usgs:nc75411497,"7 km SE of Cloverdale, CA",CA,US,1.11,md,,38.7708320617676,-122.951164245605,5.30000019073486,2026-08-05T01:32:20Z,2026-08-06T17:28:20Z,2026-08-06T17:28:20Z
usgs:uu80147086,usgs,sismo,"M 0.5 - 11 km ESE of Snowville, Utah",2026-08-05T00:47:30Z,https://earthquake.usgs.gov/earthquakes/eventpage/uu80147086,usgs:uu80147086,"11 km ESE of Snowville, Utah",Utah,US,0.52,md,,41.9171666666667,-112.581333333333,5.74,2026-08-05T13:09:09Z,2026-08-06T17:28:20Z,2026-08-06T17:28:20Z
usgs:aka2026pizsvc,usgs,sismo,"M 2.0 - 86 km WSW of Atka, Alaska",2026-08-05T00:30:03Z,https://earthquake.usgs.gov/earthquakes/eventpage/aka2026pizsvc,usgs:aka2026pizsvc,"86 km WSW of Atka, Alaska",Alaska,US,2.0,ml,,51.942,-175.386,11.5,2026-08-05T03:50:56Z,2026-08-06T17:28:20Z,2026-08-06T17:28:20Z
usgs:tx2026pgntqo,usgs,sismo,"M 1.5 - 12 km W of Stanton, Texas",2026-08-05T00:27:26Z,https://earthquake.usgs.gov/earthquakes/eventpage/tx2026pgntqo,usgs:tx2026pgntqo,"12 km W of Stanton, Texas",Texas,US,1.5,ml,,32.119,-101.921,8.7402,2026-08-05T08:16:34Z,2026-08-06T17:28:20Z,2026-08-06T17:28:20Z
usgs:nc75411492,usgs,sismo,"M 4.0 - 31 km NNW of Covelo, CA",2026-08-05T00:25:25Z,https://earthquake.usgs.gov/earthquakes/eventpage/nc75411492,usgs:nc75411492,"31 km NNW of Covelo, CA",CA,US,3.99,mw,verde,40.0265,-123.4445,7.87,2026-08-06T00:54:35Z,2026-08-06T17:28:20Z,2026-08-06T17:28:20Z
usgs:us6000ti5w,usgs,sismo,"M 4.2 - 12 km WNW of Gerāsh, Iran",2026-08-05T00:25:03Z,https://earthquake.usgs.gov/earthquakes/eventpage/us6000ti5w,usgs:us6000ti5w,"12 km WNW of Gerāsh, Iran",Iran,IR,4.2,mb,,27.7003,54.0126,10.0,2026-08-05T02:43:46Z,2026-08-06T17:28:20Z,2026-08-06T17:28:20Z
usgs:nc75411487,usgs,sismo,"M 0.5 - 15 km SE of Mammoth Lakes, CA",2026-08-05T00:19:12Z,https://earthquake.usgs.gov/earthquakes/eventpage/nc75411487,usgs:nc75411487,"15 km SE of Mammoth Lakes, CA",CA,US,0.5,md,,37.5311666666667,-118.878833333333,5.1,2026-08-05T06:25:15Z,2026-08-06T17:28:20Z,2026-08-06T17:28:20Z
usgs:nc75411482,usgs,sismo,"M 0.7 - 10 km NW of The Geysers, CA",2026-08-05T00:12:20Z,https://earthquake.usgs.gov/earthquakes/eventpage/nc75411482,usgs:nc75411482,"10 km NW of The Geysers, CA",CA,US,0.71,md,,38.837833404541,-122.835334777832,1.6599999666214,2026-08-05T00:13:56Z,2026-08-06T17:28:20Z,2026-08-06T17:28:20Z
usgs:us6000ti5u,usgs,sismo,"M 4.8 - 55 km WSW of Monywa, Burma (Myanmar)",2026-08-05T00:11:57Z,https://earthquake.usgs.gov/earthquakes/eventpage/us6000ti5u,usgs:us6000ti5u,"55 km WSW of Monywa, Burma (Myanmar)",Burma (Myanmar),,4.8,mb,,21.9032,94.6478,103.392,2026-08-05T04:07:18Z,2026-08-06T17:28:20Z,2026-08-06T17:28:20Z
usgs:aka2026piyzhh,usgs,sismo,"M 3.3 - 45 km E of Savoonga, Alaska",2026-08-05T00:05:51Z,https://earthquake.usgs.gov/earthquakes/eventpage/aka2026piyzhh,usgs:aka2026piyzhh,"45 km E of Savoonga, Alaska",Alaska,US,3.3,ml,,63.745,-169.571,10.0,2026-08-05T03:48:14Z,2026-08-06T17:28:20Z,2026-08-06T17:28:20Z
usgs:uw714071681,usgs,otro,"M 1.7 Explosion - 9 km SE of Enumclaw, Washington",2026-08-05T00:04:01Z,https://earthquake.usgs.gov/earthquakes/eventpage/uw714071681,usgs:uw714071681,"9 km SE of Enumclaw, Washington",Washington,US,1.65588641166687,ml,,47.1578333333333,-121.892166666667,-0.62,2026-08-05T17:08:31Z,2026-08-06T17:28:20Z,2026-08-06T17:28:20Z
usgs:uw714071691,usgs,sismo,"M 1.1 - 0 km NE of Tukwila, Washington",2026-08-05T00:02:30Z,https://earthquake.usgs.gov/earthquakes/eventpage/uw714071691,usgs:uw714071691,"0 km NE of Tukwila, Washington",Washington,US,1.12,ml,,47.4788333333333,-122.2505,15.73,2026-08-05T15:39:40Z,2026-08-06T17:28:20Z,2026-08-06T17:28:20Z
gdacs:WF:1030139:2,gdacs,incendio,Green forest fire notification in Australia,2026-08-05T00:00:00Z,https://www.gdacs.org/report.aspx?eventtype=WF&eventid=1030139,gdacs:WF:1030139,Australia,Australia,AU,6627.0,ha,verde,-19.124976709370483,123.12488982833308,,2026-08-06T11:01:19Z,2026-08-06T17:28:20Z,2026-08-06T17:28:20Z
gdacs:WF:1030139:1,gdacs,incendio,Green forest fire notification in Australia,2026-08-05T00:00:00Z,https://www.gdacs.org/report.aspx?eventtype=WF&eventid=1030139,gdacs:WF:1030139,Australia,Australia,AU,6568.0,ha,verde,-19.124851642943984,123.12547815885473,,2026-08-06T11:01:19Z,2026-08-06T11:34:43Z,
gdacs:WF:1030138:2,gdacs,incendio,Green forest fire notification in Russian Federation,2026-08-05T00:00:00Z,https://www.gdacs.org/report.aspx?eventtype=WF&eventid=1030138,gdacs:WF:1030138,Russian Federation,Russian Federation,RU,6284.0,ha,verde,68.65606760093144,109.35653667824428,,2026-08-06T11:01:08Z,2026-08-06T17:28:20Z,2026-08-06T17:28:20Z
gdacs:WF:1030138:1,gdacs,incendio,Green forest fire notification in Russian Federation,2026-08-05T00:00:00Z,https://www.gdacs.org/report.aspx?eventtype=WF&eventid=1030138,gdacs:WF:1030138,Russian Federation,Russian Federation,RU,5835.0,ha,verde,68.65491861115659,109.35684153065617,,2026-08-06T11:01:08Z,2026-08-06T11:34:43Z,
gdacs:WF:1030137:2,gdacs,incendio,Green forest fire notification in Russian Federation,2026-08-05T00:00:00Z,https://www.gdacs.org/report.aspx?eventtype=WF&eventid=1030137,gdacs:WF:1030137,Russian Federation,Russian Federation,RU,5547.0,ha,verde,68.77941887094707,107.77556705605507,,2026-08-06T11:00:58Z,2026-08-06T17:28:20Z,2026-08-06T17:28:20Z
gdacs:WF:1030137:1,gdacs,incendio,Green forest fire notification in Russian Federation,2026-08-05T00:00:00Z,https://www.gdacs.org/report.aspx?eventtype=WF&eventid=1030137,gdacs:WF:1030137,Russian Federation,Russian Federation,RU,5227.0,ha,verde,68.77844512364476,107.7756061582813,,2026-08-06T11:00:58Z,2026-08-06T11:34:43Z,
gdacs:WF:1030136:1,gdacs,incendio,Green forest fire notification in Australia,2026-08-05T00:00:00Z,https://www.gdacs.org/report.aspx?eventtype=WF&eventid=1030136,gdacs:WF:1030136,Australia,Australia,AU,6839.0,ha,verde,-19.59570537499194,138.37490913973218,,2026-08-06T15:01:01Z,2026-08-06T11:34:43Z,2026-08-06T17:28:20Z
gdacs:WF:1030135:1,gdacs,incendio,Green forest fire notification in Australia,2026-08-05T00:00:00Z,https://www.gdacs.org/report.aspx?eventtype=WF&eventid=1030135,gdacs:WF:1030135,Australia,Australia,AU,6265.0,ha,verde,-20.967004539077603,130.90174533671632,,2026-08-06T15:00:41Z,2026-08-06T11:34:43Z,2026-08-06T17:28:20Z
gdacs:WF:1030134:1,gdacs,incendio,Green forest fire notification in Australia,2026-08-05T00:00:00Z,https://www.gdacs.org/report.aspx?eventtype=WF&eventid=1030134,gdacs:WF:1030134,Australia,Australia,AU,6902.0,ha,verde,-20.91189197221341,130.72398786999784,,2026-08-06T15:01:13Z,2026-08-06T11:34:43Z,2026-08-06T17:28:20Z
usgs:tx2026pgmnlq,usgs,sismo,"M 1.7 - 58 km S of Whites City, New Mexico",2026-08-04T23:52:09Z,https://earthquake.usgs.gov/earthquakes/eventpage/tx2026pgmnlq,usgs:tx2026pgmnlq,"58 km S of Whites City, New Mexico",New Mexico,US,1.7,ml,,31.658,-104.285,7.9456,2026-08-05T11:27:06Z,2026-08-06T17:28:20Z,2026-08-06T17:28:20Z
usgs:aka2026piyfmd,usgs,sismo,"M 1.4 - 40 km WNW of Central, Alaska",2026-08-04T23:44:40Z,https://earthquake.usgs.gov/earthquakes/eventpage/aka2026piyfmd,usgs:aka2026piyfmd,"40 km WNW of Central, Alaska",Alaska,US,1.4,ml,,65.67,-145.659,5.3,2026-08-04T23:46:02Z,2026-08-06T17:28:20Z,2026-08-06T17:28:20Z
usgs:uw714071671,usgs,sismo,"M 1.3 - 5 km SE of Quilcene, Washington",2026-08-04T23:38:31Z,https://earthquake.usgs.gov/earthquakes/eventpage/uw714071671,usgs:uw714071671,"5 km SE of Quilcene, Washington",Washington,US,1.3,ml,,47.7838333333333,-122.837333333333,18.65,2026-08-05T17:02:32Z,2026-08-06T17:28:20Z,2026-08-06T17:28:20Z
usgs:aka2026pixzjv,usgs,sismo,"M 1.8 - 69 km E of Denali Park, Alaska",2026-08-04T23:37:38Z,https://earthquake.usgs.gov/earthquakes/eventpage/aka2026pixzjv,usgs:aka2026pixzjv,"69 km E of Denali Park, Alaska",Alaska,US,1.8,ml,,63.636,-147.522,1.4,2026-08-04T23:38:52Z,2026-08-06T17:28:20Z,2026-08-06T17:28:20Z
usgs:nc75411477,usgs,sismo,"M 1.5 - 6 km NW of The Geysers, CA",2026-08-04T23:34:30Z,https://earthquake.usgs.gov/earthquakes/eventpage/nc75411477,usgs:nc75411477,"6 km NW of The Geysers, CA",CA,US,1.52,md,,38.820499420166,-122.798500061035,3.28999996185303,2026-08-04T23:36:05Z,2026-08-06T17:28:20Z,2026-08-06T17:28:20Z
usgs:av94358958,usgs,sismo,"M 2.1 - 59 km W of Nikolski, Alaska",2026-08-04T23:32:54Z,https://earthquake.usgs.gov/earthquakes/eventpage/av94358958,usgs:av94358958,"59 km W of Nikolski, Alaska",Alaska,US,2.1,ml,,52.8835,-169.7415,1.65,2026-08-05T01:43:48Z,2026-08-06T17:28:20Z,2026-08-06T17:28:20Z
usgs:aka2026pixvfz,usgs,sismo,"M 2.4 - 19 km E of Ferry, Alaska",2026-08-04T23:32:53Z,https://earthquake.usgs.gov/earthquakes/eventpage/aka2026pixvfz,usgs:aka2026pixvfz,"19 km E of Ferry, Alaska",Alaska,US,2.4,ml,,64.051,-148.721,5.0,2026-08-04T23:35:52Z,2026-08-06T17:28:20Z,2026-08-06T17:28:20Z
usgs:ci40666314,usgs,otro,"M 1.2 Quarry Blast - 5 km NNW of Boron, CA",2026-08-04T23:16:10Z,https://earthquake.usgs.gov/earthquakes/eventpage/ci40666314,usgs:ci40666314,"5 km NNW of Boron, CA",CA,US,1.24,ml,,35.041,-117.665833333333,-0.79,2026-08-05T15:06:48Z,2026-08-06T17:28:20Z,2026-08-06T17:28:20Z
usgs:us6000ti5m,usgs,sismo,M 4.6 - South Sandwich Islands region,2026-08-04T23:08:00Z,https://earthquake.usgs.gov/earthquakes/eventpage/us6000ti5m,usgs:us6000ti5m,South Sandwich Islands region,,,4.6,mb,,-55.7454,-26.7928,10.0,2026-08-05T01:57:37Z,2026-08-06T17:28:20Z,2026-08-06T17:28:20Z
usgs:pr71527578,usgs,sismo,"M 2.2 - 1 km SSW of Guánica, Puerto Rico",2026-08-04T23:07:38Z,https://earthquake.usgs.gov/earthquakes/eventpage/pr71527578,usgs:pr71527578,"1 km SSW of Guánica, Puerto Rico",Puerto Rico,PR,2.17,md,,17.9563333333333,-66.9133333333333,14.83,2026-08-04T23:18:51Z,2026-08-06T17:28:20Z,2026-08-06T17:28:20Z
usgs:nc75411462,usgs,sismo,"M 1.2 - 7 km ESE of Cloverdale, CA",2026-08-04T23:06:10Z,https://earthquake.usgs.gov/earthquakes/eventpage/nc75411462,usgs:nc75411462,"7 km ESE of Cloverdale, CA",CA,US,1.23,md,,38.7701683044434,-122.948501586914,3.97000002861023,2026-08-04T23:22:22Z,2026-08-06T17:28:20Z,2026-08-06T17:28:20Z
usgs:pr71527568,usgs,sismo,"M 2.1 - 7 km SSE of Maria Antonia, Puerto Rico",2026-08-04T23:04:24Z,https://earthquake.usgs.gov/earthquakes/eventpage/pr71527568,usgs:pr71527568,"7 km SSE of Maria Antonia, Puerto Rico",Puerto Rico,PR,2.05,md,,17.9205,-66.8541666666667,14.59,2026-08-04T23:13:46Z,2026-08-06T17:28:20Z,2026-08-06T17:28:20Z
usgs:aka2026piwirv,usgs,sismo,"M 2.7 - 61 km SSW of Pelican, Alaska",2026-08-04T22:48:51Z,https://earthquake.usgs.gov/earthquakes/eventpage/aka2026piwirv,usgs:aka2026piwirv,"61 km SSW of Pelican, Alaska",Alaska,US,2.7,ml,,57.468,-136.701,24.1,2026-08-04T22:50:37Z,2026-08-06T17:28:20Z,2026-08-06T17:28:20Z
usgs:nc75411452,usgs,sismo,"M 1.5 - 8 km ESE of Cloverdale, CA",2026-08-04T22:47:42Z,https://earthquake.usgs.gov/earthquakes/eventpage/nc75411452,usgs:nc75411452,"8 km ESE of Cloverdale, CA",CA,US,1.47,md,,38.776668548584,-122.934669494629,4.57999992370605,2026-08-04T23:47:26Z,2026-08-06T17:28:20Z,2026-08-06T17:28:20Z
usgs:nc75411447,usgs,sismo,"M 1.8 - 16 km E of New Idria, CA",2026-08-04T22:43:58Z,https://earthquake.usgs.gov/earthquakes/eventpage/nc75411447,usgs:nc75411447,"16 km E of New Idria, CA",CA,US,1.78,md,,36.4041666666667,-120.496,12.94,2026-08-05T06:33:52Z,2026-08-06T17:28:20Z,2026-08-06T17:28:20Z
usgs:nc75411442,usgs,sismo,"M 1.8 - 8 km ESE of Cloverdale, CA",2026-08-04T22:41:03Z,https://earthquake.usgs.gov/earthquakes/eventpage/nc75411442,usgs:nc75411442,"8 km ESE of Cloverdale, CA",CA,US,1.8,md,,38.7756652832031,-122.935165405273,5.01999998092651,2026-08-04T23:07:20Z,2026-08-06T17:28:20Z,2026-08-06T17:28:20Z
usgs:ok2026penz,usgs,sismo,"M 1.1 - 5 km N of Stroud, Oklahoma",2026-08-04T22:38:53Z,https://earthquake.usgs.gov/earthquakes/eventpage/ok2026penz,usgs:ok2026penz,"5 km N of Stroud, Oklahoma",Oklahoma,US,1.11,ml,,35.79866667,-96.654,7.59,2026-08-05T17:24:36Z,2026-08-06T17:28:20Z,2026-08-06T17:28:20Z
usgs:av94358888,usgs,sismo,"M -0.7 - 62 km ENE of Pedro Bay, Alaska",2026-08-04T22:36:23Z,https://earthquake.usgs.gov/earthquakes/eventpage/av94358888,usgs:av94358888,"62 km ENE of Pedro Bay, Alaska",Alaska,US,-0.71,ml,,60.0051666666667,-153.071833333333,0.44,2026-08-05T01:39:48Z,2026-08-06T17:28:20Z,2026-08-06T17:28:20Z
usgs:pr71527553,usgs,sismo,"M 1.9 - 1 km SW of Guánica, Puerto Rico",2026-08-04T22:27:54Z,https://earthquake.usgs.gov/earthquakes/eventpage/pr71527553,usgs:pr71527553,"1 km SW of Guánica, Puerto Rico",Puerto Rico,PR,1.93,md,,17.9591666666667,-66.9173333333333,15.03,2026-08-04T22:39:09Z,2026-08-06T17:28:20Z,2026-08-06T17:28:20Z
usgs:aka2026pivkin,usgs,sismo,"M 1.8 - 40 km NW of Mentasta Lake, Alaska",2026-08-04T22:20:19Z,https://earthquake.usgs.gov/earthquakes/eventpage/aka2026pivkin,usgs:aka2026pivkin,"40 km NW of Mentasta Lake, Alaska",Alaska,US,1.8,ml,,63.214,-144.251,1.5,2026-08-04T22:35:05Z,2026-08-06T17:28:20Z,2026-08-06T17:28:20Z
usgs:nc75411427,usgs,sismo,"M 2.0 - 22 km NE of San Ardo, CA",2026-08-04T22:04:15Z,https://earthquake.usgs.gov/earthquakes/eventpage/nc75411427,usgs:nc75411427,"22 km NE of San Ardo, CA",CA,US,1.99,md,,36.1853332519531,-120.766830444336,6.40999984741211,2026-08-04T22:27:20Z,2026-08-06T17:28:20Z,2026-08-06T17:28:20Z
usgs:hv75012977,usgs,sismo,"M 1.8 - 29 km SSW of Leilani Estates, Hawaii",2026-08-04T22:01:23Z,https://earthquake.usgs.gov/earthquakes/eventpage/hv75012977,usgs:hv75012977,"29 km SSW of Leilani Estates, Hawaii",Hawaii,US,1.83,md,,19.2156658172607,-155.010330200195,34.8699989318848,2026-08-04T22:04:48Z,2026-08-06T17:28:20Z,2026-08-06T17:28:20Z
usgs:nc75411417,usgs,sismo,"M 1.8 - 12 km ESE of Willits, CA",2026-08-04T22:01:09Z,https://earthquake.usgs.gov/earthquakes/eventpage/nc75411417,usgs:nc75411417,"12 km ESE of Willits, CA",CA,US,1.77,md,,39.3699989318848,-123.228996276855,6.92999982833862,2026-08-04T22:17:27Z,2026-08-06T17:28:20Z,2026-08-06T17:28:20Z
usgs:av94358798,usgs,sismo,"M 0.3 - 86 km W of Karluk, Alaska",2026-08-04T21:51:01Z,https://earthquake.usgs.gov/earthquakes/eventpage/av94358798,usgs:av94358798,"86 km W of Karluk, Alaska",Alaska,US,0.26,ml,,57.6875,-155.892,4.78,2026-08-05T01:50:49Z,2026-08-06T17:28:20Z,2026-08-06T17:28:20Z
usgs:nc75411407,usgs,sismo,"M 1.5 - 3 km W of Concord, CA",2026-08-04T21:46:44Z,https://earthquake.usgs.gov/earthquakes/eventpage/nc75411407,usgs:nc75411407,"3 km W of Concord, CA",CA,US,1.47,md,,37.9705009460449,-122.045501708984,15.039999961853,2026-08-04T22:07:21Z,2026-08-06T17:28:20Z,2026-08-06T17:28:20Z
usgs:nc75411397,usgs,sismo,"M 2.6 - 7 km ESE of Cloverdale, CA",2026-08-04T21:17:33Z,https://earthquake.usgs.gov/earthquakes/eventpage/nc75411397,usgs:nc75411397,"7 km ESE of Cloverdale, CA",CA,US,2.59,md,,38.791332244873,-122.938667297363,4.32999992370605,2026-08-05T03:48:15Z,2026-08-06T17:28:20Z,2026-08-06T17:28:20Z
usgs:us6000ti4p,usgs,sismo,"M 4.4 - 62 km NE of Kuji, Japan",2026-08-04T21:08:54Z,https://earthquake.usgs.gov/earthquakes/eventpage/us6000ti4p,usgs:us6000ti4p,"62 km NE of Kuji, Japan",Japan,JP,4.4,mb,,40.57,142.3011,43.47,2026-08-05T01:38:57Z,2026-08-06T17:28:20Z,2026-08-06T17:28:20Z
usgs:nc75411392,usgs,sismo,"M 1.7 - 1 km ESE of Pinnacles, CA",2026-08-04T21:07:24Z,https://earthquake.usgs.gov/earthquakes/eventpage/nc75411392,usgs:nc75411392,"1 km ESE of Pinnacles, CA",CA,US,1.67,md,,36.5288314819336,-121.13500213623,1.30999994277954,2026-08-04T21:09:00Z,2026-08-06T17:28:20Z,2026-08-06T17:28:20Z
usgs:nc75411387,usgs,sismo,"M 2.6 - 16 km ENE of Willows, CA",2026-08-04T20:54:11Z,https://earthquake.usgs.gov/earthquakes/eventpage/nc75411387,usgs:nc75411387,"16 km ENE of Willows, CA",CA,US,2.59,md,,39.5921669006348,-122.025001525879,22.2999992370605,2026-08-04T22:07:20Z,2026-08-06T17:28:20Z,2026-08-06T17:28:20Z
usgs:av94358653,usgs,sismo,"M 1.0 - 156 km W of Adak, Alaska",2026-08-04T20:34:18Z,https://earthquake.usgs.gov/earthquakes/eventpage/av94358653,usgs:av94358653,"156 km W of Adak, Alaska",Alaska,US,0.98,ml,,51.7736666666667,-178.8985,4.62,2026-08-04T22:15:04Z,2026-08-06T17:28:20Z,2026-08-06T17:28:20Z
usgs:aka2026pirwfg,usgs,sismo,"M 1.9 - 64 km SSE of Adak, Alaska",2026-08-04T20:34:07Z,https://earthquake.usgs.gov/earthquakes/eventpage/aka2026pirwfg,usgs:aka2026pirwfg,"64 km SSE of Adak, Alaska",Alaska,US,1.9,ml,,51.387,-176.141,32.1,2026-08-04T23:05:58Z,2026-08-06T17:28:20Z,2026-08-06T17:28:20Z
usgs:us6000ti4e,usgs,sismo,M 4.7 - Fiji region,2026-08-04T20:30:04Z,https://earthquake.usgs.gov/earthquakes/eventpage/us6000ti4e,usgs:us6000ti4e,Fiji region,,,4.7,mb,,-21.7953,-179.3558,603.036,2026-08-04T21:51:04Z,2026-08-06T17:28:20Z,2026-08-06T17:28:20Z
usgs:us6000ti49,usgs,sismo,"M 5.7 - 127 km NW of Ternate, Indonesia",2026-08-04T20:16:37Z,https://earthquake.usgs.gov/earthquakes/eventpage/us6000ti49,usgs:us6000ti49,"127 km NW of Ternate, Indonesia",Indonesia,ID,5.7,mww,verde,1.5066,126.4856,35.0,2026-08-05T20:24:53Z,2026-08-06T17:28:20Z,2026-08-06T17:28:20Z
gdacs:EQ:1556149:1723005,gdacs,sismo,"Green earthquake (Magnitude 5.7M, Depth:35km) in Indonesia 04/08/2026 20:16 UTC, 4 thousand in MMI IV.",2026-08-04T20:16:37Z,https://www.gdacs.org/report.aspx?eventtype=EQ&eventid=1556149,gdacs:EQ:1556149,Indonesia,Indonesia,ID,5.7,M,verde,1.5066,126.4856,,2026-08-04T20:32:31Z,2026-08-06T06:06:09Z,
usgs:nc75411337,usgs,sismo,"M 1.2 - 3 km ESE of Pacifica, CA",2026-08-04T20:14:55Z,https://earthquake.usgs.gov/earthquakes/eventpage/nc75411337,usgs:nc75411337,"3 km ESE of Pacifica, CA",CA,US,1.2,md,,37.6028327941895,-122.457832336426,6.90000009536743,2026-08-04T20:32:22Z,2026-08-06T17:28:20Z,2026-08-06T17:28:20Z
usgs:ci40666274,usgs,sismo,"M 1.2 - 28 km N of Kernville, CA",2026-08-04T20:12:26Z,https://earthquake.usgs.gov/earthquakes/eventpage/ci40666274,usgs:ci40666274,"28 km N of Kernville, CA",CA,US,1.24,ml,,36.0075,-118.388166666667,3.18,2026-08-04T21:00:55Z,2026-08-06T17:28:20Z,2026-08-06T17:28:20Z
usgs:tx2026pgfgdh,usgs,sismo,"M 1.5 - 21 km S of Westbrook, Texas",2026-08-04T20:10:15Z,https://earthquake.usgs.gov/earthquakes/eventpage/tx2026pgfgdh,usgs:tx2026pgfgdh,"21 km S of Westbrook, Texas",Texas,US,1.5,ml,,32.165,-101.022,6.665,2026-08-05T18:45:40Z,2026-08-06T17:28:20Z,2026-08-06T17:28:20Z
usgs:nc75411312,usgs,sismo,"M 0.8 - 2 km ENE of The Geysers, CA",2026-08-04T20:00:04Z,https://earthquake.usgs.gov/earthquakes/eventpage/nc75411312,usgs:nc75411312,"2 km ENE of The Geysers, CA",CA,US,0.77,md,,38.785831451416,-122.734001159668,1.35000002384186,2026-08-04T20:01:40Z,2026-08-06T17:28:20Z,2026-08-06T17:28:20Z
usgs:us6000ti40,usgs,sismo,"M 4.8 - 43 km ESE of Koseda, Japan",2026-08-04T19:56:58Z,https://earthquake.usgs.gov/earthquakes/eventpage/us6000ti40,usgs:us6000ti40,"43 km ESE of Koseda, Japan",Japan,JP,4.8,mww,,30.2082,131.0474,44.967,2026-08-04T23:07:09Z,2026-08-06T17:28:20Z,2026-08-06T17:28:20Z
usgs:nc75411307,usgs,sismo,"M 2.8 - 6 km NE of San Simeon, CA",2026-08-04T19:55:25Z,https://earthquake.usgs.gov/earthquakes/eventpage/nc75411307,usgs:nc75411307,"6 km NE of San Simeon, CA",CA,US,2.79,md,,35.6816673278809,-121.136169433594,6.86999988555908,2026-08-05T01:13:18Z,2026-08-06T17:28:20Z,2026-08-06T17:28:20Z
usgs:ci40666258,usgs,sismo,"M 0.9 - 10 km E of Borrego Springs, CA",2026-08-04T19:54:17Z,https://earthquake.usgs.gov/earthquakes/eventpage/ci40666258,usgs:ci40666258,"10 km E of Borrego Springs, CA",CA,US,0.92,ml,,33.2555,-116.265833333333,11.3,2026-08-04T21:11:45Z,2026-08-06T17:28:20Z,2026-08-06T17:28:20Z
usgs:nc75411302,usgs,sismo,"M 1.2 - 8 km ESE of Cloverdale, CA",2026-08-04T19:49:35Z,https://earthquake.usgs.gov/earthquakes/eventpage/nc75411302,usgs:nc75411302,"8 km ESE of Cloverdale, CA",CA,US,1.15,md,,38.7763328552246,-122.933670043945,4.80999994277954,2026-08-04T20:07:19Z,2026-08-06T17:28:20Z,2026-08-06T17:28:20Z
usgs:uw714071421,usgs,otro,"M 1.4 Explosion - 11 km NW of Airway Heights, Washington",2026-08-04T19:27:28Z,https://earthquake.usgs.gov/earthquakes/eventpage/uw714071421,usgs:uw714071421,"11 km NW of Airway Heights, Washington",Washington,US,1.4,md,,47.7228333333333,-117.696166666667,-0.71,2026-08-04T19:44:15Z,2026-08-06T17:28:20Z,2026-08-06T17:28:20Z
usgs:hv75012922,usgs,sismo,"M 1.8 - 3 km SSW of Pāhala, Hawaii",2026-08-04T19:27:04Z,https://earthquake.usgs.gov/earthquakes/eventpage/hv75012922,usgs:hv75012922,"3 km SSW of Pāhala, Hawaii",Hawaii,US,1.75,md,,19.1760005950928,-155.489669799805,29.6100006103516,2026-08-04T19:30:38Z,2026-08-06T17:28:20Z,2026-08-06T17:28:20Z
usgs:tx2026pgdizf,usgs,sismo,"M 1.0 - 33 km SSE of Malaga, New Mexico",2026-08-04T19:13:12Z,https://earthquake.usgs.gov/earthquakes/eventpage/tx2026pgdizf,usgs:tx2026pgdizf,"33 km SSE of Malaga, New Mexico",New Mexico,US,1.0,ml,,31.964,-103.898,7.6379,2026-08-05T18:14:25Z,2026-08-06T17:28:20Z,2026-08-06T17:28:20Z
usgs:us6000tigz,usgs,sismo,"M 1.6 - 25 km SE of Notre-Dame-du-Mont-Carmel, Canada",2026-08-04T19:09:26Z,https://earthquake.usgs.gov/earthquakes/eventpage/us6000tigz,usgs:us6000tigz,"25 km SE of Notre-Dame-du-Mont-Carmel, Canada",Canada,CA,1.6,ml,,45.8829,-74.8189,14.876,2026-08-06T01:56:54Z,2026-08-06T17:28:20Z,2026-08-06T17:28:20Z
usgs:ci40666226,usgs,sismo,"M 1.2 - 6 km N of Beaumont, CA",2026-08-04T19:03:57Z,https://earthquake.usgs.gov/earthquakes/eventpage/ci40666226,usgs:ci40666226,"6 km N of Beaumont, CA",CA,US,1.2,ml,,33.9811666666667,-116.978666666667,14.34,2026-08-04T20:33:54Z,2026-08-06T17:28:20Z,2026-08-06T17:28:20Z
usgs:aka2026piotgf,usgs,sismo,"M 0.9 - 12 km ENE of Fox, Alaska",2026-08-04T19:00:42Z,https://earthquake.usgs.gov/earthquakes/eventpage/aka2026piotgf,usgs:aka2026piotgf,"12 km ENE of Fox, Alaska",Alaska,US,0.9,ml,,64.987,-147.357,4.2,2026-08-04T19:02:05Z,2026-08-06T17:28:20Z,2026-08-06T17:28:20Z
usgs:tx2026pgcwhm,usgs,sismo,"M 1.1 - 9 km NE of Balmorhea, Texas",2026-08-04T18:58:29Z,https://earthquake.usgs.gov/earthquakes/eventpage/tx2026pgcwhm,usgs:tx2026pgcwhm,"9 km NE of Balmorhea, Texas",Texas,US,1.1,ml,,31.049,-103.684,4.9207,2026-08-05T18:18:08Z,2026-08-06T17:28:20Z,2026-08-06T17:28:20Z
usgs:tx2026pgcibi,usgs,sismo,"M 0.8 - 13 km SSE of Stanton, Texas",2026-08-04T18:41:57Z,https://earthquake.usgs.gov/earthquakes/eventpage/tx2026pgcibi,usgs:tx2026pgcibi,"13 km SSE of Stanton, Texas",Texas,US,0.8,ml,,32.017,-101.727,8.6182,2026-08-05T18:50:33Z,2026-08-06T17:28:20Z,2026-08-06T17:28:20Z
usgs:ci40666210,usgs,sismo,"M 0.3 - 12 km E of Anza, CA",2026-08-04T18:37:17Z,https://earthquake.usgs.gov/earthquakes/eventpage/ci40666210,usgs:ci40666210,"12 km E of Anza, CA",CA,US,0.29,ml,,33.5351666666667,-116.546,14.85,2026-08-04T18:57:44Z,2026-08-06T17:28:20Z,2026-08-06T17:28:20Z
usgs:ci40666202,usgs,sismo,"M 0.6 - 16 km E of Little Lake, CA",2026-08-04T18:34:01Z,https://earthquake.usgs.gov/earthquakes/eventpage/ci40666202,usgs:ci40666202,"16 km E of Little Lake, CA",CA,US,0.58,ml,,35.9175,-117.729833333333,2.91,2026-08-04T18:50:22Z,2026-08-06T17:28:20Z,2026-08-06T17:28:20Z
usgs:ci40666194,usgs,sismo,"M 0.8 - 8 km SSW of Idyllwild, CA",2026-08-04T18:28:49Z,https://earthquake.usgs.gov/earthquakes/eventpage/ci40666194,usgs:ci40666194,"8 km SSW of Idyllwild, CA",CA,US,0.79,ml,,33.6768333333333,-116.757,14.18,2026-08-04T18:50:38Z,2026-08-06T17:28:20Z,2026-08-06T17:28:20Z
usgs:aka2026pimwvp,usgs,sismo,"M 1.6 - 9 km SSW of South Van Horn, Alaska",2026-08-04T18:04:51Z,https://earthquake.usgs.gov/earthquakes/eventpage/aka2026pimwvp,usgs:aka2026pimwvp,"9 km SSW of South Van Horn, Alaska",Alaska,US,1.6,ml,,64.732,-147.882,12.7,2026-08-04T20:27:16Z,2026-08-06T17:28:20Z,2026-08-06T17:28:20Z
usgs:nc75411262,usgs,sismo,"M 2.3 - 2 km ENE of Aromas, CA",2026-08-04T18:04:15Z,https://earthquake.usgs.gov/earthquakes/eventpage/nc75411262,usgs:nc75411262,"2 km ENE of Aromas, CA",CA,US,2.25,md,,36.8974990844727,-121.620330810547,0.800000011920929,2026-08-04T18:37:21Z,2026-08-06T17:28:20Z,2026-08-06T17:28:20Z
usgs:aka2026pimwcq,usgs,sismo,"M 1.7 - 32 km W of Salamatof, Alaska",2026-08-04T18:04:01Z,https://earthquake.usgs.gov/earthquakes/eventpage/aka2026pimwcq,usgs:aka2026pimwcq,"32 km W of Salamatof, Alaska",Alaska,US,1.7,ml,,60.664,-151.903,87.6,2026-08-04T20:27:03Z,2026-08-06T17:28:20Z,2026-08-06T17:28:20Z
usgs:ok2026peew,usgs,otro,"M 1.3 Quarry Blast - 3 km SE of Mill Creek, Oklahoma",2026-08-04T18:02:33Z,https://earthquake.usgs.gov/earthquakes/eventpage/ok2026peew,usgs:ok2026peew,"3 km SE of Mill Creek, Oklahoma",Oklahoma,US,1.33,ml,,34.38133333,-96.793,0.0,2026-08-05T17:24:32Z,2026-08-06T17:28:20Z,2026-08-06T17:28:20Z
usgs:av94358403,usgs,sismo,"M 0.0 - 66 km ENE of Pedro Bay, Alaska",2026-08-04T18:00:04Z,https://earthquake.usgs.gov/earthquakes/eventpage/av94358403,usgs:av94358403,"66 km ENE of Pedro Bay, Alaska",Alaska,US,-0.03,ml,,60.07,-153.058833333333,3.2,2026-08-04T22:33:37Z,2026-08-06T17:28:20Z,2026-08-06T17:28:20Z
gdacs:TC:1001298:8,gdacs,ciclon,Green notification for tropical cyclone KUJIRA-26. Population affected by Category 1 (120 km/h) wind speeds or higher is 0  (0.874 million in Tropical Storm).,2026-08-04T18:00:00Z,https://www.gdacs.org/report.aspx?eventtype=TC&eventid=1001298,gdacs:TC:1001298,Philippines,Philippines,PH,64.8144,km/h,verde,16.7,122.9,,2026-08-04T22:23:42Z,2026-08-06T14:36:55Z,
gdacs:TC:1001298:7,gdacs,ciclon,Green notification for tropical cyclone KUJIRA-26. Population affected by Category 1 (120 km/h) wind speeds or higher is 0  (0.874 million in Tropical Storm).,2026-08-04T18:00:00Z,https://www.gdacs.org/report.aspx?eventtype=TC&eventid=1001298,gdacs:TC:1001298,Philippines,Philippines,PH,64.8144,km/h,verde,17.0,121.7,,2026-08-04T22:23:42Z,2026-08-06T09:08:27Z,
gdacs:TC:1001298:6,gdacs,ciclon,Green notification for tropical cyclone KUJIRA-26. Population affected by Category 1 (120 km/h) wind speeds or higher is 0  (0.874 million in Tropical Storm).,2026-08-04T18:00:00Z,https://www.gdacs.org/report.aspx?eventtype=TC&eventid=1001298,gdacs:TC:1001298,Philippines,Philippines,PH,64.8144,km/h,verde,17.4,120.7,,2026-08-04T22:23:42Z,2026-08-06T06:06:09Z,
usgs:uw714071341,usgs,otro,"M 0.6 Explosion - 12 km ESE of Enumclaw, Washington",2026-08-04T17:55:47Z,https://earthquake.usgs.gov/earthquakes/eventpage/uw714071341,usgs:uw714071341,"12 km ESE of Enumclaw, Washington",Washington,US,0.63,md,,47.1643333333333,-121.833666666667,-1.01,2026-08-04T18:32:25Z,2026-08-06T17:28:20Z,2026-08-06T17:28:20Z
usgs:ci40666178,usgs,sismo,"M 1.2 - 6 km NNW of Moreno Valley, CA",2026-08-04T17:51:51Z,https://earthquake.usgs.gov/earthquakes/eventpage/ci40666178,usgs:ci40666178,"6 km NNW of Moreno Valley, CA",CA,US,1.24,ml,,33.978,-117.2465,11.68,2026-08-04T18:50:42Z,2026-08-06T17:28:20Z,2026-08-06T17:28:20Z
usgs:ci40666170,usgs,sismo,"M 1.1 - 15 km E of Coso Junction, CA",2026-08-04T17:49:18Z,https://earthquake.usgs.gov/earthquakes/eventpage/ci40666170,usgs:ci40666170,"15 km E of Coso Junction, CA",CA,US,1.05,ml,,36.0345,-117.777166666667,2.04,2026-08-04T18:50:54Z,2026-08-06T17:28:20Z,2026-08-06T17:28:20Z
usgs:nc75411247,usgs,sismo,"M 2.0 - 9 km NNW of Redwood Valley, CA",2026-08-04T17:43:40Z,https://earthquake.usgs.gov/earthquakes/eventpage/nc75411247,usgs:nc75411247,"9 km NNW of Redwood Valley, CA",CA,US,2.02,md,,39.3455009460449,-123.230667114258,5.32000017166138,2026-08-04T18:07:22Z,2026-08-06T17:28:20Z,2026-08-06T17:28:20Z
usgs:tx2026pgafjt,usgs,sismo,"M 0.7 - 11 km NNW of Big Spring, Texas",2026-08-04T17:38:31Z,https://earthquake.usgs.gov/earthquakes/eventpage/tx2026pgafjt,usgs:tx2026pgafjt,"11 km NNW of Big Spring, Texas",Texas,US,0.7,ml,,32.337,-101.538,3.9795,2026-08-05T11:48:39Z,2026-08-06T17:28:20Z,2026-08-06T17:28:20Z
usgs:aka2026pilwel,usgs,sismo,"M 1.9 - 23 km WSW of Petersville, Alaska",2026-08-04T17:34:07Z,https://earthquake.usgs.gov/earthquakes/eventpage/aka2026pilwel,usgs:aka2026pilwel,"23 km WSW of Petersville, Alaska",Alaska,US,1.9,ml,,62.43,-151.198,83.8,2026-08-04T17:36:15Z,2026-08-06T17:28:20Z,2026-08-06T17:28:20Z
usgs:us6000ti1d,usgs,sismo,"M 4.1 - 179 km NE of Lospalos, Timor Leste",2026-08-04T17:30:51Z,https://earthquake.usgs.gov/earthquakes/eventpage/us6000ti1d,usgs:us6000ti1d,"179 km NE of Lospalos, Timor Leste",Timor Leste,,4.1,mb,,-7.6019,128.3355,189.24,2026-08-04T21:04:12Z,2026-08-06T17:28:20Z,2026-08-06T17:28:20Z
usgs:aka2026pilmnx,usgs,sismo,"M 1.9 - 88 km W of Tyonek, Alaska",2026-08-04T17:23:02Z,https://earthquake.usgs.gov/earthquakes/eventpage/aka2026pilmnx,usgs:aka2026pilmnx,"88 km W of Tyonek, Alaska",Alaska,US,1.9,ml,,61.069,-152.779,163.7,2026-08-04T17:26:33Z,2026-08-06T17:28:20Z,2026-08-06T17:28:20Z
usgs:uw714071311,usgs,sismo,"M 0.0 - 39 km SSE of Morton, Washington",2026-08-04T17:15:12Z,https://earthquake.usgs.gov/earthquakes/eventpage/uw714071311,usgs:uw714071311,"39 km SSE of Morton, Washington",Washington,US,0.01,md,,46.221,-122.122833333333,3.74,2026-08-04T18:03:35Z,2026-08-06T17:28:20Z,2026-08-06T17:28:20Z
usgs:aka2026pilenk,usgs,sismo,"M 1.3 - 110 km S of McCarthy, Alaska",2026-08-04T17:13:46Z,https://earthquake.usgs.gov/earthquakes/eventpage/aka2026pilenk,usgs:aka2026pilenk,"110 km S of McCarthy, Alaska",Alaska,US,1.3,ml,,60.446,-142.945,9.3,2026-08-04T17:15:24Z,2026-08-06T17:28:20Z,2026-08-06T17:28:20Z
usgs:uw714071301,usgs,sismo,"M 1.6 - 2 km E of Oak Harbor, Washington",2026-08-04T17:07:17Z,https://earthquake.usgs.gov/earthquakes/eventpage/uw714071301,usgs:uw714071301,"2 km E of Oak Harbor, Washington",Washington,US,1.58,ml,,48.2915,-122.611833333333,23.66,2026-08-04T17:59:39Z,2026-08-06T17:28:20Z,2026-08-06T17:28:20Z
usgs:aka2026piktmq,usgs,sismo,"M 1.9 - 36 km WSW of Denali Park, Alaska",2026-08-04T17:01:09Z,https://earthquake.usgs.gov/earthquakes/eventpage/aka2026piktmq,usgs:aka2026piktmq,"36 km WSW of Denali Park, Alaska",Alaska,US,1.9,ml,,63.643,-149.615,124.2,2026-08-04T17:03:56Z,2026-08-06T17:28:20Z,2026-08-06T17:28:20Z
usgs:ci40666122,usgs,sismo,"M 0.8 - 19 km ESE of Anza, CA",2026-08-04T16:56:19Z,https://earthquake.usgs.gov/earthquakes/eventpage/ci40666122,usgs:ci40666122,"19 km ESE of Anza, CA",CA,US,0.83,ml,,33.4868333333333,-116.480833333333,14.12,2026-08-04T17:41:11Z,2026-08-06T17:28:20Z,2026-08-06T17:28:20Z
usgs:av94358278,usgs,sismo,"M -0.3 - 85 km NW of Karluk, Alaska",2026-08-04T16:50:53Z,https://earthquake.usgs.gov/earthquakes/eventpage/av94358278,usgs:av94358278,"85 km NW of Karluk, Alaska",Alaska,US,-0.34,ml,,58.1791666666667,-155.334,0.38,2026-08-04T22:31:06Z,2026-08-06T17:28:20Z,2026-08-06T17:28:20Z
usgs:ci40666114,usgs,sismo,"M 1.4 - 21 km ESE of Anza, CA",2026-08-04T16:45:57Z,https://earthquake.usgs.gov/earthquakes/eventpage/ci40666114,usgs:ci40666114,"21 km ESE of Anza, CA",CA,US,1.41,ml,,33.5003333333333,-116.453,5.46,2026-08-04T17:35:05Z,2026-08-06T17:28:20Z,2026-08-06T17:28:20Z
usgs:tx2026pfycty,usgs,sismo,"M 1.4 - 33 km SSE of Malaga, New Mexico",2026-08-04T16:35:08Z,https://earthquake.usgs.gov/earthquakes/eventpage/tx2026pfycty,usgs:tx2026pfycty,"33 km SSE of Malaga, New Mexico",New Mexico,US,1.4,ml,,31.959,-103.899,8.2788,2026-08-04T17:50:43Z,2026-08-06T17:28:20Z,2026-08-06T17:28:20Z
usgs:ok2026pebq,usgs,otro,"M 1.3 Quarry Blast - 5 km SE of Owasso, Oklahoma",2026-08-04T16:24:31Z,https://earthquake.usgs.gov/earthquakes/eventpage/ok2026pebq,usgs:ok2026pebq,"5 km SE of Owasso, Oklahoma",Oklahoma,US,1.28,ml,,36.238,-95.81083333,0.0,2026-08-05T17:24:27Z,2026-08-06T17:28:20Z,2026-08-06T17:28:20Z
usgs:us6000ti11,usgs,sismo,M 4.1 - south of the Fiji Islands,2026-08-04T16:11:31Z,https://earthquake.usgs.gov/earthquakes/eventpage/us6000ti11,usgs:us6000ti11,south of the Fiji Islands,,,4.1,mb,,-23.8907,-179.8831,453.508,2026-08-04T22:08:00Z,2026-08-06T17:28:20Z,2026-08-06T17:28:20Z
usgs:us6000ti0y,usgs,sismo,"M 4.4 - 10 km NNE of Xunchang, China",2026-08-04T15:58:34Z,https://earthquake.usgs.gov/earthquakes/eventpage/us6000ti0y,usgs:us6000ti0y,"10 km NNE of Xunchang, China",China,CN,4.4,mb,,28.5388,104.7613,10.0,2026-08-04T21:57:40Z,2026-08-06T17:28:20Z,2026-08-06T17:28:20Z
usgs:aka2026piinfi,usgs,sismo,"M 2.1 - 24 km S of Hope, Alaska",2026-08-04T15:53:49Z,https://earthquake.usgs.gov/earthquakes/eventpage/aka2026piinfi,usgs:aka2026piinfi,"24 km S of Hope, Alaska",Alaska,US,2.1,ml,,60.703,-149.723,27.7,2026-08-05T03:10:35Z,2026-08-06T17:28:20Z,2026-08-06T17:28:20Z
usgs:us6000ti0u,usgs,sismo,"M 2.7 - 63 km NNW of Huslia, Alaska",2026-08-04T15:50:35Z,https://earthquake.usgs.gov/earthquakes/eventpage/us6000ti0u,usgs:us6000ti0u,"63 km NNW of Huslia, Alaska",Alaska,US,2.7,ml,,66.2456,-156.8,9.406,2026-08-04T21:34:52Z,2026-08-06T17:28:20Z,2026-08-06T17:28:20Z
usgs:nc75411207,usgs,sismo,"M 1.1 - 8 km ESE of Cloverdale, CA",2026-08-04T15:39:33Z,https://earthquake.usgs.gov/earthquakes/eventpage/nc75411207,usgs:nc75411207,"8 km ESE of Cloverdale, CA",CA,US,1.12,md,,38.7695007324219,-122.939834594727,5.09999990463257,2026-08-04T16:12:21Z,2026-08-06T17:28:20Z,2026-08-06T17:28:20Z
usgs:pr71527538,usgs,sismo,"M 3.4 - 73 km NNE of Cruz Bay, U.S. Virgin Islands",2026-08-04T15:38:56Z,https://earthquake.usgs.gov/earthquakes/eventpage/pr71527538,usgs:pr71527538,"73 km NNE of Cruz Bay, U.S. Virgin Islands",U.S. Virgin Islands,VI,3.41,md,,18.9686666666667,-64.594,15.85,2026-08-04T19:55:21Z,2026-08-06T17:28:20Z,2026-08-06T17:28:20Z
usgs:ci40666066,usgs,sismo,"M 0.9 - 7 km W of Tecate, B.C., MX",2026-08-04T15:33:47Z,https://earthquake.usgs.gov/earthquakes/eventpage/ci40666066,usgs:ci40666066,"7 km W of Tecate, B.C., MX",MX,MX,0.91,ml,,32.5716666666667,-116.7035,2.87,2026-08-04T16:00:06Z,2026-08-06T17:28:20Z,2026-08-06T17:28:20Z
usgs:ci40666058,usgs,sismo,"M 1.3 - 5 km NE of Moreno Valley, CA",2026-08-04T15:32:18Z,https://earthquake.usgs.gov/earthquakes/eventpage/ci40666058,usgs:ci40666058,"5 km NE of Moreno Valley, CA",CA,US,1.26,ml,,33.9575,-117.196333333333,13.14,2026-08-04T15:55:15Z,2026-08-06T17:28:20Z,2026-08-06T17:28:20Z
usgs:av94358143,usgs,sismo,"M 1.2 - 79 km W of Adak, Alaska",2026-08-04T15:31:15Z,https://earthquake.usgs.gov/earthquakes/eventpage/av94358143,usgs:av94358143,"79 km W of Adak, Alaska",Alaska,US,1.23,ml,,51.855,-177.788,-1.54,2026-08-05T00:59:46Z,2026-08-06T17:28:20Z,2026-08-06T17:28:20Z
usgs:aka2026pihilq,usgs,sismo,"M 1.6 - 65 km SSE of Igiugig, Alaska",2026-08-04T15:18:21Z,https://earthquake.usgs.gov/earthquakes/eventpage/aka2026pihilq,usgs:aka2026pihilq,"65 km SSE of Igiugig, Alaska",Alaska,US,1.6,ml,,58.791,-155.421,6.2,2026-08-05T00:56:15Z,2026-08-06T17:28:20Z,2026-08-06T17:28:20Z
usgs:aka2026pihfao,usgs,sismo,"M 2.2 - 20 km NNE of Fishhook, Alaska",2026-08-04T15:14:24Z,https://earthquake.usgs.gov/earthquakes/eventpage/aka2026pihfao,usgs:aka2026pihfao,"20 km NNE of Fishhook, Alaska",Alaska,US,2.2,ml,,61.918,-149.117,27.6,2026-08-05T03:14:18Z,2026-08-06T17:28:20Z,2026-08-06T17:28:20Z
usgs:nc75411187,usgs,sismo,"M 1.4 - 7 km ESE of Cloverdale, CA",2026-08-04T15:06:14Z,https://earthquake.usgs.gov/earthquakes/eventpage/nc75411187,usgs:nc75411187,"7 km ESE of Cloverdale, CA",CA,US,1.38,md,,38.7729988098145,-122.946502685547,6.11999988555908,2026-08-04T15:37:19Z,2026-08-06T17:28:20Z,2026-08-06T17:28:20Z
usgs:us6000ti1a,usgs,sismo,"M 3.5 - 234 km ESE of Attu Station, Alaska",2026-08-04T15:01:13Z,https://earthquake.usgs.gov/earthquakes/eventpage/us6000ti1a,usgs:us6000ti1a,"234 km ESE of Attu Station, Alaska",Alaska,US,3.5,ml,,51.8734,176.2388,15.123,2026-08-04T21:21:35Z,2026-08-06T17:28:20Z,2026-08-06T17:28:20Z
usgs:tx2026pfuyqr,usgs,sismo,"M 2.0 - 14 km ESE of Pearsall, Texas",2026-08-04T14:59:49Z,https://earthquake.usgs.gov/earthquakes/eventpage/tx2026pfuyqr,usgs:tx2026pfuyqr,"14 km ESE of Pearsall, Texas",Texas,US,2.0,ml,,28.832,-98.959,8.6824,2026-08-04T16:19:23Z,2026-08-06T17:28:20Z,2026-08-06T17:28:20Z
usgs:hv75012857,usgs,sismo,"M 1.9 - 15 km SSE of Pāhala, Hawaii",2026-08-04T14:58:29Z,https://earthquake.usgs.gov/earthquakes/eventpage/hv75012857,usgs:hv75012857,"15 km SSE of Pāhala, Hawaii",Hawaii,US,1.89,ml,,19.0781666666667,-155.416833333333,40.58,2026-08-05T02:41:08Z,2026-08-06T17:28:20Z,2026-08-06T17:28:20Z
usgs:us6000ti0n,usgs,sismo,"M 4.3 - 83 km SSE of Atka, Alaska",2026-08-04T14:57:25Z,https://earthquake.usgs.gov/earthquakes/eventpage/us6000ti0n,usgs:us6000ti0n,"83 km SSE of Atka, Alaska",Alaska,US,4.3,mb,,51.5653,-173.5526,31.514,2026-08-04T19:58:19Z,2026-08-06T17:28:20Z,2026-08-06T17:28:20Z
usgs:us6000ti0r,usgs,sismo,M 5.1 - south of Tonga,2026-08-04T14:56:14Z,https://earthquake.usgs.gov/earthquakes/eventpage/us6000ti0r,usgs:us6000ti0r,south of Tonga,,,5.1,mb,,-24.6061,-175.2303,10.0,2026-08-04T15:16:41Z,2026-08-06T17:28:20Z,2026-08-06T17:28:20Z
usgs:pr2026216003,usgs,sismo,"M 3.8 - 89 km NE of Cruz Bay, U.S. Virgin Islands",2026-08-04T14:51:47Z,https://earthquake.usgs.gov/earthquakes/eventpage/pr2026216003,usgs:pr2026216003,"89 km NE of Cruz Bay, U.S. Virgin Islands",U.S. Virgin Islands,VI,3.82,md,,18.8206,-64.1143,108.0,2026-08-04T18:46:37Z,2026-08-06T17:28:20Z,2026-08-06T17:28:20Z
usgs:tx2026pfurqq,usgs,sismo,"M -0.8 - 54 km S of Whites City, New Mexico",2026-08-04T14:51:45Z,https://earthquake.usgs.gov/earthquakes/eventpage/tx2026pfurqq,usgs:tx2026pfurqq,"54 km S of Whites City, New Mexico",New Mexico,US,-0.8,ml,,31.69,-104.489,4.8743,2026-08-04T15:01:08Z,2026-08-06T17:28:20Z,2026-08-06T17:28:20Z
usgs:hv75012837,usgs,sismo,"M 2.0 - 20 km E of Naalehu, Hawaii",2026-08-04T14:49:56Z,https://earthquake.usgs.gov/earthquakes/eventpage/hv75012837,usgs:hv75012837,"20 km E of Naalehu, Hawaii",Hawaii,US,1.96,md,,19.0346666666667,-155.393,44.04,2026-08-05T02:37:38Z,2026-08-06T17:28:20Z,2026-08-06T17:28:20Z
usgs:uw714071101,usgs,sismo,"M 0.7 - 3 km S of Quilcene, Washington",2026-08-04T14:33:53Z,https://earthquake.usgs.gov/earthquakes/eventpage/uw714071101,usgs:uw714071101,"3 km S of Quilcene, Washington",Washington,US,0.71,ml,,47.791,-122.883166666667,21.45,2026-08-04T17:38:48Z,2026-08-06T17:28:20Z,2026-08-06T17:28:20Z
usgs:pr71527503,usgs,sismo,"M 2.5 - 9 km WNW of Rincón, Puerto Rico",2026-08-04T14:27:37Z,https://earthquake.usgs.gov/earthquakes/eventpage/pr71527503,usgs:pr71527503,"9 km WNW of Rincón, Puerto Rico",Puerto Rico,PR,2.47,md,,18.3576666666667,-67.3331666666667,11.39,2026-08-04T14:56:19Z,2026-08-06T17:28:20Z,2026-08-06T17:28:20Z
usgs:pr2026216002,usgs,sismo,"M 3.5 - 69 km NW of San Antonio, Puerto Rico",2026-08-04T14:24:42Z,https://earthquake.usgs.gov/earthquakes/eventpage/pr2026216002,usgs:pr2026216002,"69 km NW of San Antonio, Puerto Rico",Puerto Rico,PR,3.49,md,,18.9141,-67.5828,7.0,2026-08-04T18:01:41Z,2026-08-06T17:28:20Z,2026-08-06T17:28:20Z
usgs:hv75012817,usgs,sismo,"M 2.5 - 45 km W of Kailua-Kona, Hawaii",2026-08-04T14:21:39Z,https://earthquake.usgs.gov/earthquakes/eventpage/hv75012817,usgs:hv75012817,"45 km W of Kailua-Kona, Hawaii",Hawaii,US,2.5,ml,,19.6006666666667,-156.429833333333,9.6,2026-08-05T02:34:36Z,2026-08-06T17:28:20Z,2026-08-06T17:28:20Z
usgs:aka2026pifjga,usgs,sismo,"M 1.9 - 30 km WNW of Anchor Point, Alaska",2026-08-04T14:19:17Z,https://earthquake.usgs.gov/earthquakes/eventpage/aka2026pifjga,usgs:aka2026pifjga,"30 km WNW of Anchor Point, Alaska",Alaska,US,1.9,ml,,59.833,-152.356,93.6,2026-08-04T14:20:43Z,2026-08-06T17:28:20Z,2026-08-06T17:28:20Z
usgs:nc75411172,usgs,sismo,"M 1.0 - 9 km WNW of Cobb, CA",2026-08-04T14:17:54Z,https://earthquake.usgs.gov/earthquakes/eventpage/nc75411172,usgs:nc75411172,"9 km WNW of Cobb, CA",CA,US,1.02,md,,38.8436660766602,-122.824165344238,1.94000005722046,2026-08-04T14:19:30Z,2026-08-06T17:28:20Z,2026-08-06T17:28:20Z
usgs:uu80007813,usgs,sismo,"M 1.0 - 28 km NE of Fremont, Utah",2026-08-04T14:11:57Z,https://earthquake.usgs.gov/earthquakes/eventpage/uu80007813,usgs:uu80007813,"28 km NE of Fremont, Utah",Utah,US,0.99,md,,38.6531666666667,-111.409666666667,1.84,2026-08-05T15:22:07Z,2026-08-06T17:28:20Z,2026-08-06T17:28:20Z
usgs:uu80147061,usgs,sismo,"M 1.1 - 28 km NE of Fremont, Utah",2026-08-04T14:08:49Z,https://earthquake.usgs.gov/earthquakes/eventpage/uu80147061,usgs:uu80147061,"28 km NE of Fremont, Utah",Utah,US,1.1,ml,,38.6633333333333,-111.425333333333,1.37,2026-08-04T14:47:15Z,2026-08-06T17:28:20Z,2026-08-06T17:28:20Z
usgs:us6000ti0a,usgs,sismo,"M 4.6 - 79 km E of Onagawa Chō, Japan",2026-08-04T14:00:26Z,https://earthquake.usgs.gov/earthquakes/eventpage/us6000ti0a,usgs:us6000ti0a,"79 km E of Onagawa Chō, Japan",Japan,JP,4.6,mb,,38.3126,142.3433,40.428,2026-08-05T07:03:23Z,2026-08-06T17:28:20Z,2026-08-06T17:28:20Z
usgs:nc75411157,usgs,sismo,"M 1.0 - 4 km W of Cobb, CA",2026-08-04T13:53:47Z,https://earthquake.usgs.gov/earthquakes/eventpage/nc75411157,usgs:nc75411157,"4 km W of Cobb, CA",CA,US,1.02,md,,38.824333190918,-122.766998291016,2.44000005722046,2026-08-04T13:55:25Z,2026-08-06T17:28:20Z,2026-08-06T17:28:20Z
usgs:tx2026pfsqzn,usgs,sismo,"M 1.7 - 12 km SE of Pearsall, Texas",2026-08-04T13:50:43Z,https://earthquake.usgs.gov/earthquakes/eventpage/tx2026pfsqzn,usgs:tx2026pfsqzn,"12 km SE of Pearsall, Texas",Texas,US,1.7,ml,,28.825,-98.99,8.2352,2026-08-04T16:23:10Z,2026-08-06T17:28:20Z,2026-08-06T17:28:20Z
usgs:nc75411152,usgs,sismo,"M 0.8 - 1 km E of The Geysers, CA",2026-08-04T13:49:29Z,https://earthquake.usgs.gov/earthquakes/eventpage/nc75411152,usgs:nc75411152,"1 km E of The Geysers, CA",CA,US,0.75,md,,38.7773323059082,-122.7431640625,1.42999994754791,2026-08-04T13:51:05Z,2026-08-06T17:28:20Z,2026-08-06T17:28:20Z
usgs:nc75411142,usgs,sismo,"M 0.5 - 15 km NW of Parkfield, CA",2026-08-04T13:38:01Z,https://earthquake.usgs.gov/earthquakes/eventpage/nc75411142,usgs:nc75411142,"15 km NW of Parkfield, CA",CA,US,0.49,md,,35.9943351745605,-120.551330566406,2.51999998092651,2026-08-04T13:39:39Z,2026-08-06T17:28:20Z,2026-08-06T17:28:20Z
usgs:nc75411132,usgs,sismo,"M 1.4 - 19 km WSW of Round Valley, CA",2026-08-04T13:27:35Z,https://earthquake.usgs.gov/earthquakes/eventpage/nc75411132,usgs:nc75411132,"19 km WSW of Round Valley, CA",CA,US,1.35,md,,37.3800010681152,-118.807662963867,12.8900003433228,2026-08-04T13:47:26Z,2026-08-06T17:28:20Z,2026-08-06T17:28:20Z
usgs:nc75411122,usgs,sismo,"M 2.6 - 11 km NNE of Kettleman City, CA",2026-08-04T13:24:03Z,https://earthquake.usgs.gov/earthquakes/eventpage/nc75411122,usgs:nc75411122,"11 km NNE of Kettleman City, CA",CA,US,2.61,md,,36.1015014648438,-119.926330566406,10.4899997711182,2026-08-04T14:17:28Z,2026-08-06T17:28:20Z,2026-08-06T17:28:20Z
usgs:nc75411117,usgs,sismo,"M 3.3 - 10 km NNE of Kettleman City, CA",2026-08-04T13:21:09Z,https://earthquake.usgs.gov/earthquakes/eventpage/nc75411117,usgs:nc75411117,"10 km NNE of Kettleman City, CA",CA,US,3.34,mw,,36.0948333333333,-119.930666666667,9.78,2026-08-04T18:02:38Z,2026-08-06T17:28:20Z,2026-08-06T17:28:20Z
usgs:hv75012802,usgs,sismo,"M 1.8 - 22 km ENE of Honaunau-Napoopoo, Hawaii",2026-08-04T13:18:08Z,https://earthquake.usgs.gov/earthquakes/eventpage/hv75012802,usgs:hv75012802,"22 km ENE of Honaunau-Napoopoo, Hawaii",Hawaii,US,1.81,ml,,19.543,-155.675166666667,-3.37,2026-08-05T00:10:28Z,2026-08-06T17:28:20Z,2026-08-06T17:28:20Z
usgs:nc75411112,usgs,sismo,"M 1.7 - 10 km ESE of Gilroy, CA",2026-08-04T13:15:45Z,https://earthquake.usgs.gov/earthquakes/eventpage/nc75411112,usgs:nc75411112,"10 km ESE of Gilroy, CA",CA,US,1.71,md,,36.976001739502,-121.456832885742,4.67999982833862,2026-08-04T13:47:26Z,2026-08-06T17:28:20Z,2026-08-06T17:28:20Z
usgs:hv75012797,usgs,sismo,"M 1.7 - 28 km E of Honaunau-Napoopoo, Hawaii",2026-08-04T13:08:33Z,https://earthquake.usgs.gov/earthquakes/eventpage/hv75012797,usgs:hv75012797,"28 km E of Honaunau-Napoopoo, Hawaii",Hawaii,US,1.74,ml,,19.4396667480469,-155.59733581543,40.0299987792969,2026-08-04T13:12:03Z,2026-08-06T17:28:20Z,2026-08-06T17:28:20Z
usgs:tx2026pfqmuy,usgs,sismo,"M 0.7 - 11 km SSW of Forsan, Texas",2026-08-04T12:45:26Z,https://earthquake.usgs.gov/earthquakes/eventpage/tx2026pfqmuy,usgs:tx2026pfqmuy,"11 km SSW of Forsan, Texas",Texas,US,0.7,ml,,32.006,-101.393,8.3252,2026-08-05T09:40:04Z,2026-08-06T17:28:20Z,2026-08-06T17:28:20Z
usgs:ci40665986,usgs,sismo,"M 1.4 - 3 km SE of Frazier Park, CA",2026-08-04T12:33:00Z,https://earthquake.usgs.gov/earthquakes/eventpage/ci40665986,usgs:ci40665986,"3 km SE of Frazier Park, CA",CA,US,1.41,ml,,34.8035,-118.927166666667,13.0,2026-08-04T13:23:11Z,2026-08-06T17:28:20Z,2026-08-06T17:28:20Z
usgs:mb90204228,usgs,sismo,"M 1.1 - 18 km N of Twin Bridges, Montana",2026-08-04T12:31:59Z,https://earthquake.usgs.gov/earthquakes/eventpage/mb90204228,usgs:mb90204228,"18 km N of Twin Bridges, Montana",Montana,US,1.09,ml,,45.7111666666667,-112.291333333333,1.79,2026-08-05T19:21:37Z,2026-08-06T17:28:20Z,2026-08-06T17:28:20Z
usgs:av94357878,usgs,sismo,"M -0.3 - 19 km W of Sitka, Alaska",2026-08-04T12:23:19Z,https://earthquake.usgs.gov/earthquakes/eventpage/av94357878,usgs:av94357878,"19 km W of Sitka, Alaska",Alaska,US,-0.3,ml,,57.0255,-135.649666666667,6.46,2026-08-05T00:30:14Z,2026-08-06T17:28:20Z,2026-08-06T17:28:20Z
usgs:nc75411107,usgs,sismo,"M 1.0 - 1 km S of Angwin, CA",2026-08-04T12:17:58Z,https://earthquake.usgs.gov/earthquakes/eventpage/nc75411107,usgs:nc75411107,"1 km S of Angwin, CA",CA,US,1.01,md,,38.5696678161621,-122.449501037598,-0.449999988079071,2026-08-04T12:19:35Z,2026-08-06T17:28:20Z,2026-08-06T17:28:20Z
usgs:tx2026pfpmuh,usgs,sismo,"M 1.7 - 20 km SE of Lindsay, Texas",2026-08-04T12:15:13Z,https://earthquake.usgs.gov/earthquakes/eventpage/tx2026pfpmuh,usgs:tx2026pfpmuh,"20 km SE of Lindsay, Texas",Texas,US,1.7,ml,,31.253,-103.37,6.8817,2026-08-04T15:06:29Z,2026-08-06T17:28:20Z,2026-08-06T17:28:20Z
usgs:aka2026pibahn,usgs,sismo,"M 1.4 - 47 km SW of Fort Greely, Alaska",2026-08-04T12:09:01Z,https://earthquake.usgs.gov/earthquakes/eventpage/aka2026pibahn,usgs:aka2026pibahn,"47 km SW of Fort Greely, Alaska",Alaska,US,1.4,ml,,63.609,-146.166,5.0,2026-08-04T12:10:16Z,2026-08-06T17:28:20Z,2026-08-06T17:28:20Z
usgs:nm60626196,usgs,sismo,"M 2.6 - 6 km ENE of Steele, Missouri",2026-08-04T12:04:40Z,https://earthquake.usgs.gov/earthquakes/eventpage/nm60626196,usgs:nm60626196,"6 km ENE of Steele, Missouri",Missouri,US,2.63,md,,36.1006666666667,-89.7568333333333,9.79,2026-08-05T05:13:22Z,2026-08-06T17:28:20Z,2026-08-06T17:28:20Z
usgs:mb90204223,usgs,sismo,"M 1.0 - 21 km NNW of Condon, Montana",2026-08-04T11:59:54Z,https://earthquake.usgs.gov/earthquakes/eventpage/mb90204223,usgs:mb90204223,"21 km NNW of Condon, Montana",Montana,US,0.95,ml,,47.7208333333333,-113.768,5.51,2026-08-05T19:13:07Z,2026-08-06T17:28:20Z,2026-08-06T17:28:20Z
usgs:ci40665978,usgs,sismo,"M 1.1 - 3 km NNW of Sylmar, CA",2026-08-04T11:58:08Z,https://earthquake.usgs.gov/earthquakes/eventpage/ci40665978,usgs:ci40665978,"3 km NNW of Sylmar, CA",CA,US,1.13,ml,,34.3308333333333,-118.465,9.22,2026-08-04T13:23:28Z,2026-08-06T17:28:20Z,2026-08-06T17:28:20Z
usgs:mb90204218,usgs,sismo,"M 0.7 - 13 km NW of Livingston, Montana",2026-08-04T11:57:19Z,https://earthquake.usgs.gov/earthquakes/eventpage/mb90204218,usgs:mb90204218,"13 km NW of Livingston, Montana",Montana,US,0.65,ml,,45.7326666666667,-110.708833333333,23.15,2026-08-05T18:30:04Z,2026-08-06T17:28:20Z,2026-08-06T17:28:20Z
usgs:nn00922787,usgs,sismo,"M 1.6 - 19 km ESE of Silver Springs, Nevada",2026-08-04T11:35:44Z,https://earthquake.usgs.gov/earthquakes/eventpage/nn00922787,usgs:nn00922787,"19 km ESE of Silver Springs, Nevada",Nevada,US,1.55,ml,,39.3414,-119.0141,6.5957,2026-08-04T17:15:18Z,2026-08-06T17:28:20Z,2026-08-06T17:28:20Z
usgs:hv75012757,usgs,sismo,"M 1.9 - 15 km SE of Leilani Estates, Hawaii",2026-08-04T11:27:12Z,https://earthquake.usgs.gov/earthquakes/eventpage/hv75012757,usgs:hv75012757,"15 km SE of Leilani Estates, Hawaii",Hawaii,US,1.93,md,,19.3628333333333,-154.8155,41.87,2026-08-05T02:30:37Z,2026-08-06T17:28:20Z,2026-08-06T17:28:20Z
usgs:uw714071021,usgs,sismo,"M 1.2 - 3 km ESE of Enumclaw, Washington",2026-08-04T11:16:19Z,https://earthquake.usgs.gov/earthquakes/eventpage/uw714071021,usgs:uw714071021,"3 km ESE of Enumclaw, Washington",Washington,US,1.19,ml,,47.1886666666667,-121.955666666667,16.99,2026-08-04T17:31:46Z,2026-08-06T17:28:20Z,2026-08-06T17:28:20Z
usgs:pr71527468,usgs,sismo,"M 2.4 - 2 km SW of Indios, Puerto Rico",2026-08-04T11:11:49Z,https://earthquake.usgs.gov/earthquakes/eventpage/pr71527468,usgs:pr71527468,"2 km SW of Indios, Puerto Rico",Puerto Rico,PR,2.39,md,,17.9826666666667,-66.837,9.24,2026-08-04T11:30:13Z,2026-08-06T17:28:20Z,2026-08-06T17:28:20Z
usgs:us6000thzg,usgs,sismo,"M 4.3 - 94 km WSW of Aquiles Serdán, Mexico",2026-08-04T11:07:52Z,https://earthquake.usgs.gov/earthquakes/eventpage/us6000thzg,usgs:us6000thzg,"94 km WSW of Aquiles Serdán, Mexico",Mexico,US,4.3,mb,,14.517,-93.281,34.165,2026-08-04T13:02:44Z,2026-08-06T17:28:20Z,2026-08-06T17:28:20Z
usgs:uu80147056,usgs,sismo,"M 0.8 - 17 km E of Leamington, Utah",2026-08-04T11:00:56Z,https://earthquake.usgs.gov/earthquakes/eventpage/uu80147056,usgs:uu80147056,"17 km E of Leamington, Utah",Utah,US,0.79,md,,39.5528333333333,-112.078666666667,5.79,2026-08-04T14:37:23Z,2026-08-06T17:28:20Z,2026-08-06T17:28:20Z
usgs:av94357663,usgs,sismo,"M 0.0 - 77 km NNW of Karluk, Alaska",2026-08-04T10:55:50Z,https://earthquake.usgs.gov/earthquakes/eventpage/av94357663,usgs:av94357663,"77 km NNW of Karluk, Alaska",Alaska,US,-0.02,ml,,58.208,-154.977666666667,4.7,2026-08-04T22:19:35Z,2026-08-06T17:28:20Z,2026-08-06T17:28:20Z
usgs:tx2026pfmqje,usgs,sismo,"M 2.0 - 28 km ENE of Balmorhea, Texas",2026-08-04T10:52:07Z,https://earthquake.usgs.gov/earthquakes/eventpage/tx2026pfmqje,usgs:tx2026pfmqje,"28 km ENE of Balmorhea, Texas",Texas,US,2.0,ml,,31.09,-103.473,2.6648,2026-08-05T07:26:47Z,2026-08-06T17:28:20Z,2026-08-06T17:28:20Z
usgs:tx2026pfmcno,usgs,sismo,"M 1.3 - 34 km SE of Malaga, New Mexico",2026-08-04T10:33:05Z,https://earthquake.usgs.gov/earthquakes/eventpage/tx2026pfmcno,usgs:tx2026pfmcno,"34 km SE of Malaga, New Mexico",New Mexico,US,1.3,ml,,32.007,-103.817,7.7277,2026-08-04T15:46:00Z,2026-08-06T17:28:20Z,2026-08-06T17:28:20Z
usgs:hv75012722,usgs,sismo,"M 1.7 - 14 km ESE of Pāhala, Hawaii",2026-08-04T10:28:30Z,https://earthquake.usgs.gov/earthquakes/eventpage/hv75012722,usgs:hv75012722,"14 km ESE of Pāhala, Hawaii",Hawaii,US,1.67,ml,,19.1528333333333,-155.350833333333,28.0,2026-08-05T02:27:36Z,2026-08-06T17:28:20Z,2026-08-06T17:28:20Z
usgs:aka2026phxnsy,usgs,sismo,"M 1.8 - 54 km W of Cantwell, Alaska",2026-08-04T10:24:34Z,https://earthquake.usgs.gov/earthquakes/eventpage/aka2026phxnsy,usgs:aka2026phxnsy,"54 km W of Cantwell, Alaska",Alaska,US,1.8,ml,,63.407,-150.033,0.9,2026-08-04T10:26:23Z,2026-08-06T17:28:20Z,2026-08-06T17:28:20Z
usgs:tx2026pfltvj,usgs,sismo,"M 1.6 - 60 km SSW of Whites City, New Mexico",2026-08-04T10:22:42Z,https://earthquake.usgs.gov/earthquakes/eventpage/tx2026pfltvj,usgs:tx2026pfltvj,"60 km SSW of Whites City, New Mexico",New Mexico,US,1.6,ml,,31.64,-104.523,7.074,2026-08-04T15:37:20Z,2026-08-06T17:28:20Z,2026-08-06T17:28:20Z
usgs:pr71527448,usgs,sismo,"M 3.1 - 84 km NNE of Vieques, Puerto Rico",2026-08-04T10:19:26Z,https://earthquake.usgs.gov/earthquakes/eventpage/pr71527448,usgs:pr71527448,"84 km NNE of Vieques, Puerto Rico",Puerto Rico,PR,3.07,md,,19.1236666666667,-65.5076666666667,19.09,2026-08-04T11:05:43Z,2026-08-06T17:28:20Z,2026-08-06T17:28:20Z
usgs:uw714071011,usgs,sismo,"M 0.6 - 31 km N of Amboy, Washington",2026-08-04T10:17:56Z,https://earthquake.usgs.gov/earthquakes/eventpage/uw714071011,usgs:uw714071011,"31 km N of Amboy, Washington",Washington,US,0.63,md,,46.1958333333333,-122.429333333333,15.81,2026-08-04T17:20:45Z,2026-08-06T17:28:20Z,2026-08-06T17:28:20Z
usgs:uw714071001,usgs,sismo,"M 1.0 - 30 km N of Amboy, Washington",2026-08-04T10:15:24Z,https://earthquake.usgs.gov/earthquakes/eventpage/uw714071001,usgs:uw714071001,"30 km N of Amboy, Washington",Washington,US,0.96,md,,46.1835,-122.411333333333,15.9,2026-08-04T17:15:13Z,2026-08-06T17:28:20Z,2026-08-06T17:28:20Z
usgs:tx2026pfllbf,usgs,sismo,"M 0.5 - 25 km SW of Ackerly, Texas",2026-08-04T10:12:59Z,https://earthquake.usgs.gov/earthquakes/eventpage/tx2026pfllbf,usgs:tx2026pfllbf,"25 km SW of Ackerly, Texas",Texas,US,0.5,ml,,32.356,-101.905,7.2021,2026-08-04T16:19:46Z,2026-08-06T17:28:20Z,2026-08-06T17:28:20Z
usgs:aka2026phwtod,usgs,sismo,"M 2.6 - 54 km NNW of Petersville, Alaska",2026-08-04T10:01:11Z,https://earthquake.usgs.gov/earthquakes/eventpage/aka2026phwtod,usgs:aka2026phwtod,"54 km NNW of Petersville, Alaska",Alaska,US,2.6,ml,,62.967,-151.019,126.8,2026-08-04T10:03:31Z,2026-08-06T17:28:20Z,2026-08-06T17:28:20Z
usgs:ci40665970,usgs,sismo,"M 1.2 - 17 km WNW of Progreso, B.C., MX",2026-08-04T10:00:01Z,https://earthquake.usgs.gov/earthquakes/eventpage/ci40665970,usgs:ci40665970,"17 km WNW of Progreso, B.C., MX",MX,MX,1.24,ml,,32.6426666666667,-115.746,6.33,2026-08-04T16:08:11Z,2026-08-06T17:28:20Z,2026-08-06T17:28:20Z
usgs:hv75012717,usgs,sismo,"M 1.7 - 10 km E of Pāhala, Hawaii",2026-08-04T09:58:06Z,https://earthquake.usgs.gov/earthquakes/eventpage/hv75012717,usgs:hv75012717,"10 km E of Pāhala, Hawaii",Hawaii,US,1.7,ml,,19.1968333333333,-155.375666666667,29.42,2026-08-05T02:14:05Z,2026-08-06T17:28:20Z,2026-08-06T17:28:20Z
usgs:nc75411092,usgs,sismo,"M 1.3 - 14 km SE of Mammoth Lakes, CA",2026-08-04T09:56:40Z,https://earthquake.usgs.gov/earthquakes/eventpage/nc75411092,usgs:nc75411092,"14 km SE of Mammoth Lakes, CA",CA,US,1.29,md,,37.5418319702148,-118.875999450684,4.48000001907349,2026-08-04T10:47:24Z,2026-08-06T17:28:20Z,2026-08-06T17:28:20Z
usgs:ci40665962,usgs,sismo,"M 1.8 - 27 km NNE of El Sauzal, B.C., MX",2026-08-04T09:55:29Z,https://earthquake.usgs.gov/earthquakes/eventpage/ci40665962,usgs:ci40665962,"27 km NNE of El Sauzal, B.C., MX",MX,MX,1.81,ml,,32.1346666666667,-116.609166666667,14.12,2026-08-04T13:24:13Z,2026-08-06T17:28:20Z,2026-08-06T17:28:20Z
usgs:ci40665954,usgs,sismo,"M 0.2 - 5 km NNW of Lake Henshaw, CA",2026-08-04T09:53:53Z,https://earthquake.usgs.gov/earthquakes/eventpage/ci40665954,usgs:ci40665954,"5 km NNW of Lake Henshaw, CA",CA,US,0.2,ml,,33.2836666666667,-116.784,14.85,2026-08-04T13:24:01Z,2026-08-06T17:28:20Z,2026-08-06T17:28:20Z
usgs:hv75012712,usgs,sismo,"M 1.9 - 5 km SSE of Pāhala, Hawaii",2026-08-04T09:48:12Z,https://earthquake.usgs.gov/earthquakes/eventpage/hv75012712,usgs:hv75012712,"5 km SSE of Pāhala, Hawaii",Hawaii,US,1.92,md,,19.1555004119873,-155.457168579102,31.2000007629395,2026-08-04T09:51:39Z,2026-08-06T17:28:20Z,2026-08-06T17:28:20Z
usgs:aka2026phwetk,usgs,sismo,"M 3.3 - 47 km NE of Susitna North, Alaska",2026-08-04T09:45:40Z,https://earthquake.usgs.gov/earthquakes/eventpage/aka2026phwetk,usgs:aka2026phwetk,"47 km NE of Susitna North, Alaska",Alaska,US,3.3,ml,,62.439,-149.167,57.6,2026-08-05T03:15:21Z,2026-08-06T17:28:20Z,2026-08-06T17:28:20Z
usgs:nc75411087,usgs,sismo,"M 0.8 - 4 km NW of The Geysers, CA",2026-08-04T09:45:31Z,https://earthquake.usgs.gov/earthquakes/eventpage/nc75411087,usgs:nc75411087,"4 km NW of The Geysers, CA",CA,US,0.75,md,,38.8050003051758,-122.781829833984,0.709999978542328,2026-08-04T09:47:10Z,2026-08-06T17:28:20Z,2026-08-06T17:28:20Z
usgs:aka2026phwcjm,usgs,sismo,"M 1.5 - 41 km NE of Valdez, Alaska",2026-08-04T09:41:29Z,https://earthquake.usgs.gov/earthquakes/eventpage/aka2026phwcjm,usgs:aka2026phwcjm,"41 km NE of Valdez, Alaska",Alaska,US,1.5,ml,,61.432,-145.904,43.9,2026-08-04T09:44:55Z,2026-08-06T17:28:20Z,2026-08-06T17:28:20Z
usgs:tx2026pfkhii,usgs,sismo,"M 1.5 - 59 km SSW of Whites City, New Mexico",2026-08-04T09:38:03Z,https://earthquake.usgs.gov/earthquakes/eventpage/tx2026pfkhii,usgs:tx2026pfkhii,"59 km SSW of Whites City, New Mexico",New Mexico,US,1.5,ml,,31.655,-104.524,6.4587,2026-08-04T15:39:52Z,2026-08-06T17:28:20Z,2026-08-06T17:28:20Z
usgs:nn00922773,usgs,sismo,"M 1.6 - 65 km SSW of Lund, Nevada",2026-08-04T09:34:21Z,https://earthquake.usgs.gov/earthquakes/eventpage/nn00922773,usgs:nn00922773,"65 km SSW of Lund, Nevada",Nevada,US,1.58,ml,,38.2981,-115.2422,0.0,2026-08-04T17:40:42Z,2026-08-06T17:28:20Z,2026-08-06T17:28:20Z
usgs:us6000thyw,usgs,sismo,"M 4.1 - 116 km NNE of Mīnāb, Iran",2026-08-04T09:33:22Z,https://earthquake.usgs.gov/earthquakes/eventpage/us6000thyw,usgs:us6000thyw,"116 km NNE of Mīnāb, Iran",Iran,IR,4.1,mb,,28.086,57.5729,30.678,2026-08-04T13:37:54Z,2026-08-06T17:28:20Z,2026-08-06T17:28:20Z
usgs:tx2026pfjxck,usgs,sismo,"M 0.7 - 15 km ESE of Stanton, Texas",2026-08-04T09:26:09Z,https://earthquake.usgs.gov/earthquakes/eventpage/tx2026pfjxck,usgs:tx2026pfjxck,"15 km ESE of Stanton, Texas",Texas,US,0.7,ml,,32.071,-101.638,4.4434,2026-08-04T16:15:31Z,2026-08-06T17:28:20Z,2026-08-06T17:28:20Z
usgs:nc75411082,usgs,sismo,"M 0.7 - 8 km WNW of Cobb, CA",2026-08-04T09:21:05Z,https://earthquake.usgs.gov/earthquakes/eventpage/nc75411082,usgs:nc75411082,"8 km WNW of Cobb, CA",CA,US,0.71,md,,38.8446655273438,-122.806831359863,2.47000002861023,2026-08-04T09:22:39Z,2026-08-06T17:28:20Z,2026-08-06T17:28:20Z
usgs:ci10247678,usgs,sismo,"M 1.0 - 7 km NE of Moreno Valley, CA",2026-08-04T09:19:41Z,https://earthquake.usgs.gov/earthquakes/eventpage/ci10247678,usgs:ci10247678,"7 km NE of Moreno Valley, CA",CA,US,1.01,ml,,33.9728333333333,-117.1775,14.01,2026-08-04T14:35:05Z,2026-08-06T17:28:20Z,2026-08-06T17:28:20Z
usgs:ci40665946,usgs,sismo,"M 1.4 - 7 km NE of Moreno Valley, CA",2026-08-04T09:19:32Z,https://earthquake.usgs.gov/earthquakes/eventpage/ci40665946,usgs:ci40665946,"7 km NE of Moreno Valley, CA",CA,US,1.4,ml,,33.9713333333333,-117.177333333333,13.88,2026-08-04T14:25:49Z,2026-08-06T17:28:20Z,2026-08-06T17:28:20Z
usgs:uu80147051,usgs,sismo,"M 1.0 - 12 km NE of Milford, Utah",2026-08-04T09:16:13Z,https://earthquake.usgs.gov/earthquakes/eventpage/uu80147051,usgs:uu80147051,"12 km NE of Milford, Utah",Utah,US,1.04,md,,38.4788333333333,-112.9065,2.51,2026-08-04T13:18:37Z,2026-08-06T17:28:20Z,2026-08-06T17:28:20Z
usgs:nc75411077,usgs,sismo,"M 1.8 - 10 km ESE of Gilroy, CA",2026-08-04T09:13:18Z,https://earthquake.usgs.gov/earthquakes/eventpage/nc75411077,usgs:nc75411077,"10 km ESE of Gilroy, CA",CA,US,1.75,md,,36.980167388916,-121.457832336426,4.28999996185303,2026-08-04T09:57:22Z,2026-08-06T17:28:20Z,2026-08-06T17:28:20Z
usgs:av94357483,usgs,sismo,"M 1.1 - 87 km W of Adak, Alaska",2026-08-04T09:07:13Z,https://earthquake.usgs.gov/earthquakes/eventpage/av94357483,usgs:av94357483,"87 km W of Adak, Alaska",Alaska,US,1.14,ml,,51.8608333333333,-177.9095,4.91,2026-08-05T00:11:44Z,2026-08-06T17:28:20Z,2026-08-06T17:28:20Z
usgs:ci40665938,usgs,sismo,"M 0.9 - 2 km SSW of View Park-Windsor Hills, CA",2026-08-04T09:05:44Z,https://earthquake.usgs.gov/earthquakes/eventpage/ci40665938,usgs:ci40665938,"2 km SSW of View Park-Windsor Hills, CA",CA,US,0.88,ml,,33.9795,-118.361,9.24,2026-08-04T16:34:51Z,2026-08-06T17:28:20Z,2026-08-06T17:28:20Z
usgs:ci40665930,usgs,sismo,"M 1.4 - 5 km SSE of Malibu Beach, CA",2026-08-04T09:03:59Z,https://earthquake.usgs.gov/earthquakes/eventpage/ci40665930,usgs:ci40665930,"5 km SSE of Malibu Beach, CA",CA,US,1.44,ml,,33.9895,-118.6755,10.62,2026-08-04T13:29:27Z,2026-08-06T17:28:20Z,2026-08-06T17:28:20Z
usgs:tx2026pfjcdh,usgs,sismo,"M 0.9 - 14 km NW of Midland, Texas",2026-08-04T09:02:08Z,https://earthquake.usgs.gov/earthquakes/eventpage/tx2026pfjcdh,usgs:tx2026pfjcdh,"14 km NW of Midland, Texas",Texas,US,0.9,ml,,32.081,-102.196,7.2998,2026-08-04T15:53:55Z,2026-08-06T17:28:20Z,2026-08-06T17:28:20Z
usgs:aka2026phulrk,usgs,sismo,"M 1.5 - 85 km NNW of Karluk, Alaska",2026-08-04T08:52:14Z,https://earthquake.usgs.gov/earthquakes/eventpage/aka2026phulrk,usgs:aka2026phulrk,"85 km NNW of Karluk, Alaska",Alaska,US,1.5,ml,,58.285,-154.963,5.0,2026-08-04T23:56:42Z,2026-08-06T17:28:20Z,2026-08-06T17:28:20Z
usgs:nc75411072,usgs,sismo,"M 1.1 - 4 km NNW of The Geysers, CA",2026-08-04T08:52:03Z,https://earthquake.usgs.gov/earthquakes/eventpage/nc75411072,usgs:nc75411072,"4 km NNW of The Geysers, CA",CA,US,1.1,md,,38.8078346252441,-122.772499084473,2.09999990463257,2026-08-04T09:32:23Z,2026-08-06T17:28:20Z,2026-08-06T17:28:20Z
usgs:ci40665922,usgs,sismo,"M 0.9 - 17 km WSW of Johannesburg, CA",2026-08-04T08:49:40Z,https://earthquake.usgs.gov/earthquakes/eventpage/ci40665922,usgs:ci40665922,"17 km WSW of Johannesburg, CA",CA,US,0.93,ml,,35.3053333333333,-117.808833333333,7.18,2026-08-04T13:29:10Z,2026-08-06T17:28:20Z,2026-08-06T17:28:20Z
usgs:pr71527648,usgs,sismo,"M 3.3 - 43 km N of Charlotte Amalie, U.S. Virgin Islands",2026-08-04T08:44:30Z,https://earthquake.usgs.gov/earthquakes/eventpage/pr71527648,usgs:pr71527648,"43 km N of Charlotte Amalie, U.S. Virgin Islands",U.S. Virgin Islands,VI,3.33,md,,18.7355,-64.9206666666667,18.27,2026-08-05T20:27:14Z,2026-08-06T17:28:20Z,2026-08-06T17:28:20Z
usgs:pr2026216000,usgs,sismo,"M 3.7 - 107 km NNE of Punta Cana, Dominican Republic",2026-08-04T08:41:12Z,https://earthquake.usgs.gov/earthquakes/eventpage/pr2026216000,usgs:pr2026216000,"107 km NNE of Punta Cana, Dominican Republic",Dominican Republic,DO,3.65,md,,19.5315,-68.2045,77.0,2026-08-05T08:59:32Z,2026-08-06T17:28:20Z,2026-08-06T17:28:20Z
usgs:se60626191,usgs,sismo,"M 2.0 - 8 km SSE of Etowah, Tennessee",2026-08-04T08:38:23Z,https://earthquake.usgs.gov/earthquakes/eventpage/se60626191,usgs:se60626191,"8 km SSE of Etowah, Tennessee",Tennessee,US,1.99,md,,35.2518333333333,-84.4911666666667,16.22,2026-08-05T13:20:14Z,2026-08-06T17:28:20Z,2026-08-06T17:28:20Z
usgs:av93065339,usgs,sismo,"M 0.3 - 68 km NE of Nikolski, Alaska",2026-08-04T08:06:59Z,https://earthquake.usgs.gov/earthquakes/eventpage/av93065339,usgs:av93065339,"68 km NE of Nikolski, Alaska",Alaska,US,0.32,ml,,53.3911666666667,-168.175166666667,0.45,2026-08-05T00:06:14Z,2026-08-06T17:28:20Z,2026-08-06T17:28:20Z
usgs:us6000ti1e,usgs,sismo,"M 3.3 - 232 km ESE of Attu Station, Alaska",2026-08-04T08:06:53Z,https://earthquake.usgs.gov/earthquakes/eventpage/us6000ti1e,usgs:us6000ti1e,"232 km ESE of Attu Station, Alaska",Alaska,US,3.3,ml,,51.9645,176.2912,10.0,2026-08-05T08:45:57Z,2026-08-06T17:28:20Z,2026-08-06T17:28:20Z
usgs:pr71527433,usgs,sismo,"M 2.9 - 44 km N of Charlotte Amalie, U.S. Virgin Islands",2026-08-04T08:02:09Z,https://earthquake.usgs.gov/earthquakes/eventpage/pr71527433,usgs:pr71527433,"44 km N of Charlotte Amalie, U.S. Virgin Islands",U.S. Virgin Islands,VI,2.92,md,,18.7468333333333,-64.9313333333333,19.96,2026-08-04T11:12:20Z,2026-08-06T17:28:20Z,2026-08-06T17:28:20Z
usgs:tx2026pfhbvx,usgs,sismo,"M 1.3 - 19 km NW of Toyah, Texas",2026-08-04T08:01:23Z,https://earthquake.usgs.gov/earthquakes/eventpage/tx2026pfhbvx,usgs:tx2026pfhbvx,"19 km NW of Toyah, Texas",Texas,US,1.3,ml,,31.431,-103.941,6.087,2026-08-04T15:05:53Z,2026-08-06T17:28:20Z,2026-08-06T17:28:20Z
usgs:nc75411057,usgs,sismo,"M 0.8 - 1 km ENE of The Geysers, CA",2026-08-04T07:55:29Z,https://earthquake.usgs.gov/earthquakes/eventpage/nc75411057,usgs:nc75411057,"1 km ENE of The Geysers, CA",CA,US,0.78,md,,38.7796669006348,-122.744003295898,0.980000019073486,2026-08-04T07:57:04Z,2026-08-06T17:28:20Z,2026-08-06T17:28:20Z
usgs:tx2026pfgpxh,usgs,sismo,"M 2.2 - 60 km S of Whites City, New Mexico",2026-08-04T07:51:16Z,https://earthquake.usgs.gov/earthquakes/eventpage/tx2026pfgpxh,usgs:tx2026pfgpxh,"60 km S of Whites City, New Mexico",New Mexico,US,2.2,ml,,31.631,-104.387,6.3562,2026-08-04T15:20:54Z,2026-08-06T17:28:20Z,2026-08-06T17:28:20Z
usgs:pr71527418,usgs,sismo,"M 3.1 - 42 km N of Charlotte Amalie, U.S. Virgin Islands",2026-08-04T07:50:03Z,https://earthquake.usgs.gov/earthquakes/eventpage/pr71527418,usgs:pr71527418,"42 km N of Charlotte Amalie, U.S. Virgin Islands",U.S. Virgin Islands,VI,3.1,md,,18.724,-64.9256666666667,30.89,2026-08-04T11:11:44Z,2026-08-06T17:28:20Z,2026-08-06T17:28:20Z
usgs:tx2026pfgrvu,usgs,sismo,"M 0.6 - 20 km NW of Stanton, Texas",2026-08-04T07:49:32Z,https://earthquake.usgs.gov/earthquakes/eventpage/tx2026pfgrvu,usgs:tx2026pfgrvu,"20 km NW of Stanton, Texas",Texas,US,0.6,ml,,32.24,-101.956,8.374,2026-08-04T16:07:48Z,2026-08-06T17:28:20Z,2026-08-06T17:28:20Z
usgs:nc75411047,usgs,sismo,"M 1.5 - 8 km NW of The Geysers, CA",2026-08-04T07:44:35Z,https://earthquake.usgs.gov/earthquakes/eventpage/nc75411047,usgs:nc75411047,"8 km NW of The Geysers, CA",CA,US,1.54,md,,38.8315010070801,-122.81616973877,1.55999994277954,2026-08-04T08:42:21Z,2026-08-06T17:28:20Z,2026-08-06T17:28:20Z
usgs:av94357258,usgs,sismo,"M -0.2 - 67 km WNW of Beluga, Alaska",2026-08-04T07:41:37Z,https://earthquake.usgs.gov/earthquakes/eventpage/av94357258,usgs:av94357258,"67 km WNW of Beluga, Alaska",Alaska,US,-0.22,ml,,61.3513333333333,-152.261833333333,2.82,2026-08-04T23:49:11Z,2026-08-06T17:28:20Z,2026-08-06T17:28:20Z
usgs:nc75411042,usgs,sismo,"M 1.3 - 7 km ESE of Cloverdale, CA",2026-08-04T07:25:40Z,https://earthquake.usgs.gov/earthquakes/eventpage/nc75411042,usgs:nc75411042,"7 km ESE of Cloverdale, CA",CA,US,1.31,md,,38.7731666564941,-122.949165344238,5.3600001335144,2026-08-04T08:17:25Z,2026-08-06T17:28:20Z,2026-08-06T17:28:20Z
usgs:aka2026phrhzm,usgs,sismo,"M 0.8 - 62 km SSW of McCarthy, Alaska",2026-08-04T07:18:01Z,https://earthquake.usgs.gov/earthquakes/eventpage/aka2026phrhzm,usgs:aka2026phrhzm,"62 km SSW of McCarthy, Alaska",Alaska,US,0.8,ml,,60.886,-143.158,5.0,2026-08-04T07:19:11Z,2026-08-06T17:28:20Z,2026-08-06T17:28:20Z
usgs:us6000thym,usgs,sismo,"M 4.6 - 112 km WSW of Puerto Madero, Mexico",2026-08-04T07:07:08Z,https://earthquake.usgs.gov/earthquakes/eventpage/us6000thym,usgs:us6000thym,"112 km WSW of Puerto Madero, Mexico",Mexico,US,4.6,mb,,14.3215,-93.3796,10.0,2026-08-04T07:31:37Z,2026-08-06T17:28:20Z,2026-08-06T17:28:20Z
usgs:aka2026phqxpm,usgs,sismo,"M 1.4 - 38 km SSE of Nelchina, Alaska",2026-08-04T07:06:02Z,https://earthquake.usgs.gov/earthquakes/eventpage/aka2026phqxpm,usgs:aka2026phqxpm,"38 km SSE of Nelchina, Alaska",Alaska,US,1.4,ml,,61.677,-146.49,32.3,2026-08-04T07:07:39Z,2026-08-06T17:28:20Z,2026-08-06T17:28:20Z
usgs:nc75411037,usgs,sismo,"M 1.0 - 7 km ESE of Cloverdale, CA",2026-08-04T07:05:22Z,https://earthquake.usgs.gov/earthquakes/eventpage/nc75411037,usgs:nc75411037,"7 km ESE of Cloverdale, CA",CA,US,1.04,md,,38.771167755127,-122.946830749512,3.29999995231628,2026-08-04T07:06:58Z,2026-08-06T17:28:20Z,2026-08-06T17:28:20Z
usgs:hv75012642,usgs,sismo,"M 1.8 - 7 km SSW of Pāhala, Hawaii",2026-08-04T06:57:04Z,https://earthquake.usgs.gov/earthquakes/eventpage/hv75012642,usgs:hv75012642,"7 km SSW of Pāhala, Hawaii",Hawaii,US,1.79,ml,,19.14,-155.499833333333,35.54,2026-08-05T02:10:33Z,2026-08-06T17:28:20Z,2026-08-06T17:28:20Z
usgs:uw714070981,usgs,sismo,"M 0.1 - 39 km NE of Amboy, Washington",2026-08-04T06:47:28Z,https://earthquake.usgs.gov/earthquakes/eventpage/uw714070981,usgs:uw714070981,"39 km NE of Amboy, Washington",Washington,US,0.06,md,,46.2023333333333,-122.149333333333,6.8,2026-08-04T17:09:47Z,2026-08-06T17:28:20Z,2026-08-06T17:28:20Z
usgs:aka2026phqabe,usgs,sismo,"M 1.5 - 47 km NE of Whittier, Alaska",2026-08-04T06:38:53Z,https://earthquake.usgs.gov/earthquakes/eventpage/aka2026phqabe,usgs:aka2026phqabe,"47 km NE of Whittier, Alaska",Alaska,US,1.5,ml,,61.027,-147.991,36.6,2026-08-04T06:41:47Z,2026-08-06T17:28:20Z,2026-08-06T17:28:20Z
usgs:ci40665914,usgs,sismo,"M 1.9 - 31 km N of Searles Valley, CA",2026-08-04T06:15:01Z,https://earthquake.usgs.gov/earthquakes/eventpage/ci40665914,usgs:ci40665914,"31 km N of Searles Valley, CA",CA,US,1.93,ml,,36.0451666666667,-117.364666666667,1.78,2026-08-04T13:27:31Z,2026-08-06T17:28:20Z,2026-08-06T17:28:20Z
usgs:uw714070971,usgs,sismo,"M 0.7 - 4 km NW of Wilsonville, Oregon",2026-08-04T06:03:32Z,https://earthquake.usgs.gov/earthquakes/eventpage/uw714070971,usgs:uw714070971,"4 km NW of Wilsonville, Oregon",Oregon,US,0.68,md,,45.3203333333333,-122.816333333333,20.46,2026-08-04T15:10:47Z,2026-08-06T17:28:20Z,2026-08-06T17:28:20Z
usgs:tx2026pfdecg,usgs,sismo,"M 1.1 - 48 km S of Whites City, New Mexico",2026-08-04T06:03:11Z,https://earthquake.usgs.gov/earthquakes/eventpage/tx2026pfdecg,usgs:tx2026pfdecg,"48 km S of Whites City, New Mexico",New Mexico,US,1.1,ml,,31.737,-104.373,0.0,2026-08-04T07:00:17Z,2026-08-06T17:28:20Z,2026-08-06T17:28:20Z
usgs:us6000thyc,usgs,sismo,"M 4.3 - 92 km WSW of Puerto Madero, Mexico",2026-08-04T05:58:49Z,https://earthquake.usgs.gov/earthquakes/eventpage/us6000thyc,usgs:us6000thyc,"92 km WSW of Puerto Madero, Mexico",Mexico,US,4.3,mb,,14.4676,-93.2367,10.0,2026-08-04T07:25:19Z,2026-08-06T17:28:20Z,2026-08-06T17:28:20Z
usgs:pr71527413,usgs,sismo,"M 2.1 - 3 km N of Guayanilla, Puerto Rico",2026-08-04T05:54:59Z,https://earthquake.usgs.gov/earthquakes/eventpage/pr71527413,usgs:pr71527413,"3 km N of Guayanilla, Puerto Rico",Puerto Rico,PR,2.1,md,,18.0485,-66.7955,16.28,2026-08-04T11:24:37Z,2026-08-06T17:28:20Z,2026-08-06T17:28:20Z
usgs:ci40665906,usgs,sismo,"M 2.4 - 25 km WNW of Inyokern, CA",2026-08-04T05:52:05Z,https://earthquake.usgs.gov/earthquakes/eventpage/ci40665906,usgs:ci40665906,"25 km WNW of Inyokern, CA",CA,US,2.43,ml,,35.7261666666667,-118.070166666667,3.59,2026-08-04T14:13:03Z,2026-08-06T17:28:20Z,2026-08-06T17:28:20Z
usgs:nc75411017,usgs,sismo,"M 1.1 - 1 km ESE of The Geysers, CA",2026-08-04T05:51:47Z,https://earthquake.usgs.gov/earthquakes/eventpage/nc75411017,usgs:nc75411017,"1 km ESE of The Geysers, CA",CA,US,1.06,md,,38.772834777832,-122.746170043945,1.76999998092651,2026-08-04T05:53:23Z,2026-08-06T17:28:20Z,2026-08-06T17:28:20Z
usgs:pr2026216001,usgs,sismo,"M 3.5 - 85 km N of Cruz Bay, U.S. Virgin Islands",2026-08-04T05:48:36Z,https://earthquake.usgs.gov/earthquakes/eventpage/pr2026216001,usgs:pr2026216001,"85 km N of Cruz Bay, U.S. Virgin Islands",U.S. Virgin Islands,VI,3.5,md,,19.097,-64.6625,68.0,2026-08-05T09:30:40Z,2026-08-06T17:28:20Z,2026-08-06T17:28:20Z
usgs:us6000ti1f,usgs,sismo,"M 3.4 - 232 km ESE of Attu Station, Alaska",2026-08-04T05:44:18Z,https://earthquake.usgs.gov/earthquakes/eventpage/us6000ti1f,usgs:us6000ti1f,"232 km ESE of Attu Station, Alaska",Alaska,US,3.4,ml,,52.1564,176.4105,11.627,2026-08-05T09:27:38Z,2026-08-06T17:28:20Z,2026-08-06T17:28:20Z
usgs:ci40665898,usgs,sismo,"M 0.8 - 1 km WNW of Loma Linda, CA",2026-08-04T05:26:14Z,https://earthquake.usgs.gov/earthquakes/eventpage/ci40665898,usgs:ci40665898,"1 km WNW of Loma Linda, CA",CA,US,0.78,ml,,34.0521666666667,-117.268333333333,15.04,2026-08-04T16:28:48Z,2026-08-06T17:28:20Z,2026-08-06T17:28:20Z
usgs:aka2026phnlug,usgs,sismo,"M 1.2 - 26 km S of Central, Alaska",2026-08-04T05:22:27Z,https://earthquake.usgs.gov/earthquakes/eventpage/aka2026phnlug,usgs:aka2026phnlug,"26 km S of Central, Alaska",Alaska,US,1.2,ml,,65.333,-144.806,5.0,2026-08-04T05:24:23Z,2026-08-06T17:28:20Z,2026-08-06T17:28:20Z
usgs:av94356983,usgs,sismo,"M 1.1 - 151 km W of Adak, Alaska",2026-08-04T05:20:29Z,https://earthquake.usgs.gov/earthquakes/eventpage/av94356983,usgs:av94356983,"151 km W of Adak, Alaska",Alaska,US,1.09,ml,,51.7881666666667,-178.834666666667,9.62,2026-08-04T22:11:04Z,2026-08-06T17:28:20Z,2026-08-06T17:28:20Z
usgs:mb90204193,usgs,sismo,"M 1.3 - 13 km NNW of Ennis, Montana",2026-08-04T05:19:38Z,https://earthquake.usgs.gov/earthquakes/eventpage/mb90204193,usgs:mb90204193,"13 km NNW of Ennis, Montana",Montana,US,1.31,ml,,45.4643333333333,-111.785666666667,4.06,2026-08-05T15:01:23Z,2026-08-06T17:28:20Z,2026-08-06T17:28:20Z
usgs:ci40665890,usgs,sismo,"M 0.9 - 18 km NNE of Indio, CA",2026-08-04T05:19:12Z,https://earthquake.usgs.gov/earthquakes/eventpage/ci40665890,usgs:ci40665890,"18 km NNE of Indio, CA",CA,US,0.88,ml,,33.879,-116.1735,3.22,2026-08-04T13:27:35Z,2026-08-06T17:28:20Z,2026-08-06T17:28:20Z
usgs:nc75411002,usgs,sismo,"M 1.3 - 2 km NNW of The Geysers, CA",2026-08-04T05:16:13Z,https://earthquake.usgs.gov/earthquakes/eventpage/nc75411002,usgs:nc75411002,"2 km NNW of The Geysers, CA",CA,US,1.28,md,,38.7910003662109,-122.760330200195,1.35000002384186,2026-08-04T05:47:26Z,2026-08-06T17:28:20Z,2026-08-06T17:28:20Z
usgs:av94356938,usgs,sismo,"M 0.8 - 84 km NW of Karluk, Alaska",2026-08-04T05:05:38Z,https://earthquake.usgs.gov/earthquakes/eventpage/av94356938,usgs:av94356938,"84 km NW of Karluk, Alaska",Alaska,US,0.77,ml,,58.1878333333333,-155.2755,1.41,2026-08-04T23:37:11Z,2026-08-06T17:28:20Z,2026-08-06T17:28:20Z
usgs:av94356928,usgs,sismo,"M 0.3 - 3 km W of Dutch Harbor, Alaska",2026-08-04T05:01:15Z,https://earthquake.usgs.gov/earthquakes/eventpage/av94356928,usgs:av94356928,"3 km W of Dutch Harbor, Alaska",Alaska,US,0.28,ml,,53.8933333333333,-166.602666666667,7.5,2026-08-04T23:26:39Z,2026-08-06T17:28:20Z,2026-08-06T17:28:20Z
usgs:tx2026pfarqi,usgs,sismo,"M 0.1 - 15 km W of Stanton, Texas",2026-08-04T04:48:15Z,https://earthquake.usgs.gov/earthquakes/eventpage/tx2026pfarqi,usgs:tx2026pfarqi,"15 km W of Stanton, Texas",Texas,US,0.1,ml,,32.103,-101.948,8.5205,2026-08-05T12:09:54Z,2026-08-06T17:28:20Z,2026-08-06T17:28:20Z
usgs:us6000thxt,usgs,sismo,"M 4.4 - 227 km SSE of Shimoda, Japan",2026-08-04T04:46:30Z,https://earthquake.usgs.gov/earthquakes/eventpage/us6000thxt,usgs:us6000thxt,"227 km SSE of Shimoda, Japan",Japan,JP,4.4,mb,,32.9501,140.276,105.368,2026-08-04T05:33:00Z,2026-08-06T17:28:20Z,2026-08-06T17:28:20Z
usgs:aka2026phlvgg,usgs,sismo,"M 3.8 - 231 km ESE of Attu Station, Alaska",2026-08-04T04:33:23Z,https://earthquake.usgs.gov/earthquakes/eventpage/aka2026phlvgg,usgs:aka2026phlvgg,"231 km ESE of Attu Station, Alaska",Alaska,US,3.8,ml,,51.893,176.203,5.0,2026-08-04T17:43:37Z,2026-08-06T17:28:20Z,2026-08-06T17:28:20Z
usgs:aka2026phlttt,usgs,sismo,"M 1.4 - 40 km E of Stevens Village, Alaska",2026-08-04T04:31:41Z,https://earthquake.usgs.gov/earthquakes/eventpage/aka2026phlttt,usgs:aka2026phlttt,"40 km E of Stevens Village, Alaska",Alaska,US,1.4,ml,,65.997,-148.209,11.5,2026-08-04T04:33:25Z,2026-08-06T17:28:20Z,2026-08-06T17:28:20Z
usgs:ci40665882,usgs,sismo,"M 1.1 - 21 km SSW of Frazier Park, CA",2026-08-04T04:29:34Z,https://earthquake.usgs.gov/earthquakes/eventpage/ci40665882,usgs:ci40665882,"21 km SSW of Frazier Park, CA",CA,US,1.05,ml,,34.6408333333333,-119.0195,9.29,2026-08-04T13:27:51Z,2026-08-06T17:28:20Z,2026-08-06T17:28:20Z
usgs:nc75410997,usgs,sismo,"M 1.3 - 8 km ESE of Cloverdale, CA",2026-08-04T04:29:11Z,https://earthquake.usgs.gov/earthquakes/eventpage/nc75410997,usgs:nc75410997,"8 km ESE of Cloverdale, CA",CA,US,1.32,md,,38.772834777832,-122.937164306641,2.65000009536743,2026-08-04T05:07:22Z,2026-08-06T17:28:20Z,2026-08-06T17:28:20Z
usgs:tx2026pezyru,usgs,sismo,"M 1.0 - 34 km SE of Malaga, New Mexico",2026-08-04T04:26:30Z,https://earthquake.usgs.gov/earthquakes/eventpage/tx2026pezyru,usgs:tx2026pezyru,"34 km SE of Malaga, New Mexico",New Mexico,US,1.0,ml,,32.009,-103.813,7.843,2026-08-04T12:46:53Z,2026-08-06T17:28:20Z,2026-08-06T17:28:20Z
usgs:aka2026phlmdg,usgs,sismo,"M 1.7 - 81 km WNW of Yakutat, Alaska",2026-08-04T04:22:48Z,https://earthquake.usgs.gov/earthquakes/eventpage/aka2026phlmdg,usgs:aka2026phlmdg,"81 km WNW of Yakutat, Alaska",Alaska,US,1.7,ml,,59.861,-141.027,10.4,2026-08-04T04:24:22Z,2026-08-06T17:28:20Z,2026-08-06T17:28:20Z
usgs:pr71527393,usgs,sismo,"M 2.1 - 3 km SW of Indios, Puerto Rico",2026-08-04T04:22:10Z,https://earthquake.usgs.gov/earthquakes/eventpage/pr71527393,usgs:pr71527393,"3 km SW of Indios, Puerto Rico",Puerto Rico,PR,2.13,md,,17.9665,-66.8418333333333,14.91,2026-08-04T10:55:50Z,2026-08-06T17:28:20Z,2026-08-06T17:28:20Z
usgs:nc75410987,usgs,sismo,"M 0.8 - 3 km N of Piedmont, CA",2026-08-04T04:17:51Z,https://earthquake.usgs.gov/earthquakes/eventpage/nc75410987,usgs:nc75410987,"3 km N of Piedmont, CA",CA,US,0.75,md,,37.8516654968262,-122.237663269043,8.64000034332275,2026-08-04T04:19:28Z,2026-08-06T17:28:20Z,2026-08-06T17:28:20Z
usgs:nn00922753,usgs,sismo,"M 2.0 - 17 km NNW of Indian Springs, Nevada",2026-08-04T04:16:24Z,https://earthquake.usgs.gov/earthquakes/eventpage/nn00922753,usgs:nn00922753,"17 km NNW of Indian Springs, Nevada",Nevada,US,2.03,ml,,36.7144,-115.7517,5.4278,2026-08-04T16:15:08Z,2026-08-06T17:28:20Z,2026-08-06T17:28:20Z
usgs:nc75410982,usgs,sismo,"M 2.7 - 12 km SE of Middletown, CA",2026-08-04T04:12:38Z,https://earthquake.usgs.gov/earthquakes/eventpage/nc75410982,usgs:nc75410982,"12 km SE of Middletown, CA",CA,US,2.65,md,,38.6839981079102,-122.500663757324,5.44999980926514,2026-08-04T06:12:19Z,2026-08-06T17:28:20Z,2026-08-06T17:28:20Z
usgs:av94356713,usgs,sismo,"M 0.5 - 153 km W of Adak, Alaska",2026-08-04T03:46:02Z,https://earthquake.usgs.gov/earthquakes/eventpage/av94356713,usgs:av94356713,"153 km W of Adak, Alaska",Alaska,US,0.51,ml,,51.7935,-178.858,6.3,2026-08-04T22:08:34Z,2026-08-06T17:28:20Z,2026-08-06T17:28:20Z
usgs:ci40665874,usgs,sismo,"M 1.1 - 16 km WSW of Johannesburg, CA",2026-08-04T03:44:23Z,https://earthquake.usgs.gov/earthquakes/eventpage/ci40665874,usgs:ci40665874,"16 km WSW of Johannesburg, CA",CA,US,1.05,ml,,35.3288333333333,-117.800666666667,6.78,2026-08-04T13:28:08Z,2026-08-06T17:28:20Z,2026-08-06T17:28:20Z
usgs:nc75410972,usgs,sismo,"M 1.1 - 4 km W of The Geysers, CA",2026-08-04T03:39:01Z,https://earthquake.usgs.gov/earthquakes/eventpage/nc75410972,usgs:nc75410972,"4 km W of The Geysers, CA",CA,US,1.07,md,,38.7736663818359,-122.797836303711,3.35999989509583,2026-08-04T03:40:39Z,2026-08-06T17:28:20Z,2026-08-06T17:28:20Z
usgs:nc75410967,usgs,sismo,"M 0.7 - 6 km W of Cobb, CA",2026-08-04T03:31:25Z,https://earthquake.usgs.gov/earthquakes/eventpage/nc75410967,usgs:nc75410967,"6 km W of Cobb, CA",CA,US,0.68,md,,38.8264999389648,-122.795829772949,2.1800000667572,2026-08-04T03:33:04Z,2026-08-06T17:28:20Z,2026-08-06T17:28:20Z
usgs:aka2026phjnhg,usgs,sismo,"M 1.4 - 60 km WNW of Cantwell, Alaska",2026-08-04T03:24:14Z,https://earthquake.usgs.gov/earthquakes/eventpage/aka2026phjnhg,usgs:aka2026phjnhg,"60 km WNW of Cantwell, Alaska",Alaska,US,1.4,ml,,63.554,-150.107,5.0,2026-08-04T03:25:47Z,2026-08-06T17:28:20Z,2026-08-06T17:28:20Z
usgs:us6000thx7,usgs,sismo,M 4.4 - south of the Fiji Islands,2026-08-04T03:20:32Z,https://earthquake.usgs.gov/earthquakes/eventpage/us6000thx7,usgs:us6000thx7,south of the Fiji Islands,,,4.4,mb,,-24.2497,179.9404,514.087,2026-08-04T03:35:11Z,2026-08-06T17:28:20Z,2026-08-06T17:28:20Z
usgs:nc75410962,usgs,sismo,"M 0.3 - 5 km WNW of The Geysers, CA",2026-08-04T03:01:53Z,https://earthquake.usgs.gov/earthquakes/eventpage/nc75410962,usgs:nc75410962,"5 km WNW of The Geysers, CA",CA,US,0.3,md,,38.8028335571289,-122.808334350586,5.53999996185303,2026-08-04T03:03:29Z,2026-08-06T17:28:20Z,2026-08-06T17:28:20Z
usgs:us6000thx2,usgs,sismo,M 4.0 - off the coast of Oregon,2026-08-04T02:46:17Z,https://earthquake.usgs.gov/earthquakes/eventpage/us6000thx2,usgs:us6000thx2,off the coast of Oregon,,,4.0,mb,,43.9665,-128.2774,10.0,2026-08-04T03:03:01Z,2026-08-06T17:28:20Z,2026-08-06T17:28:20Z
usgs:uu80147046,usgs,sismo,"M 1.2 - 13 km NE of Milford, Utah",2026-08-04T02:41:20Z,https://earthquake.usgs.gov/earthquakes/eventpage/uu80147046,usgs:uu80147046,"13 km NE of Milford, Utah",Utah,US,1.22,md,,38.4823333333333,-112.905,2.71,2026-08-04T14:13:10Z,2026-08-06T17:28:20Z,2026-08-06T17:28:20Z
usgs:uu80007798,usgs,sismo,"M 0.4 - 10 km W of Marysvale, Utah",2026-08-04T02:41:18Z,https://earthquake.usgs.gov/earthquakes/eventpage/uu80007798,usgs:uu80007798,"10 km W of Marysvale, Utah",Utah,US,0.38,md,,38.4656666666667,-112.354333333333,3.44,2026-08-04T14:17:49Z,2026-08-06T17:28:20Z,2026-08-06T17:28:20Z
usgs:pr71527383,usgs,sismo,"M 2.3 - 0 km SSW of Guánica, Puerto Rico",2026-08-04T02:40:00Z,https://earthquake.usgs.gov/earthquakes/eventpage/pr71527383,usgs:pr71527383,"0 km SSW of Guánica, Puerto Rico",Puerto Rico,PR,2.25,md,,17.9641666666667,-66.9101666666667,13.89,2026-08-04T10:47:41Z,2026-08-06T17:28:20Z,2026-08-06T17:28:20Z
usgs:ci40665866,usgs,sismo,"M 0.6 - 9 km S of Valle Vista, CA",2026-08-04T02:35:41Z,https://earthquake.usgs.gov/earthquakes/eventpage/ci40665866,usgs:ci40665866,"9 km S of Valle Vista, CA",CA,US,0.6,ml,,33.6666666666667,-116.897333333333,13.05,2026-08-04T04:06:26Z,2026-08-06T17:28:20Z,2026-08-06T17:28:20Z
usgs:uu80147041,usgs,sismo,"M 1.5 - 13 km NE of Milford, Utah",2026-08-04T02:29:23Z,https://earthquake.usgs.gov/earthquakes/eventpage/uu80147041,usgs:uu80147041,"13 km NE of Milford, Utah",Utah,US,1.48,md,,38.4841666666667,-112.904666666667,2.39,2026-08-04T14:07:35Z,2026-08-06T17:28:20Z,2026-08-06T17:28:20Z
usgs:us6000thwz,usgs,sismo,M 4.4 - South Sandwich Islands region,2026-08-04T02:29:09Z,https://earthquake.usgs.gov/earthquakes/eventpage/us6000thwz,usgs:us6000thwz,South Sandwich Islands region,,,4.4,mb,,-57.6805,-27.2864,214.063,2026-08-04T03:00:42Z,2026-08-06T17:28:20Z,2026-08-06T17:28:20Z
usgs:nn00922748,usgs,sismo,"M 1.9 - 57 km ESE of Lovelock, Nevada",2026-08-04T02:28:29Z,https://earthquake.usgs.gov/earthquakes/eventpage/nn00922748,usgs:nn00922748,"57 km ESE of Lovelock, Nevada",Nevada,US,1.91,ml,,39.9739,-117.8556,4.2188,2026-08-04T16:43:39Z,2026-08-06T17:28:20Z,2026-08-06T17:28:20Z
usgs:uu80147036,usgs,sismo,"M 1.4 - 13 km NE of Milford, Utah",2026-08-04T02:25:39Z,https://earthquake.usgs.gov/earthquakes/eventpage/uu80147036,usgs:uu80147036,"13 km NE of Milford, Utah",Utah,US,1.38,md,,38.4838333333333,-112.904333333333,2.23,2026-08-04T13:59:40Z,2026-08-06T17:28:20Z,2026-08-06T17:28:20Z
usgs:uu80147031,usgs,sismo,"M 1.5 - 3 km SSE of Magna, Utah",2026-08-04T02:20:35Z,https://earthquake.usgs.gov/earthquakes/eventpage/uu80147031,usgs:uu80147031,"3 km SSE of Magna, Utah",Utah,US,1.48,ml,,40.676,-112.083,11.67,2026-08-04T13:53:52Z,2026-08-06T17:28:20Z,2026-08-06T17:28:20Z
usgs:nn00922747,usgs,sismo,"M 1.9 - 56 km ESE of Lovelock, Nevada",2026-08-04T02:20:03Z,https://earthquake.usgs.gov/earthquakes/eventpage/nn00922747,usgs:nn00922747,"56 km ESE of Lovelock, Nevada",Nevada,US,1.85,ml,,39.9784,-117.8612,8.0524,2026-08-04T15:59:19Z,2026-08-06T17:28:20Z,2026-08-06T17:28:20Z
usgs:uu80147026,usgs,sismo,"M 0.9 - 17 km NE of Milford, Utah",2026-08-04T02:19:31Z,https://earthquake.usgs.gov/earthquakes/eventpage/uu80147026,usgs:uu80147026,"17 km NE of Milford, Utah",Utah,US,0.89,md,,38.5111666666667,-112.879833333333,3.23,2026-08-04T13:43:22Z,2026-08-06T17:28:20Z,2026-08-06T17:28:20Z
usgs:ci40665858,usgs,sismo,"M 1.7 - 5 km ENE of Ocotillo Wells, CA",2026-08-04T02:18:40Z,https://earthquake.usgs.gov/earthquakes/eventpage/ci40665858,usgs:ci40665858,"5 km ENE of Ocotillo Wells, CA",CA,US,1.68,ml,,33.1526666666667,-116.077666666667,8.13,2026-08-04T13:29:32Z,2026-08-06T17:28:20Z,2026-08-06T17:28:20Z
usgs:nc75410947,usgs,sismo,"M 0.3 - 11 km WNW of Cobb, CA",2026-08-04T02:04:30Z,https://earthquake.usgs.gov/earthquakes/eventpage/nc75410947,usgs:nc75410947,"11 km WNW of Cobb, CA",CA,US,0.26,md,,38.853832244873,-122.848335266113,1.29999995231628,2026-08-04T02:06:08Z,2026-08-06T17:28:20Z,2026-08-06T17:28:20Z
usgs:aka2026phgsbi,usgs,sismo,"M 2.0 - 23 km W of Salamatof, Alaska",2026-08-04T02:00:34Z,https://earthquake.usgs.gov/earthquakes/eventpage/aka2026phgsbi,usgs:aka2026phgsbi,"23 km W of Salamatof, Alaska",Alaska,US,2.0,ml,,60.625,-151.747,79.3,2026-08-04T03:38:15Z,2026-08-06T17:28:20Z,2026-08-06T17:28:20Z
usgs:nc75410937,usgs,sismo,"M 1.1 - 9 km WNW of The Geysers, CA",2026-08-04T01:55:50Z,https://earthquake.usgs.gov/earthquakes/eventpage/nc75410937,usgs:nc75410937,"9 km WNW of The Geysers, CA",CA,US,1.07,md,,38.8211669921875,-122.842666625977,2.46000003814697,2026-08-04T01:57:28Z,2026-08-06T17:28:20Z,2026-08-06T17:28:20Z
usgs:hv75012507,usgs,sismo,"M 2.1 - 19 km SW of Laupāhoehoe, Hawaii",2026-08-04T01:48:41Z,https://earthquake.usgs.gov/earthquakes/eventpage/hv75012507,usgs:hv75012507,"19 km SW of Laupāhoehoe, Hawaii",Hawaii,US,2.14,md,,19.8423333333333,-155.343833333333,29.88,2026-08-05T02:05:04Z,2026-08-06T17:28:20Z,2026-08-06T17:28:20Z
usgs:aka2026phftwj,usgs,sismo,"M 2.9 - 63 km S of Shungnak, Alaska",2026-08-04T01:32:35Z,https://earthquake.usgs.gov/earthquakes/eventpage/aka2026phftwj,usgs:aka2026phftwj,"63 km S of Shungnak, Alaska",Alaska,US,2.9,ml,,66.32,-157.223,5.0,2026-08-04T17:47:46Z,2026-08-06T17:28:20Z,2026-08-06T17:28:20Z
usgs:ci40665850,usgs,sismo,"M 0.6 - 15 km NE of Little Lake, CA",2026-08-04T01:29:32Z,https://earthquake.usgs.gov/earthquakes/eventpage/ci40665850,usgs:ci40665850,"15 km NE of Little Lake, CA",CA,US,0.63,ml,,36.0216666666667,-117.775333333333,1.98,2026-08-04T16:10:57Z,2026-08-06T17:28:20Z,2026-08-06T17:28:20Z
usgs:hv75012492,usgs,sismo,"M 1.7 - 12 km E of Pāhala, Hawaii",2026-08-04T01:29:31Z,https://earthquake.usgs.gov/earthquakes/eventpage/hv75012492,usgs:hv75012492,"12 km E of Pāhala, Hawaii",Hawaii,US,1.72,ml,,19.2246666666667,-155.3605,33.35,2026-08-05T00:58:32Z,2026-08-06T17:28:20Z,2026-08-06T17:28:20Z
usgs:nc75410927,usgs,sismo,"M 1.9 - 10 km NE of Pinnacles, CA",2026-08-04T01:24:30Z,https://earthquake.usgs.gov/earthquakes/eventpage/nc75410927,usgs:nc75410927,"10 km NE of Pinnacles, CA",CA,US,1.86,md,,36.5984992980957,-121.075332641602,9.38000011444092,2026-08-04T02:12:20Z,2026-08-06T17:28:20Z,2026-08-06T17:28:20Z
usgs:ci40665842,usgs,sismo,"M 1.1 - 9 km ENE of Coso Junction, CA",2026-08-04T01:20:20Z,https://earthquake.usgs.gov/earthquakes/eventpage/ci40665842,usgs:ci40665842,"9 km ENE of Coso Junction, CA",CA,US,1.07,ml,,36.0901666666667,-117.863166666667,5.77,2026-08-04T03:57:37Z,2026-08-06T17:28:20Z,2026-08-06T17:28:20Z
usgs:tx2026petncr,usgs,sismo,"M 1.7 - 54 km S of Whites City, New Mexico",2026-08-04T01:11:51Z,https://earthquake.usgs.gov/earthquakes/eventpage/tx2026petncr,usgs:tx2026petncr,"54 km S of Whites City, New Mexico",New Mexico,US,1.7,ml,,31.681,-104.417,5.9973,2026-08-04T07:23:55Z,2026-08-06T17:28:20Z,2026-08-06T17:28:20Z
usgs:nc75410922,usgs,sismo,"M 0.9 - 6 km WNW of Cobb, CA",2026-08-04T00:56:01Z,https://earthquake.usgs.gov/earthquakes/eventpage/nc75410922,usgs:nc75410922,"6 km WNW of Cobb, CA",CA,US,0.87,md,,38.8359985351562,-122.785003662109,2.1800000667572,2026-08-04T00:57:37Z,2026-08-06T17:28:20Z,2026-08-06T17:28:20Z
usgs:ci40665834,usgs,sismo,"M 0.8 - 15 km E of Coso Junction, CA",2026-08-04T00:53:09Z,https://earthquake.usgs.gov/earthquakes/eventpage/ci40665834,usgs:ci40665834,"15 km E of Coso Junction, CA",CA,US,0.83,ml,,36.0355,-117.777166666667,2.09,2026-08-04T03:47:01Z,2026-08-06T17:28:20Z,2026-08-06T17:28:20Z
usgs:hv75012462,usgs,sismo,"M 1.7 - 6 km SW of Pāhala, Hawaii",2026-08-04T00:39:38Z,https://earthquake.usgs.gov/earthquakes/eventpage/hv75012462,usgs:hv75012462,"6 km SW of Pāhala, Hawaii",Hawaii,US,1.74,md,,19.156665802002,-155.511840820312,34.2999992370605,2026-08-04T00:43:00Z,2026-08-06T17:28:20Z,2026-08-06T17:28:20Z
usgs:tx2026pesjsw,usgs,sismo,"M 1.6 - 56 km S of Whites City, New Mexico",2026-08-04T00:37:45Z,https://earthquake.usgs.gov/earthquakes/eventpage/tx2026pesjsw,usgs:tx2026pesjsw,"56 km S of Whites City, New Mexico",New Mexico,US,1.6,ml,,31.664,-104.408,6.5356,2026-08-04T07:42:30Z,2026-08-06T17:28:20Z,2026-08-06T17:28:20Z
usgs:nc75410912,usgs,sismo,"M 1.0 - 1 km W of Alamo, CA",2026-08-04T00:28:24Z,https://earthquake.usgs.gov/earthquakes/eventpage/nc75410912,usgs:nc75410912,"1 km W of Alamo, CA",CA,US,1.04,md,,37.8511657714844,-122.047500610352,7.48999977111816,2026-08-04T00:30:03Z,2026-08-06T17:28:20Z,2026-08-06T17:28:20Z
usgs:pr71527373,usgs,sismo,"M 2.9 - 0 km SSW of Guánica, Puerto Rico",2026-08-04T00:17:55Z,https://earthquake.usgs.gov/earthquakes/eventpage/pr71527373,usgs:pr71527373,"0 km SSW of Guánica, Puerto Rico",Puerto Rico,PR,2.9,md,,17.966,-66.9105,12.5,2026-08-04T00:32:52Z,2026-08-06T17:28:20Z,2026-08-06T17:28:20Z
usgs:ok2026pcvr,usgs,sismo,"M 1.4 - 2 km ESE of Chickasha, Oklahoma",2026-08-04T00:15:28Z,https://earthquake.usgs.gov/earthquakes/eventpage/ok2026pcvr,usgs:ok2026pcvr,"2 km ESE of Chickasha, Oklahoma",Oklahoma,US,1.44,ml,,35.0425,-97.908,8.66,2026-08-05T17:24:22Z,2026-08-06T17:28:20Z,2026-08-06T17:28:20Z
usgs:nc75410907,usgs,sismo,"M 1.1 - 8 km ESE of Cloverdale, CA",2026-08-04T00:13:52Z,https://earthquake.usgs.gov/earthquakes/eventpage/nc75410907,usgs:nc75410907,"8 km ESE of Cloverdale, CA",CA,US,1.14,md,,38.7755012512207,-122.935836791992,3.08999991416931,2026-08-04T00:47:24Z,2026-08-06T17:28:20Z,2026-08-06T17:28:20Z
usgs:tx2026perdvs,usgs,sismo,"M 1.1 - 21 km S of Westbrook, Texas",2026-08-04T00:00:42Z,https://earthquake.usgs.gov/earthquakes/eventpage/tx2026perdvs,usgs:tx2026perdvs,"21 km S of Westbrook, Texas",Texas,US,1.1,ml,,32.162,-101.05,5.0049,2026-08-04T15:15:23Z,2026-08-06T17:28:20Z,2026-08-06T17:28:20Z
gdacs:WF:1030144:1,gdacs,incendio,Green forest fire notification in Russian Federation,2026-08-04T00:00:00Z,https://www.gdacs.org/report.aspx?eventtype=WF&eventid=1030144,gdacs:WF:1030144,Russian Federation,Russian Federation,RU,6052.0,ha,verde,67.88476396382507,101.7996811316153,,2026-08-06T15:02:05Z,2026-08-06T17:28:20Z,2026-08-06T17:28:20Z
gdacs:WF:1030140:1,gdacs,incendio,Green forest fire notification in Australia,2026-08-04T00:00:00Z,https://www.gdacs.org/report.aspx?eventtype=WF&eventid=1030140,gdacs:WF:1030140,Australia,Australia,AU,5207.0,ha,verde,-19.34665492428525,134.50735567862182,,2026-08-06T15:01:57Z,2026-08-06T11:34:43Z,2026-08-06T17:28:20Z
gdacs:WF:1030132:2,gdacs,incendio,Green forest fire notification in Namibia,2026-08-04T00:00:00Z,https://www.gdacs.org/report.aspx?eventtype=WF&eventid=1030132,gdacs:WF:1030132,Namibia,Namibia,NA,10855.0,ha,verde,-18.432760043827432,13.968855370229472,,2026-08-06T07:00:19Z,2026-08-06T11:34:43Z,
gdacs:WF:1030132:1,gdacs,incendio,Green forest fire notification in Namibia,2026-08-04T00:00:00Z,https://www.gdacs.org/report.aspx?eventtype=WF&eventid=1030132,gdacs:WF:1030132,Namibia,Namibia,NA,10740.0,ha,verde,-18.432585523820126,13.969291017038646,,2026-08-06T07:00:19Z,2026-08-06T09:08:27Z,
gdacs:WF:1030127:1,gdacs,incendio,Green forest fire notification in United States,2026-08-04T00:00:00Z,https://www.gdacs.org/report.aspx?eventtype=WF&eventid=1030127,gdacs:WF:1030127,United States,United States,US,5330.0,ha,verde,38.116108923951984,-120.73457402373683,,2026-08-06T11:01:57Z,2026-08-06T06:06:09Z,
gdacs:WF:1030108:2,gdacs,incendio,Green forest fire notification in South Africa,2026-08-04T00:00:00Z,https://www.gdacs.org/report.aspx?eventtype=WF&eventid=1030108,gdacs:WF:1030108,South Africa,South Africa,ZA,5267.0,ha,verde,-31.123125968840352,28.043803818837805,,2026-08-06T03:00:40Z,2026-08-06T09:08:27Z,
gdacs:WF:1030108:1,gdacs,incendio,Green forest fire notification in South Africa,2026-08-04T00:00:00Z,https://www.gdacs.org/report.aspx?eventtype=WF&eventid=1030108,gdacs:WF:1030108,South Africa,South Africa,ZA,5095.0,ha,verde,-31.12330107521158,28.043822228139028,,2026-08-06T03:00:40Z,2026-08-06T06:06:09Z,
gdacs:WF:1030107:1,gdacs,incendio,Green forest fire notification in Namibia,2026-08-04T00:00:00Z,https://www.gdacs.org/report.aspx?eventtype=WF&eventid=1030107,gdacs:WF:1030107,Namibia,Namibia,NA,7918.0,ha,verde,-18.432657630521295,13.983411831264155,,2026-08-06T03:00:50Z,2026-08-06T06:06:09Z,
usgs:aka2026phcoph,usgs,sismo,"M 3.0 - 211 km S of False Pass, Alaska",2026-08-03T23:55:45Z,https://earthquake.usgs.gov/earthquakes/eventpage/aka2026phcoph,usgs:aka2026phcoph,"211 km S of False Pass, Alaska",Alaska,US,3.0,ml,,52.961,-163.129,5.0,2026-08-04T05:15:17Z,2026-08-06T17:28:20Z,2026-08-06T17:28:20Z
usgs:aka2026phclan,usgs,sismo,"M 3.2 - 231 km ESE of Attu Station, Alaska",2026-08-03T23:51:25Z,https://earthquake.usgs.gov/earthquakes/eventpage/aka2026phclan,usgs:aka2026phclan,"231 km ESE of Attu Station, Alaska",Alaska,US,3.2,ml,,52.065,176.341,5.0,2026-08-04T05:12:39Z,2026-08-06T17:28:20Z,2026-08-06T17:28:20Z
usgs:tx2026peqssz,usgs,sismo,"M 1.8 - 23 km SSW of Westbrook, Texas",2026-08-03T23:48:02Z,https://earthquake.usgs.gov/earthquakes/eventpage/tx2026peqssz,usgs:tx2026peqssz,"23 km SSW of Westbrook, Texas",Texas,US,1.8,ml,,32.145,-101.073,3.3936,2026-08-04T15:15:08Z,2026-08-06T17:28:20Z,2026-08-06T17:28:20Z
usgs:tx2026pepywg,usgs,sismo,"M 1.3 - 23 km SSW of Westbrook, Texas",2026-08-03T23:24:55Z,https://earthquake.usgs.gov/earthquakes/eventpage/tx2026pepywg,usgs:tx2026pepywg,"23 km SSW of Westbrook, Texas",Texas,US,1.3,ml,,32.147,-101.069,2.9541,2026-08-05T15:43:00Z,2026-08-06T17:28:20Z,2026-08-06T17:28:20Z
usgs:ci40665826,usgs,sismo,"M 1.1 - 21 km N of Searles Valley, CA",2026-08-03T23:23:52Z,https://earthquake.usgs.gov/earthquakes/eventpage/ci40665826,usgs:ci40665826,"21 km N of Searles Valley, CA",CA,US,1.05,ml,,35.956,-117.394833333333,2.78,2026-08-04T00:37:57Z,2026-08-06T17:28:20Z,2026-08-06T17:28:20Z
usgs:tx2026pepwex,usgs,sismo,"M 1.8 - 24 km SSW of Westbrook, Texas",2026-08-03T23:21:40Z,https://earthquake.usgs.gov/earthquakes/eventpage/tx2026pepwex,usgs:tx2026pepwex,"24 km SSW of Westbrook, Texas",Texas,US,1.8,ml,,32.141,-101.081,6.6895,2026-08-04T15:06:22Z,2026-08-06T17:28:20Z,2026-08-06T17:28:20Z
usgs:nc75410887,usgs,sismo,"M 1.4 - 9 km NE of Pinnacles, CA",2026-08-03T23:19:27Z,https://earthquake.usgs.gov/earthquakes/eventpage/nc75410887,usgs:nc75410887,"9 km NE of Pinnacles, CA",CA,US,1.41,md,,36.5976676940918,-121.081169128418,7.84999990463257,2026-08-03T23:21:03Z,2026-08-06T17:28:20Z,2026-08-06T17:28:20Z
usgs:aka2026phbhpg,usgs,sismo,"M 1.9 - 21 km SSE of Funny River, Alaska",2026-08-03T23:17:48Z,https://earthquake.usgs.gov/earthquakes/eventpage/aka2026phbhpg,usgs:aka2026phbhpg,"21 km SSE of Funny River, Alaska",Alaska,US,1.9,ml,,60.323,-150.625,42.7,2026-08-04T05:12:03Z,2026-08-06T17:28:20Z,2026-08-06T17:28:20Z
usgs:aka2026phaxjo,usgs,sismo,"M 2.5 - 95 km SSW of Unalaska, Alaska",2026-08-03T23:06:08Z,https://earthquake.usgs.gov/earthquakes/eventpage/aka2026phaxjo,usgs:aka2026phaxjo,"95 km SSW of Unalaska, Alaska",Alaska,US,2.5,ml,,53.047,-166.933,38.5,2026-08-04T05:08:34Z,2026-08-06T17:28:20Z,2026-08-06T17:28:20Z
usgs:tx2026pepbdb,usgs,sismo,"M 1.6 - 24 km SSW of Westbrook, Texas",2026-08-03T22:57:16Z,https://earthquake.usgs.gov/earthquakes/eventpage/tx2026pepbdb,usgs:tx2026pepbdb,"24 km SSW of Westbrook, Texas",Texas,US,1.6,ml,,32.141,-101.077,5.249,2026-08-04T15:30:49Z,2026-08-06T17:28:20Z,2026-08-06T17:28:20Z
usgs:aka2026phamvi,usgs,sismo,"M 4.0 - 229 km ESE of Attu Station, Alaska",2026-08-03T22:53:19Z,https://earthquake.usgs.gov/earthquakes/eventpage/aka2026phamvi,usgs:aka2026phamvi,"229 km ESE of Attu Station, Alaska",Alaska,US,4.0,ml,,51.973,176.246,5.0,2026-08-04T05:08:37Z,2026-08-06T17:28:20Z,2026-08-06T17:28:20Z
usgs:aka2026phalws,usgs,sismo,"M 2.4 - 124 km SW of Adak, Alaska",2026-08-03T22:52:44Z,https://earthquake.usgs.gov/earthquakes/eventpage/aka2026phalws,usgs:aka2026phalws,"124 km SW of Adak, Alaska",Alaska,US,2.4,ml,,51.153,-178.007,20.0,2026-08-04T05:04:36Z,2026-08-06T17:28:20Z,2026-08-06T17:28:20Z
usgs:tx2026peotng,usgs,sismo,"M 1.6 - 56 km S of Whites City, New Mexico",2026-08-03T22:51:35Z,https://earthquake.usgs.gov/earthquakes/eventpage/tx2026peotng,usgs:tx2026peotng,"56 km S of Whites City, New Mexico",New Mexico,US,1.6,ml,,31.67,-104.418,7.843,2026-08-04T15:21:34Z,2026-08-06T17:28:20Z,2026-08-06T17:28:20Z
usgs:aka2026phadnu,usgs,sismo,"M 3.5 - 232 km ESE of Attu Station, Alaska",2026-08-03T22:42:55Z,https://earthquake.usgs.gov/earthquakes/eventpage/aka2026phadnu,usgs:aka2026phadnu,"232 km ESE of Attu Station, Alaska",Alaska,US,3.5,ml,,51.909,176.233,5.0,2026-08-04T05:04:19Z,2026-08-06T17:28:20Z,2026-08-06T17:28:20Z
usgs:hv75012412,usgs,sismo,"M 1.9 - 2 km SSW of Pāhala, Hawaii",2026-08-03T22:32:15Z,https://earthquake.usgs.gov/earthquakes/eventpage/hv75012412,usgs:hv75012412,"2 km SSW of Pāhala, Hawaii",Hawaii,US,1.94,md,,19.1813335418701,-155.488998413086,27.3600006103516,2026-08-03T22:35:49Z,2026-08-06T17:28:20Z,2026-08-06T17:28:20Z
usgs:uw714070781,usgs,otro,"M 1.8 Explosion - 14 km S of Princeton, Canada",2026-08-03T22:31:48Z,https://earthquake.usgs.gov/earthquakes/eventpage/uw714070781,usgs:uw714070781,"14 km S of Princeton, Canada",Canada,CA,1.81,ml,,49.3245,-120.484833333333,-0.49,2026-08-04T14:47:00Z,2026-08-06T17:28:20Z,2026-08-06T17:28:20Z
usgs:aka2026pgzpes,usgs,sismo,"M 2.8 - 18 km ESE of Port Graham, Alaska",2026-08-03T22:26:35Z,https://earthquake.usgs.gov/earthquakes/eventpage/aka2026pgzpes,usgs:aka2026pgzpes,"18 km ESE of Port Graham, Alaska",Alaska,US,2.8,ml,,59.289,-151.537,38.2,2026-08-04T04:59:42Z,2026-08-06T17:28:20Z,2026-08-06T17:28:20Z
usgs:pr71527363,usgs,sismo,"M 2.3 - 3 km S of Guánica, Puerto Rico",2026-08-03T22:18:15Z,https://earthquake.usgs.gov/earthquakes/eventpage/pr71527363,usgs:pr71527363,"3 km S of Guánica, Puerto Rico",Puerto Rico,PR,2.29,md,,17.9443333333333,-66.9126666666667,14.53,2026-08-03T22:31:44Z,2026-08-06T17:28:20Z,2026-08-06T17:28:20Z
usgs:us6000thvq,usgs,sismo,"M 4.1 - 39 km SE of Ḩājjīābād, Iran",2026-08-03T22:15:25Z,https://earthquake.usgs.gov/earthquakes/eventpage/us6000thvq,usgs:us6000thvq,"39 km SE of Ḩājjīābād, Iran",Iran,IR,4.1,mb,,28.0606,56.1847,10.0,2026-08-04T01:20:48Z,2026-08-06T17:28:20Z,2026-08-06T17:28:20Z
usgs:nc75410877,usgs,sismo,"M 1.2 - 8 km ESE of Cloverdale, CA",2026-08-03T22:15:07Z,https://earthquake.usgs.gov/earthquakes/eventpage/nc75410877,usgs:nc75410877,"8 km ESE of Cloverdale, CA",CA,US,1.15,md,,38.7748336791992,-122.938003540039,5.03000020980835,2026-08-03T22:52:23Z,2026-08-06T17:28:20Z,2026-08-06T17:28:20Z
usgs:aka2026pgzeua,usgs,sismo,"M 2.0 - 60 km SSW of Adak, Alaska",2026-08-03T22:14:34Z,https://earthquake.usgs.gov/earthquakes/eventpage/aka2026pgzeua,usgs:aka2026pgzeua,"60 km SSW of Adak, Alaska",Alaska,US,2.0,ml,,51.407,-177.072,37.0,2026-08-04T04:57:33Z,2026-08-06T17:28:20Z,2026-08-06T17:28:20Z
usgs:tx2026penpdb,usgs,sismo,"M 1.9 - 49 km NW of Toyah, Texas",2026-08-03T22:14:21Z,https://earthquake.usgs.gov/earthquakes/eventpage/tx2026penpdb,usgs:tx2026penpdb,"49 km NW of Toyah, Texas",Texas,US,1.9,ml,,31.602,-104.196,6.4075,2026-08-04T14:57:40Z,2026-08-06T17:28:20Z,2026-08-06T17:28:20Z
usgs:tx2026pennfb,usgs,sismo,"M 1.3 - 49 km SSE of Whites City, New Mexico",2026-08-03T22:10:54Z,https://earthquake.usgs.gov/earthquakes/eventpage/tx2026pennfb,usgs:tx2026pennfb,"49 km SSE of Whites City, New Mexico",New Mexico,US,1.3,ml,,31.773,-104.162,6.7792,2026-08-05T16:38:16Z,2026-08-06T17:28:20Z,2026-08-06T17:28:20Z
usgs:av94355773,usgs,sismo,"M 0.4 - 152 km W of Adak, Alaska",2026-08-03T22:02:10Z,https://earthquake.usgs.gov/earthquakes/eventpage/av94355773,usgs:av94355773,"152 km W of Adak, Alaska",Alaska,US,0.44,ml,,51.7836666666667,-178.847333333333,12.3,2026-08-03T22:29:52Z,2026-08-06T17:28:20Z,2026-08-06T17:28:20Z
usgs:uw714070711,usgs,sismo,"M 1.6 - 4 km SSE of Quilcene, Washington",2026-08-03T21:56:39Z,https://earthquake.usgs.gov/earthquakes/eventpage/uw714070711,usgs:uw714070711,"4 km SSE of Quilcene, Washington",Washington,US,1.59,ml,,47.7838333333333,-122.843666666667,19.03,2026-08-04T21:05:05Z,2026-08-06T17:28:20Z,2026-08-06T17:28:20Z
usgs:ci40665802,usgs,sismo,"M 1.1 - 5 km NNE of Westmorland, CA",2026-08-03T21:50:15Z,https://earthquake.usgs.gov/earthquakes/eventpage/ci40665802,usgs:ci40665802,"5 km NNE of Westmorland, CA",CA,US,1.07,ml,,33.0735,-115.594333333333,11.74,2026-08-04T00:35:11Z,2026-08-06T17:28:20Z,2026-08-06T17:28:20Z
usgs:aka2026pgyhbv,usgs,sismo,"M 2.6 - 227 km WSW of Adak, Alaska",2026-08-03T21:47:43Z,https://earthquake.usgs.gov/earthquakes/eventpage/aka2026pgyhbv,usgs:aka2026pgyhbv,"227 km WSW of Adak, Alaska",Alaska,US,2.6,ml,,51.511,-179.866,78.7,2026-08-04T04:56:05Z,2026-08-06T17:28:20Z,2026-08-06T17:28:20Z
usgs:us6000thvj,usgs,sismo,"M 4.9 - 204 km SE of Severo-Kuril’sk, Russia",2026-08-03T21:42:13Z,https://earthquake.usgs.gov/earthquakes/eventpage/us6000thvj,usgs:us6000thvj,"204 km SE of Severo-Kuril’sk, Russia",Russia,RU,4.9,mb,,49.2319,157.8994,10.0,2026-08-04T01:16:10Z,2026-08-06T17:28:20Z,2026-08-06T17:28:20Z
usgs:av94355723,usgs,sismo,"M 0.9 - 154 km W of Adak, Alaska",2026-08-03T21:41:20Z,https://earthquake.usgs.gov/earthquakes/eventpage/av94355723,usgs:av94355723,"154 km W of Adak, Alaska",Alaska,US,0.9,ml,,51.7625,-178.864,8.91,2026-08-03T22:28:21Z,2026-08-06T17:28:20Z,2026-08-06T17:28:20Z
usgs:tx2026pemhkd,usgs,sismo,"M 1.5 - 19 km E of Forsan, Texas",2026-08-03T21:33:58Z,https://earthquake.usgs.gov/earthquakes/eventpage/tx2026pemhkd,usgs:tx2026pemhkd,"19 km E of Forsan, Texas",Texas,US,1.5,ml,,32.127,-101.159,5.4932,2026-08-04T15:38:37Z,2026-08-06T17:28:20Z,2026-08-06T17:28:20Z
usgs:ci40665786,usgs,sismo,"M 1.5 - 13 km SSW of Searles Valley, CA",2026-08-03T21:20:49Z,https://earthquake.usgs.gov/earthquakes/eventpage/ci40665786,usgs:ci40665786,"13 km SSW of Searles Valley, CA",CA,US,1.45,ml,,35.6668333333333,-117.479666666667,7.25,2026-08-03T21:34:07Z,2026-08-06T17:28:20Z,2026-08-06T17:28:20Z
usgs:ok2026pcpt,usgs,otro,"M 1.3 Quarry Blast - 7 km S of Hickory, Oklahoma",2026-08-03T21:15:44Z,https://earthquake.usgs.gov/earthquakes/eventpage/ok2026pcpt,usgs:ok2026pcpt,"7 km S of Hickory, Oklahoma",Oklahoma,US,1.34,ml,,34.49166667,-96.858,0.0,2026-08-05T17:24:18Z,2026-08-06T17:28:20Z,2026-08-06T17:28:20Z
usgs:uw714070591,usgs,otro,"M 2.2 Explosion - 4 km WSW of Dundee, Oregon",2026-08-03T21:03:06Z,https://earthquake.usgs.gov/earthquakes/eventpage/uw714070591,usgs:uw714070591,"4 km WSW of Dundee, Oregon",Oregon,US,2.16,md,,45.2671666666667,-123.064666666667,-0.12,2026-08-03T23:26:43Z,2026-08-06T17:28:20Z,2026-08-06T17:28:20Z
usgs:ci40665778,usgs,sismo,"M 1.1 - 13 km S of Olancha, CA",2026-08-03T21:01:44Z,https://earthquake.usgs.gov/earthquakes/eventpage/ci40665778,usgs:ci40665778,"13 km S of Olancha, CA",CA,US,1.06,ml,,36.1675,-118.028666666667,2.54,2026-08-03T21:34:17Z,2026-08-06T17:28:20Z,2026-08-06T17:28:20Z
usgs:tx2026peldpw,usgs,sismo,"M 1.0 - 12 km ENE of Falls City, Texas",2026-08-03T20:59:24Z,https://earthquake.usgs.gov/earthquakes/eventpage/tx2026peldpw,usgs:tx2026peldpw,"12 km ENE of Falls City, Texas",Texas,US,1.0,ml,,29.011,-97.896,7.942,2026-08-05T18:08:34Z,2026-08-06T17:28:20Z,2026-08-06T17:28:20Z
usgs:ok2026pcov,usgs,otro,"M 1.3 Quarry Blast - 3 km SSW of Mill Creek, Oklahoma",2026-08-03T20:47:44Z,https://earthquake.usgs.gov/earthquakes/eventpage/ok2026pcov,usgs:ok2026pcov,"3 km SSW of Mill Creek, Oklahoma",Oklahoma,US,1.28,ml,,34.3755,-96.84783333,0.0,2026-08-05T17:24:13Z,2026-08-06T17:28:20Z,2026-08-06T17:28:20Z
usgs:us6000thva,usgs,sismo,"M 4.4 - 34 km ESE of Vallenar, Chile",2026-08-03T20:47:08Z,https://earthquake.usgs.gov/earthquakes/eventpage/us6000thva,usgs:us6000thva,"34 km ESE of Vallenar, Chile",Chile,CL,4.4,mb,,-28.746,-70.4691,95.742,2026-08-03T21:06:33Z,2026-08-06T17:28:20Z,2026-08-06T17:28:20Z
usgs:ci40665770,usgs,sismo,"M 0.7 - 19 km WNW of Searles Valley, CA",2026-08-03T20:36:18Z,https://earthquake.usgs.gov/earthquakes/eventpage/ci40665770,usgs:ci40665770,"19 km WNW of Searles Valley, CA",CA,US,0.72,ml,,35.802,-117.608666666667,12.4,2026-08-03T21:01:54Z,2026-08-06T17:28:20Z,2026-08-06T17:28:20Z
usgs:tx2026pekjer,usgs,sismo,"M 1.6 - 11 km ENE of Falls City, Texas",2026-08-03T20:35:50Z,https://earthquake.usgs.gov/earthquakes/eventpage/tx2026pekjer,usgs:tx2026pekjer,"11 km ENE of Falls City, Texas",Texas,US,1.6,ml,,29.017,-97.903,8.5592,2026-08-03T21:05:18Z,2026-08-06T17:28:20Z,2026-08-06T17:28:20Z
usgs:aka2026pgvuot,usgs,sismo,"M 3.3 - 111 km SSE of Sand Point, Alaska",2026-08-03T20:32:47Z,https://earthquake.usgs.gov/earthquakes/eventpage/aka2026pgvuot,usgs:aka2026pgvuot,"111 km SSE of Sand Point, Alaska",Alaska,US,3.3,ml,,54.469,-159.627,33.8,2026-08-04T04:55:03Z,2026-08-06T17:28:20Z,2026-08-06T17:28:20Z
usgs:nc75410837,usgs,sismo,"M 1.1 - 7 km NW of The Geysers, CA",2026-08-03T20:21:58Z,https://earthquake.usgs.gov/earthquakes/eventpage/nc75410837,usgs:nc75410837,"7 km NW of The Geysers, CA",CA,US,1.08,md,,38.8213348388672,-122.812164306641,2.83999991416931,2026-08-03T20:23:33Z,2026-08-06T17:28:20Z,2026-08-06T17:28:20Z
usgs:aka2026pgvjnr,usgs,sismo,"M 3.2 - 235 km ESE of Attu Station, Alaska",2026-08-03T20:19:49Z,https://earthquake.usgs.gov/earthquakes/eventpage/aka2026pgvjnr,usgs:aka2026pgvjnr,"235 km ESE of Attu Station, Alaska",Alaska,US,3.2,ml,,51.889,176.268,3.6,2026-08-04T04:53:22Z,2026-08-06T17:28:20Z,2026-08-06T17:28:20Z
usgs:aka2026pgvfcb,usgs,sismo,"M 1.6 - 105 km SSW of Kaktovik, Alaska",2026-08-03T20:14:58Z,https://earthquake.usgs.gov/earthquakes/eventpage/aka2026pgvfcb,usgs:aka2026pgvfcb,"105 km SSW of Kaktovik, Alaska",Alaska,US,1.6,ml,,69.349,-145.143,5.0,2026-08-04T05:42:49Z,2026-08-06T17:28:20Z,2026-08-06T17:28:20Z
usgs:us6000thv7,usgs,sismo,"M 4.7 - 64 km SSW of Midelt, Morocco",2026-08-03T20:14:45Z,https://earthquake.usgs.gov/earthquakes/eventpage/us6000thv7,usgs:us6000thv7,"64 km SSW of Midelt, Morocco",Morocco,MA,4.7,mww,,32.2009,-5.1249,10.0,2026-08-04T06:02:16Z,2026-08-06T17:28:20Z,2026-08-06T17:28:20Z
usgs:ci40665762,usgs,sismo,"M 0.9 - 4 km SSE of Calimesa, CA",2026-08-03T20:05:12Z,https://earthquake.usgs.gov/earthquakes/eventpage/ci40665762,usgs:ci40665762,"4 km SSE of Calimesa, CA",CA,US,0.91,ml,,33.9536666666667,-117.031,13.86,2026-08-03T21:33:27Z,2026-08-06T17:28:20Z,2026-08-06T17:28:20Z
usgs:ok2026pcnh,usgs,sismo,"M 1.0 - 4 km SE of Earlsboro, Oklahoma",2026-08-03T20:00:57Z,https://earthquake.usgs.gov/earthquakes/eventpage/ok2026pcnh,usgs:ok2026pcnh,"4 km SE of Earlsboro, Oklahoma",Oklahoma,US,0.96,ml,,35.24116667,-96.76016667,13.78,2026-08-05T17:24:08Z,2026-08-06T17:28:20Z,2026-08-06T17:28:20Z
usgs:nc75410832,usgs,sismo,"M 1.5 - 7 km E of Willits, CA",2026-08-03T19:58:47Z,https://earthquake.usgs.gov/earthquakes/eventpage/nc75410832,usgs:nc75410832,"7 km E of Willits, CA",CA,US,1.51,md,,39.4095001220703,-123.274002075195,5.8899998664856,2026-08-03T21:07:23Z,2026-08-06T17:28:20Z,2026-08-06T17:28:20Z
usgs:ci40665754,usgs,sismo,"M 1.2 - 18 km SSW of Searles Valley, CA",2026-08-03T19:58:47Z,https://earthquake.usgs.gov/earthquakes/eventpage/ci40665754,usgs:ci40665754,"18 km SSW of Searles Valley, CA",CA,US,1.18,ml,,35.6136666666667,-117.473,7.21,2026-08-03T21:34:13Z,2026-08-06T17:28:20Z,2026-08-06T17:28:20Z
usgs:av94355448,usgs,sismo,"M -0.1 - 7 km WNW of Dutch Harbor, Alaska",2026-08-03T19:51:31Z,https://earthquake.usgs.gov/earthquakes/eventpage/av94355448,usgs:av94355448,"7 km WNW of Dutch Harbor, Alaska",Alaska,US,-0.11,ml,,53.9043333333333,-166.6575,7.61,2026-08-04T20:39:00Z,2026-08-06T17:28:20Z,2026-08-06T17:28:20Z
usgs:tx2026peiqkv,usgs,sismo,"M 1.7 - 54 km NW of Toyah, Texas",2026-08-03T19:43:57Z,https://earthquake.usgs.gov/earthquakes/eventpage/tx2026peiqkv,usgs:tx2026peiqkv,"54 km NW of Toyah, Texas",Texas,US,1.7,ml,,31.651,-104.216,6.5613,2026-08-03T21:24:28Z,2026-08-06T17:28:20Z,2026-08-06T17:28:20Z
usgs:nc75410827,usgs,sismo,"M 2.1 - 15 km N of Morgan Hill, CA",2026-08-03T19:43:05Z,https://earthquake.usgs.gov/earthquakes/eventpage/nc75410827,usgs:nc75410827,"15 km N of Morgan Hill, CA",CA,US,2.07,md,,37.2648315429688,-121.644996643066,2.47000002861023,2026-08-03T19:57:22Z,2026-08-06T17:28:20Z,2026-08-06T17:28:20Z
usgs:nc75410822,usgs,sismo,"M 1.7 - 7 km NW of The Geysers, CA",2026-08-03T19:37:37Z,https://earthquake.usgs.gov/earthquakes/eventpage/nc75410822,usgs:nc75410822,"7 km NW of The Geysers, CA",CA,US,1.71,md,,38.8214988708496,-122.813163757324,2.91000008583069,2026-08-03T19:57:21Z,2026-08-06T17:28:20Z,2026-08-06T17:28:20Z
usgs:tx2026peijbc,usgs,sismo,"M 1.4 - 23 km SSW of Westbrook, Texas",2026-08-03T19:35:12Z,https://earthquake.usgs.gov/earthquakes/eventpage/tx2026peijbc,usgs:tx2026peijbc,"23 km SSW of Westbrook, Texas",Texas,US,1.4,ml,,32.149,-101.071,3.3447,2026-08-05T12:36:35Z,2026-08-06T17:28:20Z,2026-08-06T17:28:20Z
usgs:tx2026peihuu,usgs,sismo,"M 1.9 - 24 km SSW of Westbrook, Texas",2026-08-03T19:33:46Z,https://earthquake.usgs.gov/earthquakes/eventpage/tx2026peihuu,usgs:tx2026peihuu,"24 km SSW of Westbrook, Texas",Texas,US,1.9,ml,,32.14,-101.086,6.8604,2026-08-03T21:00:40Z,2026-08-06T17:28:20Z,2026-08-06T17:28:20Z
usgs:tx2026peiaim,usgs,sismo,"M 1.6 - 54 km S of Whites City, New Mexico",2026-08-03T19:27:35Z,https://earthquake.usgs.gov/earthquakes/eventpage/tx2026peiaim,usgs:tx2026peiaim,"54 km S of Whites City, New Mexico",New Mexico,US,1.6,ml,,31.686,-104.361,6.0486,2026-08-03T21:28:42Z,2026-08-06T17:28:20Z,2026-08-06T17:28:20Z
usgs:nc75410812,usgs,sismo,"M 1.1 - 9 km WNW of The Geysers, CA",2026-08-03T19:26:41Z,https://earthquake.usgs.gov/earthquakes/eventpage/nc75410812,usgs:nc75410812,"9 km WNW of The Geysers, CA",CA,US,1.06,md,,38.8240013122559,-122.846336364746,1.80999994277954,2026-08-03T19:28:17Z,2026-08-06T17:28:20Z,2026-08-06T17:28:20Z
usgs:nc75410792,usgs,sismo,"M 1.5 - 18 km ESE of Tres Pinos, CA",2026-08-03T19:16:08Z,https://earthquake.usgs.gov/earthquakes/eventpage/nc75410792,usgs:nc75410792,"18 km ESE of Tres Pinos, CA",CA,US,1.53,md,,36.7511672973633,-121.120666503906,7.6100001335144,2026-08-03T20:27:23Z,2026-08-06T17:28:20Z,2026-08-06T17:28:20Z
usgs:tx2026pehrsv,usgs,sismo,"M 2.5 - 22 km SSE of Lindsay, Texas",2026-08-03T19:15:16Z,https://earthquake.usgs.gov/earthquakes/eventpage/tx2026pehrsv,usgs:tx2026pehrsv,"22 km SSE of Lindsay, Texas",Texas,US,2.5,ml,,31.17,-103.482,3.1262,2026-08-03T20:20:58Z,2026-08-06T17:28:20Z,2026-08-06T17:28:20Z
usgs:tx2026pehnjn,usgs,sismo,"M 1.8 - 38 km NNW of Toyah, Texas",2026-08-03T19:11:05Z,https://earthquake.usgs.gov/earthquakes/eventpage/tx2026pehnjn,usgs:tx2026pehnjn,"38 km NNW of Toyah, Texas",Texas,US,1.8,ml,,31.614,-104.0,8.0353,2026-08-03T21:12:30Z,2026-08-06T17:28:20Z,2026-08-06T17:28:20Z
usgs:aka2026pgtalf,usgs,sismo,"M 3.8 - 239 km ESE of Attu Station, Alaska",2026-08-03T19:09:28Z,https://earthquake.usgs.gov/earthquakes/eventpage/aka2026pgtalf,usgs:aka2026pgtalf,"239 km ESE of Attu Station, Alaska",Alaska,US,3.8,ml,,51.762,176.217,5.0,2026-08-04T04:53:14Z,2026-08-06T17:28:20Z,2026-08-06T17:28:20Z
usgs:tx2026pehlxd,usgs,sismo,"M 0.8 - 14 km SSE of Stanton, Texas",2026-08-03T19:08:41Z,https://earthquake.usgs.gov/earthquakes/eventpage/tx2026pehlxd,usgs:tx2026pehlxd,"14 km SSE of Stanton, Texas",Texas,US,0.8,ml,,32.009,-101.741,7.959,2026-08-05T17:54:24Z,2026-08-06T17:28:20Z,2026-08-06T17:28:20Z
usgs:nc75410777,usgs,sismo,"M 1.4 - 5 km NW of The Geysers, CA",2026-08-03T19:00:04Z,https://earthquake.usgs.gov/earthquakes/eventpage/nc75410777,usgs:nc75410777,"5 km NW of The Geysers, CA",CA,US,1.44,md,,38.8073348999023,-122.794998168945,3.13000011444092,2026-08-03T19:01:43Z,2026-08-06T17:28:20Z,2026-08-06T17:28:20Z
usgs:tx2026pehdpq,usgs,sismo,"M 0.6 - 15 km SSE of Stanton, Texas",2026-08-03T18:58:42Z,https://earthquake.usgs.gov/earthquakes/eventpage/tx2026pehdpq,usgs:tx2026pehdpq,"15 km SSE of Stanton, Texas",Texas,US,0.6,ml,,32.002,-101.731,8.5693,2026-08-05T21:38:45Z,2026-08-06T17:28:20Z,2026-08-06T17:28:20Z
usgs:aka2026pgsncz,usgs,sismo,"M 1.7 - 7 km WNW of Point MacKenzie, Alaska",2026-08-03T18:54:18Z,https://earthquake.usgs.gov/earthquakes/eventpage/aka2026pgsncz,usgs:aka2026pgsncz,"7 km WNW of Point MacKenzie, Alaska",Alaska,US,1.7,ml,,61.374,-150.108,39.6,2026-08-04T04:50:19Z,2026-08-06T17:28:20Z,2026-08-06T17:28:20Z
usgs:aka2026pgshlb,usgs,sismo,"M 2.2 - 18 km W of Happy Valley, Alaska",2026-08-03T18:48:39Z,https://earthquake.usgs.gov/earthquakes/eventpage/aka2026pgshlb,usgs:aka2026pgshlb,"18 km W of Happy Valley, Alaska",Alaska,US,2.2,ml,,59.932,-152.055,76.9,2026-08-04T04:48:56Z,2026-08-06T17:28:20Z,2026-08-06T17:28:20Z
usgs:ci40665722,usgs,otro,"M 1.2 Quarry Blast - 5 km NE of Bradbury, CA",2026-08-03T18:45:36Z,https://earthquake.usgs.gov/earthquakes/eventpage/ci40665722,usgs:ci40665722,"5 km NE of Bradbury, CA",CA,US,1.24,ml,,34.1786666666667,-117.934333333333,-0.88,2026-08-03T20:12:58Z,2026-08-06T17:28:20Z,2026-08-06T17:28:20Z
usgs:ci40665714,usgs,sismo,"M 1.0 - 17 km ESE of Little Lake, CA",2026-08-03T18:42:04Z,https://earthquake.usgs.gov/earthquakes/eventpage/ci40665714,usgs:ci40665714,"17 km ESE of Little Lake, CA",CA,US,1.01,ml,,35.8928333333333,-117.721833333333,7.79,2026-08-03T20:05:03Z,2026-08-06T17:28:20Z,2026-08-06T17:28:20Z
usgs:nc75410767,usgs,sismo,"M 1.3 - 5 km NW of The Geysers, CA",2026-08-03T18:41:54Z,https://earthquake.usgs.gov/earthquakes/eventpage/nc75410767,usgs:nc75410767,"5 km NW of The Geysers, CA",CA,US,1.25,md,,38.8076667785645,-122.79467010498,3.13000011444092,2026-08-03T19:37:20Z,2026-08-06T17:28:20Z,2026-08-06T17:28:20Z
usgs:uw714070471,usgs,otro,"M 1.8 Explosion - 5 km SSW of Wallula, Washington",2026-08-03T18:40:03Z,https://earthquake.usgs.gov/earthquakes/eventpage/uw714070471,usgs:uw714070471,"5 km SSW of Wallula, Washington",Washington,US,1.78,md,,46.043,-118.932833333333,-0.31,2026-08-03T19:20:55Z,2026-08-06T17:28:20Z,2026-08-06T17:28:20Z
usgs:nc75410762,usgs,sismo,"M 0.7 - 5 km W of The Geysers, CA",2026-08-03T18:35:13Z,https://earthquake.usgs.gov/earthquakes/eventpage/nc75410762,usgs:nc75410762,"5 km W of The Geysers, CA",CA,US,0.73,md,,38.7828330993652,-122.814163208008,5.69000005722046,2026-08-03T18:36:47Z,2026-08-06T17:28:20Z,2026-08-06T17:28:20Z
usgs:ci40665698,usgs,sismo,"M 1.5 - 4 km ENE of Ocotillo Wells, CA",2026-08-03T18:31:08Z,https://earthquake.usgs.gov/earthquakes/eventpage/ci40665698,usgs:ci40665698,"4 km ENE of Ocotillo Wells, CA",CA,US,1.49,ml,,33.1601666666667,-116.090166666667,10.35,2026-08-03T19:29:03Z,2026-08-06T17:28:20Z,2026-08-06T17:28:20Z
usgs:aka2026pgrqkt,usgs,sismo,"M 2.3 - 62 km SSE of Adak, Alaska",2026-08-03T18:28:06Z,https://earthquake.usgs.gov/earthquakes/eventpage/aka2026pgrqkt,usgs:aka2026pgrqkt,"62 km SSE of Adak, Alaska",Alaska,US,2.3,ml,,51.389,-176.184,18.0,2026-08-04T04:47:31Z,2026-08-06T17:28:20Z,2026-08-06T17:28:20Z
usgs:ok2026pcke,usgs,otro,"M 1.1 Quarry Blast - 6 km ENE of Drumright, Oklahoma",2026-08-03T18:27:22Z,https://earthquake.usgs.gov/earthquakes/eventpage/ok2026pcke,usgs:ok2026pcke,"6 km ENE of Drumright, Oklahoma",Oklahoma,US,1.08,ml,,36.01083333,-96.531,0.0,2026-08-05T17:24:03Z,2026-08-06T17:28:20Z,2026-08-06T17:28:20Z
usgs:ci40665690,usgs,sismo,"M 0.8 - 4 km WNW of Borrego Springs, CA",2026-08-03T18:25:10Z,https://earthquake.usgs.gov/earthquakes/eventpage/ci40665690,usgs:ci40665690,"4 km WNW of Borrego Springs, CA",CA,US,0.78,ml,,33.2675,-116.4205,4.76,2026-08-03T20:05:07Z,2026-08-06T17:28:20Z,2026-08-06T17:28:20Z
usgs:ci40665682,usgs,sismo,"M 0.5 - 10 km SSE of Hemet, CA",2026-08-03T18:18:09Z,https://earthquake.usgs.gov/earthquakes/eventpage/ci40665682,usgs:ci40665682,"10 km SSE of Hemet, CA",CA,US,0.5,ml,,33.6583333333333,-116.9465,11.26,2026-08-03T20:05:22Z,2026-08-06T17:28:20Z,2026-08-06T17:28:20Z
usgs:aka2026pgrhgr,usgs,sismo,"M 3.3 - 73 km SSW of Nikolski, Alaska",2026-08-03T18:17:32Z,https://earthquake.usgs.gov/earthquakes/eventpage/aka2026pgrhgr,usgs:aka2026pgrhgr,"73 km SSW of Nikolski, Alaska",Alaska,US,3.3,ml,,52.343,-169.313,22.6,2026-08-04T04:46:23Z,2026-08-06T17:28:20Z,2026-08-06T17:28:20Z
usgs:aka2026pgrcmu,usgs,sismo,"M 1.6 - 47 km W of Tatitlek, Alaska",2026-08-03T18:12:03Z,https://earthquake.usgs.gov/earthquakes/eventpage/aka2026pgrcmu,usgs:aka2026pgrcmu,"47 km W of Tatitlek, Alaska",Alaska,US,1.6,ml,,60.898,-147.55,20.2,2026-08-04T04:45:25Z,2026-08-06T17:28:20Z,2026-08-06T17:28:20Z
usgs:aka2026pgqzxl,usgs,sismo,"M 2.4 - 105 km E of Akutan, Alaska",2026-08-03T18:09:09Z,https://earthquake.usgs.gov/earthquakes/eventpage/aka2026pgqzxl,usgs:aka2026pgqzxl,"105 km E of Akutan, Alaska",Alaska,US,2.4,ml,,54.005,-164.184,15.6,2026-08-04T04:43:37Z,2026-08-06T17:28:20Z,2026-08-06T17:28:20Z
usgs:nc75410747,usgs,sismo,"M 1.0 - 7 km ESE of Cloverdale, CA",2026-08-03T18:06:27Z,https://earthquake.usgs.gov/earthquakes/eventpage/nc75410747,usgs:nc75410747,"7 km ESE of Cloverdale, CA",CA,US,1.02,md,,38.7746658325195,-122.941833496094,2.36999988555908,2026-08-03T18:08:03Z,2026-08-06T17:28:20Z,2026-08-06T17:28:20Z
usgs:nc75410742,usgs,sismo,"M 2.4 - 10 km SE of Tres Pinos, CA",2026-08-03T17:58:29Z,https://earthquake.usgs.gov/earthquakes/eventpage/nc75410742,usgs:nc75410742,"10 km SE of Tres Pinos, CA",CA,US,2.38,md,,36.7256660461426,-121.238502502441,12.960000038147,2026-08-03T18:22:20Z,2026-08-06T17:28:20Z,2026-08-06T17:28:20Z
usgs:tx2026pefdky,usgs,sismo,"M 1.4 - 24 km SSW of Westbrook, Texas",2026-08-03T17:58:19Z,https://earthquake.usgs.gov/earthquakes/eventpage/tx2026pefdky,usgs:tx2026pefdky,"24 km SSW of Westbrook, Texas",Texas,US,1.4,ml,,32.143,-101.071,9.3506,2026-08-04T17:04:10Z,2026-08-06T17:28:20Z,2026-08-06T17:28:20Z
usgs:tx2026peesxr,usgs,sismo,"M 0.9 - 27 km WSW of Ackerly, Texas",2026-08-03T17:48:42Z,https://earthquake.usgs.gov/earthquakes/eventpage/tx2026peesxr,usgs:tx2026peesxr,"27 km WSW of Ackerly, Texas",Texas,US,0.9,ml,,32.467,-102.004,8.8135,2026-08-03T22:24:14Z,2026-08-06T17:28:20Z,2026-08-06T17:28:20Z
usgs:aka2026pgqeew,usgs,sismo,"M 2.0 - 11 km ENE of Fritz Creek, Alaska",2026-08-03T17:45:37Z,https://earthquake.usgs.gov/earthquakes/eventpage/aka2026pgqeew,usgs:aka2026pgqeew,"11 km ENE of Fritz Creek, Alaska",Alaska,US,2.0,ml,,59.766,-151.103,56.5,2026-08-04T04:42:02Z,2026-08-06T17:28:20Z,2026-08-06T17:28:20Z
usgs:aka2026pgqdir,usgs,sismo,"M 2.3 - 31 km ESE of False Pass, Alaska",2026-08-03T17:43:02Z,https://earthquake.usgs.gov/earthquakes/eventpage/aka2026pgqdir,usgs:aka2026pgqdir,"31 km ESE of False Pass, Alaska",Alaska,US,2.3,ml,,54.702,-163.005,4.2,2026-08-04T20:34:59Z,2026-08-06T17:28:20Z,2026-08-06T17:28:20Z
usgs:av93065329,usgs,sismo,"M 0.3 - 25 km N of Atka, Alaska",2026-08-03T17:41:32Z,https://earthquake.usgs.gov/earthquakes/eventpage/av93065329,usgs:av93065329,"25 km N of Atka, Alaska",Alaska,US,0.31,ml,,52.4235,-174.153333333333,4.48,2026-08-04T20:57:00Z,2026-08-06T17:28:20Z,2026-08-06T17:28:20Z
usgs:ci40665666,usgs,sismo,"M 0.5 - 10 km NNW of Anza, CA",2026-08-03T17:36:20Z,https://earthquake.usgs.gov/earthquakes/eventpage/ci40665666,usgs:ci40665666,"10 km NNW of Anza, CA",CA,US,0.53,ml,,33.6426666666667,-116.709666666667,16.96,2026-08-03T18:23:21Z,2026-08-06T17:28:20Z,2026-08-06T17:28:20Z
usgs:uu80146991,usgs,sismo,"M 0.9 - 37 km SE of West Yellowstone, Montana",2026-08-03T17:35:12Z,https://earthquake.usgs.gov/earthquakes/eventpage/uu80146991,usgs:uu80146991,"37 km SE of West Yellowstone, Montana",Montana,US,0.93,md,,44.3991666666667,-110.816666666667,5.23,2026-08-03T18:19:36Z,2026-08-06T17:28:20Z,2026-08-06T17:28:20Z
usgs:ok2026pcil,usgs,otro,"M 1.2 Quarry Blast - 5 km SSE of Owasso, Oklahoma",2026-08-03T17:34:39Z,https://earthquake.usgs.gov/earthquakes/eventpage/ok2026pcil,usgs:ok2026pcil,"5 km SSE of Owasso, Oklahoma",Oklahoma,US,1.17,ml,,36.2215,-95.83283333,0.0,2026-08-05T17:23:59Z,2026-08-06T17:28:20Z,2026-08-06T17:28:20Z
usgs:tx2026peeglk,usgs,sismo,"M 2.1 - 24 km SSW of Westbrook, Texas",2026-08-03T17:31:30Z,https://earthquake.usgs.gov/earthquakes/eventpage/tx2026peeglk,usgs:tx2026peeglk,"24 km SSW of Westbrook, Texas",Texas,US,2.1,ml,,32.141,-101.081,9.4238,2026-08-03T22:16:46Z,2026-08-06T17:28:20Z,2026-08-06T17:28:20Z
usgs:aka2026pgpsub,usgs,sismo,"M 1.5 - 72 km WNW of Aleneva, Alaska",2026-08-03T17:30:50Z,https://earthquake.usgs.gov/earthquakes/eventpage/aka2026pgpsub,usgs:aka2026pgpsub,"72 km WNW of Aleneva, Alaska",Alaska,US,1.5,ml,,58.234,-154.104,85.5,2026-08-04T04:39:30Z,2026-08-06T17:28:20Z,2026-08-06T17:28:20Z
usgs:tx2026pedtmg,usgs,sismo,"M 2.5 - 13 km ESE of Pearsall, Texas",2026-08-03T17:16:24Z,https://earthquake.usgs.gov/earthquakes/eventpage/tx2026pedtmg,usgs:tx2026pedtmg,"13 km ESE of Pearsall, Texas",Texas,US,2.5,ml,,28.845,-98.971,8.2857,2026-08-03T22:27:31Z,2026-08-06T17:28:20Z,2026-08-06T17:28:20Z
usgs:aka2026pgpemh,usgs,sismo,"M 1.6 - 8 km N of Susitna North, Alaska",2026-08-03T17:14:21Z,https://earthquake.usgs.gov/earthquakes/eventpage/aka2026pgpemh,usgs:aka2026pgpemh,"8 km N of Susitna North, Alaska",Alaska,US,1.6,ml,,62.24,-149.882,12.1,2026-08-04T04:38:08Z,2026-08-06T17:28:20Z,2026-08-06T17:28:20Z
usgs:pr71527338,usgs,sismo,"M 2.2 - 3 km NW of Guayanilla, Puerto Rico",2026-08-03T17:09:03Z,https://earthquake.usgs.gov/earthquakes/eventpage/pr71527338,usgs:pr71527338,"3 km NW of Guayanilla, Puerto Rico",Puerto Rico,PR,2.17,md,,18.0418333333333,-66.8093333333333,14.68,2026-08-03T17:20:12Z,2026-08-06T17:28:20Z,2026-08-06T17:28:20Z
usgs:aka2026pgoqip,usgs,sismo,"M 3.5 - 230 km ESE of Attu Station, Alaska",2026-08-03T16:57:45Z,https://earthquake.usgs.gov/earthquakes/eventpage/aka2026pgoqip,usgs:aka2026pgoqip,"230 km ESE of Attu Station, Alaska",Alaska,US,3.5,ml,,52.095,176.348,5.0,2026-08-04T04:36:12Z,2026-08-06T17:28:20Z,2026-08-06T17:28:20Z
usgs:tx2026pectkv,usgs,sismo,"M 0.7 - 15 km W of Stanton, Texas",2026-08-03T16:48:04Z,https://earthquake.usgs.gov/earthquakes/eventpage/tx2026pectkv,usgs:tx2026pectkv,"15 km W of Stanton, Texas",Texas,US,0.7,ml,,32.103,-101.954,8.9111,2026-08-03T22:37:11Z,2026-08-06T17:28:20Z,2026-08-06T17:28:20Z
usgs:av94355063,usgs,sismo,"M 0.6 - 78 km NW of Karluk, Alaska",2026-08-03T16:45:58Z,https://earthquake.usgs.gov/earthquakes/eventpage/av94355063,usgs:av94355063,"78 km NW of Karluk, Alaska",Alaska,US,0.59,ml,,58.0945,-155.333666666667,2.37,2026-08-04T20:22:58Z,2026-08-06T17:28:20Z,2026-08-06T17:28:20Z
usgs:ci40665650,usgs,sismo,"M 1.4 - 23 km WSW of Westmorland, CA",2026-08-03T16:45:01Z,https://earthquake.usgs.gov/earthquakes/eventpage/ci40665650,usgs:ci40665650,"23 km WSW of Westmorland, CA",CA,US,1.41,ml,,32.9581666666667,-115.849666666667,9.86,2026-08-03T17:21:46Z,2026-08-06T17:28:20Z,2026-08-06T17:28:20Z
usgs:aka2026pgochz,usgs,sismo,"M 1.9 - 56 km WSW of Denali Park, Alaska",2026-08-03T16:41:52Z,https://earthquake.usgs.gov/earthquakes/eventpage/aka2026pgochz,usgs:aka2026pgochz,"56 km WSW of Denali Park, Alaska",Alaska,US,1.9,ml,,63.617,-150.016,143.0,2026-08-04T04:33:54Z,2026-08-06T17:28:20Z,2026-08-06T17:28:20Z
usgs:tx2026pecmnn,usgs,sismo,"M 1.2 - 32 km SE of Malaga, New Mexico",2026-08-03T16:38:14Z,https://earthquake.usgs.gov/earthquakes/eventpage/tx2026pecmnn,usgs:tx2026pecmnn,"32 km SE of Malaga, New Mexico",New Mexico,US,1.2,ml,,31.985,-103.878,8.8684,2026-08-03T22:31:52Z,2026-08-06T17:28:20Z,2026-08-06T17:28:20Z
usgs:aka2026pgnyad,usgs,sismo,"M 3.4 - 229 km ESE of Attu Station, Alaska",2026-08-03T16:36:44Z,https://earthquake.usgs.gov/earthquakes/eventpage/aka2026pgnyad,usgs:aka2026pgnyad,"229 km ESE of Attu Station, Alaska",Alaska,US,3.4,ml,,52.144,176.363,0.9,2026-08-03T17:43:11Z,2026-08-06T17:28:20Z,2026-08-06T17:28:20Z
usgs:aka2026pgntrq,usgs,sismo,"M 1.7 - 8 km W of Ninilchik, Alaska",2026-08-03T16:32:04Z,https://earthquake.usgs.gov/earthquakes/eventpage/aka2026pgntrq,usgs:aka2026pgntrq,"8 km W of Ninilchik, Alaska",Alaska,US,1.7,ml,,60.051,-151.814,58.9,2026-08-04T04:32:15Z,2026-08-06T17:28:20Z,2026-08-06T17:28:20Z
usgs:av93065324,usgs,sismo,"M -0.6 - 23 km W of Sitka, Alaska",2026-08-03T16:28:19Z,https://earthquake.usgs.gov/earthquakes/eventpage/av93065324,usgs:av93065324,"23 km W of Sitka, Alaska",Alaska,US,-0.62,ml,,57.0325,-135.713666666667,7.22,2026-08-04T20:25:28Z,2026-08-06T17:28:20Z,2026-08-06T17:28:20Z
usgs:tx2026pebujg,usgs,sismo,"M 1.6 - 60 km SSW of Whites City, New Mexico",2026-08-03T16:17:27Z,https://earthquake.usgs.gov/earthquakes/eventpage/tx2026pebujg,usgs:tx2026pebujg,"60 km SSW of Whites City, New Mexico",New Mexico,US,1.6,ml,,31.644,-104.53,7.0355,2026-08-03T16:37:35Z,2026-08-06T17:28:20Z,2026-08-06T17:28:20Z
usgs:aka2026pgnepj,usgs,sismo,"M 1.7 - 59 km WNW of Anchor Point, Alaska",2026-08-03T16:14:37Z,https://earthquake.usgs.gov/earthquakes/eventpage/aka2026pgnepj,usgs:aka2026pgnepj,"59 km WNW of Anchor Point, Alaska",Alaska,US,1.7,ml,,59.897,-152.859,109.1,2026-08-04T04:30:06Z,2026-08-06T17:28:20Z,2026-08-06T17:28:20Z
usgs:hv75012317,usgs,sismo,"M 1.8 - 11 km NE of Pāhala, Hawaii",2026-08-03T16:09:37Z,https://earthquake.usgs.gov/earthquakes/eventpage/hv75012317,usgs:hv75012317,"11 km NE of Pāhala, Hawaii",Hawaii,US,1.8,md,,19.2604999542236,-155.389831542969,30.0,2026-08-03T16:13:07Z,2026-08-06T17:28:20Z,2026-08-06T17:28:20Z
usgs:aka2026pgmymz,usgs,sismo,"M 3.0 - 55 km E of Sand Point, Alaska",2026-08-03T16:07:37Z,https://earthquake.usgs.gov/earthquakes/eventpage/aka2026pgmymz,usgs:aka2026pgmymz,"55 km E of Sand Point, Alaska",Alaska,US,3.0,ml,,55.384,-159.624,5.0,2026-08-04T04:28:25Z,2026-08-06T17:28:20Z,2026-08-06T17:28:20Z
usgs:nn00922725,usgs,sismo,"M 2.3 - 17 km NNW of Indian Springs, Nevada",2026-08-03T16:03:25Z,https://earthquake.usgs.gov/earthquakes/eventpage/nn00922725,usgs:nn00922725,"17 km NNW of Indian Springs, Nevada",Nevada,US,2.33,ml,,36.7116,-115.7533,4.9136,2026-08-03T16:25:48Z,2026-08-06T17:28:20Z,2026-08-06T17:28:20Z
usgs:nc75410687,usgs,sismo,"M 0.9 - 7 km NW of The Geysers, CA",2026-08-03T16:00:04Z,https://earthquake.usgs.gov/earthquakes/eventpage/nc75410687,usgs:nc75410687,"7 km NW of The Geysers, CA",CA,US,0.89,md,,38.8128318786621,-122.822830200195,2.3199999332428,2026-08-03T16:01:42Z,2026-08-06T17:28:20Z,2026-08-06T17:28:20Z
usgs:us6000ths9,usgs,sismo,"M 4.5 - 123 km E of Miyako, Japan",2026-08-03T15:54:05Z,https://earthquake.usgs.gov/earthquakes/eventpage/us6000ths9,usgs:us6000ths9,"123 km E of Miyako, Japan",Japan,JP,4.5,mb,,39.6999,143.3753,35.0,2026-08-03T16:35:49Z,2026-08-06T17:28:20Z,2026-08-06T17:28:20Z
usgs:uu80146976,usgs,sismo,"M 2.2 - 7 km WNW of Bennington, Idaho",2026-08-03T15:52:57Z,https://earthquake.usgs.gov/earthquakes/eventpage/uu80146976,usgs:uu80146976,"7 km WNW of Bennington, Idaho",Idaho,US,2.19,ml,,42.4123333333333,-111.4085,2.74,2026-08-03T17:55:22Z,2026-08-06T17:28:20Z,2026-08-06T17:28:20Z
usgs:ci40665634,usgs,sismo,"M 2.1 - 7 km N of Beaumont, CA",2026-08-03T15:50:25Z,https://earthquake.usgs.gov/earthquakes/eventpage/ci40665634,usgs:ci40665634,"7 km N of Beaumont, CA",CA,US,2.11,ml,,33.992,-116.9755,9.5,2026-08-03T18:56:00Z,2026-08-06T17:28:20Z,2026-08-06T17:28:20Z
usgs:ci40665626,usgs,sismo,"M 1.4 - 6 km SW of Calimesa, CA",2026-08-03T15:31:44Z,https://earthquake.usgs.gov/earthquakes/eventpage/ci40665626,usgs:ci40665626,"6 km SW of Calimesa, CA",CA,US,1.4,ml,,33.946,-117.097333333333,15.27,2026-08-03T17:52:31Z,2026-08-06T17:28:20Z,2026-08-06T17:28:20Z
usgs:tx2026pdzugf,usgs,sismo,"M 1.8 - 13 km SE of Pearsall, Texas",2026-08-03T15:16:37Z,https://earthquake.usgs.gov/earthquakes/eventpage/tx2026pdzugf,usgs:tx2026pdzugf,"13 km SE of Pearsall, Texas",Texas,US,1.8,ml,,28.809,-98.998,8.655,2026-08-04T17:15:26Z,2026-08-06T17:28:20Z,2026-08-06T17:28:20Z
usgs:aka2026pglaid,usgs,sismo,"M 2.3 - 37 km SSE of Denali National Park, Alaska",2026-08-03T15:09:37Z,https://earthquake.usgs.gov/earthquakes/eventpage/aka2026pglaid,usgs:aka2026pglaid,"37 km SSE of Denali National Park, Alaska",Alaska,US,2.3,ml,,63.256,-151.337,5.0,2026-08-04T04:26:22Z,2026-08-06T17:28:20Z,2026-08-06T17:28:20Z
usgs:nc75410672,usgs,sismo,"M 0.7 - 7 km WNW of Cobb, CA",2026-08-03T15:05:34Z,https://earthquake.usgs.gov/earthquakes/eventpage/nc75410672,usgs:nc75410672,"7 km WNW of Cobb, CA",CA,US,0.71,md,,38.8366661071777,-122.800834655762,2.02999997138977,2026-08-03T15:07:13Z,2026-08-06T17:28:20Z,2026-08-06T17:28:20Z
usgs:av94354863,usgs,sismo,"M 0.4 - 86 km NNW of Karluk, Alaska",2026-08-03T14:58:45Z,https://earthquake.usgs.gov/earthquakes/eventpage/av94354863,usgs:av94354863,"86 km NNW of Karluk, Alaska",Alaska,US,0.42,ml,,58.2881666666667,-154.9885,2.8,2026-08-04T20:13:57Z,2026-08-06T17:28:20Z,2026-08-06T17:28:20Z
usgs:aka2026pgkpfy,usgs,sismo,"M 4.0 - 232 km ESE of Attu Station, Alaska",2026-08-03T14:56:35Z,https://earthquake.usgs.gov/earthquakes/eventpage/aka2026pgkpfy,usgs:aka2026pgkpfy,"232 km ESE of Attu Station, Alaska",Alaska,US,4.0,ml,,51.999,176.314,0.2,2026-08-03T17:47:02Z,2026-08-06T17:28:20Z,2026-08-06T17:28:20Z
usgs:aka2026pgkmga,usgs,sismo,"M 1.6 - 45 km NW of Nikiski, Alaska",2026-08-03T14:53:23Z,https://earthquake.usgs.gov/earthquakes/eventpage/aka2026pgkmga,usgs:aka2026pgkmga,"45 km NW of Nikiski, Alaska",Alaska,US,1.6,ml,,60.926,-151.975,89.4,2026-08-04T04:22:13Z,2026-08-06T17:28:20Z,2026-08-06T17:28:20Z
usgs:nc75410657,usgs,sismo,"M 0.9 - 10 km ESE of Gilroy, CA",2026-08-03T14:47:34Z,https://earthquake.usgs.gov/earthquakes/eventpage/nc75410657,usgs:nc75410657,"10 km ESE of Gilroy, CA",CA,US,0.91,md,,36.9686660766602,-121.462997436523,10.7200002670288,2026-08-03T14:49:13Z,2026-08-06T17:28:20Z,2026-08-06T17:28:20Z
usgs:us6000ths2,usgs,sismo,"M 4.7 - 61 km S of Shikotan, Russia",2026-08-03T14:39:45Z,https://earthquake.usgs.gov/earthquakes/eventpage/us6000ths2,usgs:us6000ths2,"61 km S of Shikotan, Russia",Russia,RU,4.7,mb,,43.2547,146.8482,35.0,2026-08-03T15:05:33Z,2026-08-06T17:28:20Z,2026-08-06T17:28:20Z
usgs:aka2026pgjqhh,usgs,sismo,"M 3.2 - 74 km SSE of Yakutat, Alaska",2026-08-03T14:27:43Z,https://earthquake.usgs.gov/earthquakes/eventpage/aka2026pgjqhh,usgs:aka2026pgjqhh,"74 km SSE of Yakutat, Alaska",Alaska,US,3.2,ml,,58.897,-139.425,8.1,2026-08-04T04:21:47Z,2026-08-06T17:28:20Z,2026-08-06T17:28:20Z
usgs:ci40665578,usgs,sismo,"M 1.6 - 16 km WNW of Progreso, B.C., MX",2026-08-03T14:23:11Z,https://earthquake.usgs.gov/earthquakes/eventpage/ci40665578,usgs:ci40665578,"16 km WNW of Progreso, B.C., MX",MX,MX,1.57,ml,,32.6463333333333,-115.739833333333,7.24,2026-08-03T17:28:40Z,2026-08-06T17:28:20Z,2026-08-06T17:28:20Z
usgs:aka2026pgjiiv,usgs,sismo,"M 2.5 - 95 km SSE of Akutan, Alaska",2026-08-03T14:18:59Z,https://earthquake.usgs.gov/earthquakes/eventpage/aka2026pgjiiv,usgs:aka2026pgjiiv,"95 km SSE of Akutan, Alaska",Alaska,US,2.5,ml,,53.418,-164.987,24.5,2026-08-04T04:19:25Z,2026-08-06T17:28:20Z,2026-08-06T17:28:20Z
usgs:tx2026pdxmed,usgs,sismo,"M 1.6 - 54 km S of Whites City, New Mexico",2026-08-03T14:06:57Z,https://earthquake.usgs.gov/earthquakes/eventpage/tx2026pdxmed,usgs:tx2026pdxmed,"54 km S of Whites City, New Mexico",New Mexico,US,1.6,ml,,31.685,-104.364,8.4711,2026-08-03T15:43:55Z,2026-08-06T17:28:20Z,2026-08-06T17:28:20Z
usgs:nc75410627,usgs,sismo,"M 0.7 - 9 km WNW of Cobb, CA",2026-08-03T13:58:01Z,https://earthquake.usgs.gov/earthquakes/eventpage/nc75410627,usgs:nc75410627,"9 km WNW of Cobb, CA",CA,US,0.72,md,,38.8434982299805,-122.825836181641,1.54999995231628,2026-08-03T13:59:38Z,2026-08-06T17:28:20Z,2026-08-06T17:28:20Z
usgs:ci40665570,usgs,sismo,"M 1.0 - 5 km N of Santa Ana, CA",2026-08-03T13:57:38Z,https://earthquake.usgs.gov/earthquakes/eventpage/ci40665570,usgs:ci40665570,"5 km N of Santa Ana, CA",CA,US,1.04,ml,,33.7813333333333,-117.883,2.03,2026-08-03T19:16:57Z,2026-08-06T17:28:20Z,2026-08-06T17:28:20Z
usgs:av93065309,usgs,sismo,"M 0.8 - 66 km NE of Nikolski, Alaska",2026-08-03T13:44:03Z,https://earthquake.usgs.gov/earthquakes/eventpage/av93065309,usgs:av93065309,"66 km NE of Nikolski, Alaska",Alaska,US,0.84,ml,,53.3848333333333,-168.198666666667,4.13,2026-08-04T20:51:00Z,2026-08-06T17:28:20Z,2026-08-06T17:28:20Z
usgs:nn00922723,usgs,sismo,"M 1.8 - 17 km NNW of Indian Springs, Nevada",2026-08-03T13:16:30Z,https://earthquake.usgs.gov/earthquakes/eventpage/nn00922723,usgs:nn00922723,"17 km NNW of Indian Springs, Nevada",Nevada,US,1.82,ml,,36.7172,-115.7517,2.7377,2026-08-03T17:00:38Z,2026-08-06T17:28:20Z,2026-08-06T17:28:20Z
usgs:ci40665562,usgs,sismo,"M 0.6 - 5 km SW of Warner Springs, CA",2026-08-03T13:15:59Z,https://earthquake.usgs.gov/earthquakes/eventpage/ci40665562,usgs:ci40665562,"5 km SW of Warner Springs, CA",CA,US,0.57,ml,,33.2433333333333,-116.666333333333,11.05,2026-08-03T13:35:52Z,2026-08-06T17:28:20Z,2026-08-06T17:28:20Z
usgs:aka2026pghflm,usgs,sismo,"M 2.0 - 33 km ESE of Minto, Alaska",2026-08-03T13:15:34Z,https://earthquake.usgs.gov/earthquakes/eventpage/aka2026pghflm,usgs:aka2026pghflm,"33 km ESE of Minto, Alaska",Alaska,US,2.0,ml,,65.056,-148.684,11.9,2026-08-04T04:17:40Z,2026-08-06T17:28:20Z,2026-08-06T17:28:20Z
usgs:us6000thrs,usgs,sismo,"M 4.8 - 106 km NW of Gizo, Solomon Islands",2026-08-03T13:14:01Z,https://earthquake.usgs.gov/earthquakes/eventpage/us6000thrs,usgs:us6000thrs,"106 km NW of Gizo, Solomon Islands",Solomon Islands,SB,4.8,mb,,-7.4962,156.087,35.0,2026-08-03T13:40:21Z,2026-08-06T17:28:20Z,2026-08-06T17:28:20Z
usgs:nc75410622,usgs,sismo,"M 2.6 - 43 km W of Petrolia, CA",2026-08-03T13:07:20Z,https://earthquake.usgs.gov/earthquakes/eventpage/nc75410622,usgs:nc75410622,"43 km W of Petrolia, CA",CA,US,2.6,md,,40.3250007629395,-124.791664123535,14.9300003051758,2026-08-03T13:32:19Z,2026-08-06T17:28:20Z,2026-08-06T17:28:20Z
usgs:tx2026pdvkyl,usgs,sismo,"M 2.0 - 12 km SE of Pearsall, Texas",2026-08-03T13:05:10Z,https://earthquake.usgs.gov/earthquakes/eventpage/tx2026pdvkyl,usgs:tx2026pdvkyl,"12 km SE of Pearsall, Texas",Texas,US,2.0,ml,,28.822,-98.99,7.4748,2026-08-03T16:17:38Z,2026-08-06T17:28:20Z,2026-08-06T17:28:20Z
usgs:uw714070181,usgs,sismo,"M 0.3 - 12 km NE of Ashford, Washington",2026-08-03T13:04:11Z,https://earthquake.usgs.gov/earthquakes/eventpage/uw714070181,usgs:uw714070181,"12 km NE of Ashford, Washington",Washington,US,0.31,ml,,46.8333333333333,-121.904333333333,8.17,2026-08-03T15:44:47Z,2026-08-06T17:28:20Z,2026-08-06T17:28:20Z
usgs:tx2026pdvdud,usgs,sismo,"M 1.5 - 14 km ESE of Lindsay, Texas",2026-08-03T12:58:29Z,https://earthquake.usgs.gov/earthquakes/eventpage/tx2026pdvdud,usgs:tx2026pdvdud,"14 km ESE of Lindsay, Texas",Texas,US,1.5,ml,,31.307,-103.399,2.511,2026-08-03T15:34:25Z,2026-08-06T17:28:20Z,2026-08-06T17:28:20Z
usgs:nc75410617,usgs,sismo,"M 1.4 - 10 km NW of The Geysers, CA",2026-08-03T12:40:38Z,https://earthquake.usgs.gov/earthquakes/eventpage/nc75410617,usgs:nc75410617,"10 km NW of The Geysers, CA",CA,US,1.37,md,,38.8288345336914,-122.852836608887,2.0,2026-08-03T13:12:19Z,2026-08-06T17:28:20Z,2026-08-06T17:28:20Z
usgs:aka2026pggbab,usgs,sismo,"M 2.6 - 24 km SE of False Pass, Alaska",2026-08-03T12:40:29Z,https://earthquake.usgs.gov/earthquakes/eventpage/aka2026pggbab,usgs:aka2026pggbab,"24 km SE of False Pass, Alaska",Alaska,US,2.6,ml,,54.722,-163.107,5.0,2026-08-04T18:45:52Z,2026-08-06T17:28:20Z,2026-08-06T17:28:20Z
usgs:aka2026pgfxdj,usgs,sismo,"M 2.5 - 86 km SE of Unalaska, Alaska",2026-08-03T12:35:55Z,https://earthquake.usgs.gov/earthquakes/eventpage/aka2026pgfxdj,usgs:aka2026pgfxdj,"86 km SE of Unalaska, Alaska",Alaska,US,2.5,ml,,53.347,-165.579,20.2,2026-08-04T04:15:18Z,2026-08-06T17:28:20Z,2026-08-06T17:28:20Z
usgs:aka2026pgfvkz,usgs,sismo,"M 1.9 - 36 km SE of Denali National Park, Alaska",2026-08-03T12:34:16Z,https://earthquake.usgs.gov/earthquakes/eventpage/aka2026pgfvkz,usgs:aka2026pgfvkz,"36 km SE of Denali National Park, Alaska",Alaska,US,1.9,ml,,63.286,-151.275,4.4,2026-08-04T04:14:00Z,2026-08-06T17:28:20Z,2026-08-06T17:28:20Z
usgs:pr71527288,usgs,sismo,"M 3.1 - 20 km S of Cruz Bay, U.S. Virgin Islands",2026-08-03T12:24:20Z,https://earthquake.usgs.gov/earthquakes/eventpage/pr71527288,usgs:pr71527288,"20 km S of Cruz Bay, U.S. Virgin Islands",U.S. Virgin Islands,VI,3.09,md,,18.1465,-64.7966666666667,43.64,2026-08-03T13:38:02Z,2026-08-06T17:28:20Z,2026-08-06T17:28:20Z
usgs:pr71527273,usgs,sismo,"M 2.9 - 44 km N of Charlotte Amalie, U.S. Virgin Islands",2026-08-03T12:18:38Z,https://earthquake.usgs.gov/earthquakes/eventpage/pr71527273,usgs:pr71527273,"44 km N of Charlotte Amalie, U.S. Virgin Islands",U.S. Virgin Islands,VI,2.87,md,,18.7398333333333,-64.932,22.91,2026-08-03T13:30:41Z,2026-08-06T17:28:20Z,2026-08-06T17:28:20Z
usgs:aka2026pgfgwt,usgs,sismo,"M 1.7 - 14 km N of Ninilchik, Alaska",2026-08-03T12:17:18Z,https://earthquake.usgs.gov/earthquakes/eventpage/aka2026pgfgwt,usgs:aka2026pgfgwt,"14 km N of Ninilchik, Alaska",Alaska,US,1.7,ml,,60.177,-151.706,74.0,2026-08-04T04:02:42Z,2026-08-06T17:28:20Z,2026-08-06T17:28:20Z
usgs:pr71527283,usgs,sismo,"M 2.9 - 43 km N of Charlotte Amalie, U.S. Virgin Islands",2026-08-03T12:16:37Z,https://earthquake.usgs.gov/earthquakes/eventpage/pr71527283,usgs:pr71527283,"43 km N of Charlotte Amalie, U.S. Virgin Islands",U.S. Virgin Islands,VI,2.92,md,,18.7386666666667,-64.9378333333333,18.3,2026-08-03T12:59:00Z,2026-08-06T17:28:20Z,2026-08-06T17:28:20Z
usgs:nc75410607,usgs,sismo,"M 1.3 - 2 km SSE of Pacheco, CA",2026-08-03T12:13:50Z,https://earthquake.usgs.gov/earthquakes/eventpage/nc75410607,usgs:nc75410607,"2 km SSE of Pacheco, CA",CA,US,1.27,md,,37.9700012207031,-122.070663452148,9.18000030517578,2026-08-03T12:47:24Z,2026-08-06T17:28:20Z,2026-08-06T17:28:20Z
usgs:tx2026pdtnun,usgs,sismo,"M 0.6 - 14 km WSW of Stanton, Texas",2026-08-03T12:08:06Z,https://earthquake.usgs.gov/earthquakes/eventpage/tx2026pdtnun,usgs:tx2026pdtnun,"14 km WSW of Stanton, Texas",Texas,US,0.6,ml,,32.099,-101.941,7.5928,2026-08-03T15:52:14Z,2026-08-06T17:28:20Z,2026-08-06T17:28:20Z
usgs:av94354638,usgs,sismo,"M 0.4 - 80 km NNW of Karluk, Alaska",2026-08-03T12:07:57Z,https://earthquake.usgs.gov/earthquakes/eventpage/av94354638,usgs:av94354638,"80 km NNW of Karluk, Alaska",Alaska,US,0.36,ml,,58.2548333333333,-154.891166666667,5.69,2026-08-04T17:40:18Z,2026-08-06T17:28:20Z,2026-08-06T17:28:20Z
usgs:aka2026pgeytv,usgs,sismo,"M 2.5 - 109 km SW of Kaktovik, Alaska",2026-08-03T12:07:54Z,https://earthquake.usgs.gov/earthquakes/eventpage/aka2026pgeytv,usgs:aka2026pgeytv,"109 km SW of Kaktovik, Alaska",Alaska,US,2.5,ml,,69.36,-145.366,5.0,2026-08-04T04:00:03Z,2026-08-06T17:28:20Z,2026-08-06T17:28:20Z
usgs:ci40665546,usgs,sismo,"M 0.2 - 15 km NE of Little Lake, CA",2026-08-03T11:56:58Z,https://earthquake.usgs.gov/earthquakes/eventpage/ci40665546,usgs:ci40665546,"15 km NE of Little Lake, CA",CA,US,0.2,ml,,36.0225,-117.774333333333,2.01,2026-08-03T18:58:43Z,2026-08-06T17:28:20Z,2026-08-06T17:28:20Z
usgs:nc75410592,usgs,sismo,"M 0.7 - 2 km N of The Geysers, CA",2026-08-03T11:55:50Z,https://earthquake.usgs.gov/earthquakes/eventpage/nc75410592,usgs:nc75410592,"2 km N of The Geysers, CA",CA,US,0.65,md,,38.7953338623047,-122.753829956055,2.28999996185303,2026-08-03T11:57:28Z,2026-08-06T17:28:20Z,2026-08-06T17:28:20Z
usgs:tx2026pdsvji,usgs,sismo,"M 1.9 - 13 km SE of Pearsall, Texas",2026-08-03T11:46:49Z,https://earthquake.usgs.gov/earthquakes/eventpage/tx2026pdsvji,usgs:tx2026pdsvji,"13 km SE of Pearsall, Texas",Texas,US,1.9,ml,,28.818,-98.99,7.9417,2026-08-04T08:13:28Z,2026-08-06T17:28:20Z,2026-08-06T17:28:20Z
usgs:nc75410587,usgs,sismo,"M 1.6 - 6 km WNW of Cobb, CA",2026-08-03T11:35:04Z,https://earthquake.usgs.gov/earthquakes/eventpage/nc75410587,usgs:nc75410587,"6 km WNW of Cobb, CA",CA,US,1.59,md,,38.8344993591309,-122.793663024902,2.0,2026-08-03T12:17:21Z,2026-08-06T17:28:20Z,2026-08-06T17:28:20Z
usgs:uw714070161,usgs,sismo,"M 1.0 - 3 km NNW of Suquamish, Washington",2026-08-03T11:31:36Z,https://earthquake.usgs.gov/earthquakes/eventpage/uw714070161,usgs:uw714070161,"3 km NNW of Suquamish, Washington",Washington,US,0.97,ml,,47.7593333333333,-122.573833333333,23.93,2026-08-03T15:49:44Z,2026-08-06T17:28:20Z,2026-08-06T17:28:20Z
usgs:us6000thre,usgs,sismo,"M 4.9 - 85 km S of Severo-Kuril’sk, Russia",2026-08-03T11:26:42Z,https://earthquake.usgs.gov/earthquakes/eventpage/us6000thre,usgs:us6000thre,"85 km S of Severo-Kuril’sk, Russia",Russia,RU,4.9,mb,,49.9188,155.9445,57.695,2026-08-03T11:53:04Z,2026-08-06T17:28:20Z,2026-08-06T17:28:20Z
usgs:tx2026pdrltx,usgs,sismo,"M 1.0 - 20 km NW of Stanton, Texas",2026-08-03T11:06:33Z,https://earthquake.usgs.gov/earthquakes/eventpage/tx2026pdrltx,usgs:tx2026pdrltx,"20 km NW of Stanton, Texas",Texas,US,1.0,ml,,32.24,-101.958,8.5205,2026-08-04T13:40:58Z,2026-08-06T17:28:20Z,2026-08-06T17:28:20Z
usgs:pr71527253,usgs,sismo,"M 2.4 - 3 km ENE of La Parguera, Puerto Rico",2026-08-03T11:02:32Z,https://earthquake.usgs.gov/earthquakes/eventpage/pr71527253,usgs:pr71527253,"3 km ENE of La Parguera, Puerto Rico",Puerto Rico,PR,2.4,md,,17.9838333333333,-67.0101666666667,8.16,2026-08-03T11:16:43Z,2026-08-06T17:28:20Z,2026-08-06T17:28:20Z
usgs:us6000thrb,usgs,sismo,"M 4.6 - 88 km WSW of San Antonio de los Cobres, Argentina",2026-08-03T10:55:35Z,https://earthquake.usgs.gov/earthquakes/eventpage/us6000thrb,usgs:us6000thrb,"88 km WSW of San Antonio de los Cobres, Argentina",Argentina,AR,4.6,mb,,-24.4954,-67.1352,182.541,2026-08-03T12:07:20Z,2026-08-06T17:28:20Z,2026-08-06T17:28:20Z
usgs:av94354513,usgs,sismo,"M 0.7 - 74 km NE of Nikolski, Alaska",2026-08-03T10:54:06Z,https://earthquake.usgs.gov/earthquakes/eventpage/av94354513,usgs:av94354513,"74 km NE of Nikolski, Alaska",Alaska,US,0.65,ml,,53.4395,-168.118333333333,12.38,2026-08-04T17:32:18Z,2026-08-06T17:28:20Z,2026-08-06T17:28:20Z
usgs:aka2026pgcjwd,usgs,sismo,"M 2.2 - 27 km NW of Beluga, Alaska",2026-08-03T10:50:45Z,https://earthquake.usgs.gov/earthquakes/eventpage/aka2026pgcjwd,usgs:aka2026pgcjwd,"27 km NW of Beluga, Alaska",Alaska,US,2.2,ml,,61.293,-151.489,77.0,2026-08-04T03:56:58Z,2026-08-06T17:28:20Z,2026-08-06T17:28:20Z
usgs:aka2026pgchsf,usgs,sismo,"M 2.0 - 59 km SSW of Nikolai, Alaska",2026-08-03T10:48:15Z,https://earthquake.usgs.gov/earthquakes/eventpage/aka2026pgchsf,usgs:aka2026pgchsf,"59 km SSW of Nikolai, Alaska",Alaska,US,2.0,ml,,62.53,-154.85,5.0,2026-08-04T05:36:31Z,2026-08-06T17:28:20Z,2026-08-06T17:28:20Z
usgs:us6000thra,usgs,sismo,M 4.9 - Fiji region,2026-08-03T10:45:23Z,https://earthquake.usgs.gov/earthquakes/eventpage/us6000thra,usgs:us6000thra,Fiji region,,,4.9,mb,,-17.1228,-176.6766,10.0,2026-08-03T11:10:23Z,2026-08-06T17:28:20Z,2026-08-06T17:28:20Z
usgs:pr71527238,usgs,sismo,"M 2.8 - 1 km ENE of Magas Arriba, Puerto Rico",2026-08-03T10:31:36Z,https://earthquake.usgs.gov/earthquakes/eventpage/pr71527238,usgs:pr71527238,"1 km ENE of Magas Arriba, Puerto Rico",Puerto Rico,PR,2.84,md,,18.0238333333333,-66.7546666666667,13.23,2026-08-03T12:02:35Z,2026-08-06T17:28:20Z,2026-08-06T17:28:20Z
usgs:hv75012222,usgs,sismo,"M 1.8 - 42 km ESE of Naalehu, Hawaii",2026-08-03T10:28:45Z,https://earthquake.usgs.gov/earthquakes/eventpage/hv75012222,usgs:hv75012222,"42 km ESE of Naalehu, Hawaii",Hawaii,US,1.84,md,,18.8548336029053,-155.240493774414,10.1000003814697,2026-08-03T10:32:20Z,2026-08-06T17:28:20Z,2026-08-06T17:28:20Z
usgs:tx2026pdpzbh,usgs,sismo,"M 0.8 - 19 km NW of Stanton, Texas",2026-08-03T10:21:14Z,https://earthquake.usgs.gov/earthquakes/eventpage/tx2026pdpzbh,usgs:tx2026pdpzbh,"19 km NW of Stanton, Texas",Texas,US,0.8,ml,,32.235,-101.954,9.5459,2026-08-04T14:01:26Z,2026-08-06T17:28:20Z,2026-08-06T17:28:20Z
usgs:hv75012217,usgs,sismo,"M 2.0 - 3 km SSW of Pāhala, Hawaii",2026-08-03T10:20:08Z,https://earthquake.usgs.gov/earthquakes/eventpage/hv75012217,usgs:hv75012217,"3 km SSW of Pāhala, Hawaii",Hawaii,US,1.99,ml,,19.1766666666667,-155.493666666667,31.42,2026-08-04T03:30:27Z,2026-08-06T17:28:20Z,2026-08-06T17:28:20Z
usgs:aka2026pgbixe,usgs,sismo,"M 2.4 - 8 km NNE of Sand Point, Alaska",2026-08-03T10:19:50Z,https://earthquake.usgs.gov/earthquakes/eventpage/aka2026pgbixe,usgs:aka2026pgbixe,"8 km NNE of Sand Point, Alaska",Alaska,US,2.4,ml,,55.411,-160.465,81.1,2026-08-04T03:54:48Z,2026-08-06T17:28:20Z,2026-08-06T17:28:20Z
usgs:ci40665538,usgs,sismo,"M 1.6 - 14 km ESE of Pine Valley, CA",2026-08-03T10:08:33Z,https://earthquake.usgs.gov/earthquakes/eventpage/ci40665538,usgs:ci40665538,"14 km ESE of Pine Valley, CA",CA,US,1.6,ml,,32.7883333333333,-116.382666666667,12.62,2026-08-03T13:37:35Z,2026-08-06T17:28:20Z,2026-08-06T17:28:20Z
usgs:aka2026pgayry,usgs,sismo,"M 1.8 - 24 km SE of Livengood, Alaska",2026-08-03T10:07:53Z,https://earthquake.usgs.gov/earthquakes/eventpage/aka2026pgayry,usgs:aka2026pgayry,"24 km SE of Livengood, Alaska",Alaska,US,1.8,ml,,65.387,-148.128,9.8,2026-08-04T03:53:51Z,2026-08-06T17:28:20Z,2026-08-06T17:28:20Z
usgs:aka2026pgayjs,usgs,sismo,"M 1.7 - 7 km SSE of Ninilchik, Alaska",2026-08-03T10:07:31Z,https://earthquake.usgs.gov/earthquakes/eventpage/aka2026pgayjs,usgs:aka2026pgayjs,"7 km SSE of Ninilchik, Alaska",Alaska,US,1.7,ml,,59.988,-151.623,61.5,2026-08-04T03:52:45Z,2026-08-06T17:28:20Z,2026-08-06T17:28:20Z
usgs:nc75410572,usgs,sismo,"M 0.3 - 8 km WNW of The Geysers, CA",2026-08-03T10:03:25Z,https://earthquake.usgs.gov/earthquakes/eventpage/nc75410572,usgs:nc75410572,"8 km WNW of The Geysers, CA",CA,US,0.34,md,,38.8168334960938,-122.834335327148,1.76999998092651,2026-08-03T10:05:03Z,2026-08-06T17:28:20Z,2026-08-06T17:28:20Z
usgs:nc75410562,usgs,sismo,"M 1.4 - 3 km SSW of Anderson Springs, CA",2026-08-03T09:45:19Z,https://earthquake.usgs.gov/earthquakes/eventpage/nc75410562,usgs:nc75410562,"3 km SSW of Anderson Springs, CA",CA,US,1.38,md,,38.748664855957,-122.703002929688,1.86000001430511,2026-08-03T10:47:23Z,2026-08-06T17:28:20Z,2026-08-06T17:28:20Z
usgs:nc75410557,usgs,sismo,"M 1.0 - 3 km SSW of Anderson Springs, CA",2026-08-03T09:44:59Z,https://earthquake.usgs.gov/earthquakes/eventpage/nc75410557,usgs:nc75410557,"3 km SSW of Anderson Springs, CA",CA,US,0.97,md,,38.7456665039062,-122.700836181641,1.35000002384186,2026-08-03T09:46:37Z,2026-08-06T17:28:20Z,2026-08-06T17:28:20Z
usgs:uu80146971,usgs,sismo,"M 0.7 - 14 km NE of Milford, Utah",2026-08-03T09:36:32Z,https://earthquake.usgs.gov/earthquakes/eventpage/uu80146971,usgs:uu80146971,"14 km NE of Milford, Utah",Utah,US,0.73,md,,38.4921666666667,-112.905666666667,3.59,2026-08-03T13:29:41Z,2026-08-06T17:28:20Z,2026-08-06T17:28:20Z
usgs:mb90204138,usgs,sismo,"M 1.1 - 36 km NNE of Ovando, Montana",2026-08-03T09:30:22Z,https://earthquake.usgs.gov/earthquakes/eventpage/mb90204138,usgs:mb90204138,"36 km NNE of Ovando, Montana",Montana,US,1.05,ml,,47.341,-113.031833333333,5.01,2026-08-05T14:53:23Z,2026-08-06T17:28:20Z,2026-08-06T17:28:20Z
usgs:tx2026pdobic,usgs,sismo,"M 1.6 - 56 km S of Whites City, New Mexico",2026-08-03T09:22:51Z,https://earthquake.usgs.gov/earthquakes/eventpage/tx2026pdobic,usgs:tx2026pdobic,"56 km S of Whites City, New Mexico",New Mexico,US,1.6,ml,,31.669,-104.374,6.7407,2026-08-04T13:14:55Z,2026-08-06T17:28:20Z,2026-08-06T17:28:20Z
usgs:tx2026pdobes,usgs,sismo,"M 0.6 - 33 km WSW of Ackerly, Texas",2026-08-03T09:22:38Z,https://earthquake.usgs.gov/earthquakes/eventpage/tx2026pdobes,usgs:tx2026pdobes,"33 km WSW of Ackerly, Texas",Texas,US,0.6,ml,,32.42,-102.055,6.3721,2026-08-04T14:21:17Z,2026-08-06T17:28:20Z,2026-08-06T17:28:20Z
usgs:aka2026pfzjrj,usgs,sismo,"M 2.0 - 54 km E of Denali National Park, Alaska",2026-08-03T09:20:34Z,https://earthquake.usgs.gov/earthquakes/eventpage/aka2026pfzjrj,usgs:aka2026pfzjrj,"54 km E of Denali National Park, Alaska",Alaska,US,2.0,ml,,63.594,-150.627,0.1,2026-08-04T03:51:17Z,2026-08-06T17:28:20Z,2026-08-06T17:28:20Z
usgs:ci40665530,usgs,sismo,"M 1.1 - 8 km WNW of Camp Pendleton South, CA",2026-08-03T09:20:20Z,https://earthquake.usgs.gov/earthquakes/eventpage/ci40665530,usgs:ci40665530,"8 km WNW of Camp Pendleton South, CA",CA,US,1.12,ml,,33.2545,-117.454166666667,15.37,2026-08-03T13:37:30Z,2026-08-06T17:28:20Z,2026-08-06T17:28:20Z
usgs:us6000thr2,usgs,sismo,"M 4.5 - 149 km WSW of Puerto Madero, Mexico",2026-08-03T09:19:09Z,https://earthquake.usgs.gov/earthquakes/eventpage/us6000thr2,usgs:us6000thr2,"149 km WSW of Puerto Madero, Mexico",Mexico,US,4.5,mb,,14.0138,-93.6006,10.0,2026-08-03T11:23:00Z,2026-08-06T17:28:20Z,2026-08-06T17:28:20Z
usgs:tx2026pdnxpg,usgs,sismo,"M 1.6 - 57 km S of Whites City, New Mexico",2026-08-03T09:18:39Z,https://earthquake.usgs.gov/earthquakes/eventpage/tx2026pdnxpg,usgs:tx2026pdnxpg,"57 km S of Whites City, New Mexico",New Mexico,US,1.6,ml,,31.657,-104.377,8.2019,2026-08-04T13:48:26Z,2026-08-06T17:28:20Z,2026-08-06T17:28:20Z
usgs:aka2026pfzgcf,usgs,otro,"M 1.5 Ice Quake - 32 km NNE of Whittier, Alaska",2026-08-03T09:16:26Z,https://earthquake.usgs.gov/earthquakes/eventpage/aka2026pfzgcf,usgs:aka2026pfzgcf,"32 km NNE of Whittier, Alaska",Alaska,US,1.5,ml,,61.045,-148.455,0.0,2026-08-04T03:39:40Z,2026-08-06T17:28:20Z,2026-08-06T17:28:20Z
usgs:aka2026pfzbrd,usgs,sismo,"M 2.6 - 85 km SW of Atka, Alaska",2026-08-03T09:11:11Z,https://earthquake.usgs.gov/earthquakes/eventpage/aka2026pfzbrd,usgs:aka2026pfzbrd,"85 km SW of Atka, Alaska",Alaska,US,2.6,ml,,51.593,-174.966,20.9,2026-08-04T02:08:40Z,2026-08-06T17:28:20Z,2026-08-06T17:28:20Z
usgs:aka2026pfyxsl,usgs,sismo,"M 1.3 - 75 km NW of Ninilchik, Alaska",2026-08-03T09:06:40Z,https://earthquake.usgs.gov/earthquakes/eventpage/aka2026pfyxsl,usgs:aka2026pfyxsl,"75 km NW of Ninilchik, Alaska",Alaska,US,1.3,ml,,60.503,-152.672,111.7,2026-08-04T02:06:51Z,2026-08-06T17:28:20Z,2026-08-06T17:28:20Z
usgs:nc75410542,usgs,sismo,"M 1.4 - 7 km SE of Cloverdale, CA",2026-08-03T09:06:12Z,https://earthquake.usgs.gov/earthquakes/eventpage/nc75410542,usgs:nc75410542,"7 km SE of Cloverdale, CA",CA,US,1.38,md,,38.7713317871094,-122.953163146973,4.67000007629395,2026-08-03T09:07:48Z,2026-08-06T17:28:20Z,2026-08-06T17:28:20Z
usgs:aka2026pfywaa,usgs,sismo,"M 1.6 - 75 km ENE of Ruby, Alaska",2026-08-03T09:04:48Z,https://earthquake.usgs.gov/earthquakes/eventpage/aka2026pfywaa,usgs:aka2026pfywaa,"75 km ENE of Ruby, Alaska",Alaska,US,1.6,ml,,65.069,-154.09,6.3,2026-08-04T05:34:40Z,2026-08-06T17:28:20Z,2026-08-06T17:28:20Z
usgs:nc75410537,usgs,sismo,"M 1.1 - 7 km SE of Cloverdale, CA",2026-08-03T09:03:21Z,https://earthquake.usgs.gov/earthquakes/eventpage/nc75410537,usgs:nc75410537,"7 km SE of Cloverdale, CA",CA,US,1.13,md,,38.7714996337891,-122.952331542969,2.90000009536743,2026-08-03T10:22:20Z,2026-08-06T17:28:20Z,2026-08-06T17:28:20Z
usgs:nc75410532,usgs,sismo,"M 1.8 - 7 km SE of Cloverdale, CA",2026-08-03T09:02:35Z,https://earthquake.usgs.gov/earthquakes/eventpage/nc75410532,usgs:nc75410532,"7 km SE of Cloverdale, CA",CA,US,1.77,md,,38.7701683044434,-122.953330993652,5.01000022888184,2026-08-03T09:57:20Z,2026-08-06T17:28:20Z,2026-08-06T17:28:20Z
usgs:aka2026pfysrm,usgs,sismo,"M 1.7 - 40 km W of Nanwalek, Alaska",2026-08-03T09:00:57Z,https://earthquake.usgs.gov/earthquakes/eventpage/aka2026pfysrm,usgs:aka2026pfysrm,"40 km W of Nanwalek, Alaska",Alaska,US,1.7,ml,,59.367,-152.624,78.2,2026-08-04T02:05:05Z,2026-08-06T17:28:20Z,2026-08-06T17:28:20Z
usgs:hv75012202,usgs,sismo,"M 1.7 - 17 km N of Pāhala, Hawaii",2026-08-03T08:23:20Z,https://earthquake.usgs.gov/earthquakes/eventpage/hv75012202,usgs:hv75012202,"17 km N of Pāhala, Hawaii",Hawaii,US,1.71,md,,19.3643341064453,-155.472839355469,4.42999982833862,2026-08-03T08:26:52Z,2026-08-06T17:28:20Z,2026-08-06T17:28:20Z
usgs:nc75410522,usgs,sismo,"M 1.4 - 7 km ESE of Cloverdale, CA",2026-08-03T08:19:11Z,https://earthquake.usgs.gov/earthquakes/eventpage/nc75410522,usgs:nc75410522,"7 km ESE of Cloverdale, CA",CA,US,1.37,md,,38.7713317871094,-122.944999694824,6.13000011444092,2026-08-03T09:32:21Z,2026-08-06T17:28:20Z,2026-08-06T17:28:20Z
usgs:aka2026pfxhre,usgs,sismo,"M 3.6 - 59 km ENE of Pedro Bay, Alaska",2026-08-03T08:18:15Z,https://earthquake.usgs.gov/earthquakes/eventpage/aka2026pfxhre,usgs:aka2026pfxhre,"59 km ENE of Pedro Bay, Alaska",Alaska,US,3.6,ml,,59.998,-153.136,128.1,2026-08-03T17:59:04Z,2026-08-06T17:28:20Z,2026-08-06T17:28:20Z
usgs:hv75012197,usgs,sismo,"M 1.9 - 13 km S of Fern Forest, Hawaii",2026-08-03T08:17:06Z,https://earthquake.usgs.gov/earthquakes/eventpage/hv75012197,usgs:hv75012197,"13 km S of Fern Forest, Hawaii",Hawaii,US,1.9,ml,,19.341833114624,-155.130340576172,3.65000009536743,2026-08-03T08:20:54Z,2026-08-06T17:28:20Z,2026-08-06T17:28:20Z
usgs:hv75012187,usgs,sismo,"M 1.7 - 13 km S of Fern Forest, Hawaii",2026-08-03T08:17:05Z,https://earthquake.usgs.gov/earthquakes/eventpage/hv75012187,usgs:hv75012187,"13 km S of Fern Forest, Hawaii",Hawaii,US,1.72,ml,,19.3396666666667,-155.124,7.37,2026-08-03T18:09:17Z,2026-08-06T17:28:20Z,2026-08-06T17:28:20Z
usgs:uw714070101,usgs,sismo,"M 0.4 - 1 km WNW of Ashford, Washington",2026-08-03T08:11:40Z,https://earthquake.usgs.gov/earthquakes/eventpage/uw714070101,usgs:uw714070101,"1 km WNW of Ashford, Washington",Washington,US,0.35,ml,,46.7621666666667,-122.043666666667,18.49,2026-08-03T17:44:53Z,2026-08-06T17:28:20Z,2026-08-06T17:28:20Z
usgs:uw714070111,usgs,sismo,"M 0.4 - 39 km NE of Amboy, Washington",2026-08-03T08:10:42Z,https://earthquake.usgs.gov/earthquakes/eventpage/uw714070111,usgs:uw714070111,"39 km NE of Amboy, Washington",Washington,US,0.36,ml,,46.2041666666667,-122.153,6.49,2026-08-03T17:40:32Z,2026-08-06T17:28:20Z,2026-08-06T17:28:20Z
usgs:aka2026pfwyet,usgs,sismo,"M 1.8 - 90 km SSE of Kokhanok, Alaska",2026-08-03T08:07:20Z,https://earthquake.usgs.gov/earthquakes/eventpage/aka2026pfwyet,usgs:aka2026pfwyet,"90 km SSE of Kokhanok, Alaska",Alaska,US,1.8,ml,,58.731,-153.986,111.6,2026-08-04T02:01:01Z,2026-08-06T17:28:20Z,2026-08-06T17:28:20Z
usgs:aka2026pfwpgb,usgs,sismo,"M 2.0 - 12 km SE of Clam Gulch, Alaska",2026-08-03T07:57:02Z,https://earthquake.usgs.gov/earthquakes/eventpage/aka2026pfwpgb,usgs:aka2026pfwpgb,"12 km SE of Clam Gulch, Alaska",Alaska,US,2.0,ml,,60.168,-151.218,65.6,2026-08-04T01:56:58Z,2026-08-06T17:28:20Z,2026-08-06T17:28:20Z
usgs:ci40665522,usgs,sismo,"M 1.0 - 19 km SSW of Searles Valley, CA",2026-08-03T07:50:43Z,https://earthquake.usgs.gov/earthquakes/eventpage/ci40665522,usgs:ci40665522,"19 km SSW of Searles Valley, CA",CA,US,0.98,ml,,35.6043333333333,-117.465833333333,-0.3,2026-08-03T13:37:26Z,2026-08-06T17:28:20Z,2026-08-06T17:28:20Z
usgs:nc75410507,usgs,sismo,"M 0.9 - 2 km N of The Geysers, CA",2026-08-03T07:47:48Z,https://earthquake.usgs.gov/earthquakes/eventpage/nc75410507,usgs:nc75410507,"2 km N of The Geysers, CA",CA,US,0.93,md,,38.7946662902832,-122.757835388184,0.860000014305115,2026-08-03T07:49:23Z,2026-08-06T17:28:20Z,2026-08-06T17:28:20Z
usgs:nc75410502,usgs,sismo,"M 1.1 - 8 km NW of The Geysers, CA",2026-08-03T07:47:16Z,https://earthquake.usgs.gov/earthquakes/eventpage/nc75410502,usgs:nc75410502,"8 km NW of The Geysers, CA",CA,US,1.09,md,,38.8310012817383,-122.814666748047,2.15000009536743,2026-08-03T07:48:53Z,2026-08-06T17:28:20Z,2026-08-06T17:28:20Z
usgs:nc75410497,usgs,sismo,"M 1.1 - 7 km ESE of Cloverdale, CA",2026-08-03T07:46:35Z,https://earthquake.usgs.gov/earthquakes/eventpage/nc75410497,usgs:nc75410497,"7 km ESE of Cloverdale, CA",CA,US,1.06,md,,38.7709999084473,-122.948165893555,3.74000000953674,2026-08-03T07:48:13Z,2026-08-06T17:28:20Z,2026-08-06T17:28:20Z
usgs:ci40665514,usgs,sismo,"M 1.7 - 5 km NNW of Chatsworth, CA",2026-08-03T07:44:21Z,https://earthquake.usgs.gov/earthquakes/eventpage/ci40665514,usgs:ci40665514,"5 km NNW of Chatsworth, CA",CA,US,1.65,ml,,34.2935,-118.633,2.95,2026-08-03T16:56:51Z,2026-08-06T17:28:20Z,2026-08-06T17:28:20Z
usgs:aka2026pfvuqh,usgs,sismo,"M 2.2 - 109 km ENE of Ouzinkie, Alaska",2026-08-03T07:33:15Z,https://earthquake.usgs.gov/earthquakes/eventpage/aka2026pfvuqh,usgs:aka2026pfvuqh,"109 km ENE of Ouzinkie, Alaska",Alaska,US,2.2,ml,,58.36,-150.831,3.2,2026-08-04T01:37:34Z,2026-08-06T17:28:20Z,2026-08-06T17:28:20Z
usgs:tx2026pdkfqq,usgs,sismo,"M 0.5 - 36 km WSW of Ackerly, Texas",2026-08-03T07:27:10Z,https://earthquake.usgs.gov/earthquakes/eventpage/tx2026pdkfqq,usgs:tx2026pdkfqq,"36 km WSW of Ackerly, Texas",Texas,US,0.5,ml,,32.384,-102.069,7.7148,2026-08-06T14:26:59Z,2026-08-06T17:28:20Z,2026-08-06T17:28:20Z
usgs:av94354263,usgs,sismo,"M 0.1 - 83 km NNW of Karluk, Alaska",2026-08-03T07:24:51Z,https://earthquake.usgs.gov/earthquakes/eventpage/av94354263,usgs:av94354263,"83 km NNW of Karluk, Alaska",Alaska,US,0.05,ml,,58.27,-154.945333333333,3.8,2026-08-04T06:03:45Z,2026-08-06T17:28:20Z,2026-08-06T17:28:20Z
usgs:mb90204068,usgs,sismo,"M 1.9 - 25 km S of Ennis, Montana",2026-08-03T07:19:11Z,https://earthquake.usgs.gov/earthquakes/eventpage/mb90204068,usgs:mb90204068,"25 km S of Ennis, Montana",Montana,US,1.86,ml,,45.1213333333333,-111.713333333333,11.74,2026-08-05T14:50:52Z,2026-08-06T17:28:20Z,2026-08-06T17:28:20Z
usgs:ci40665506,usgs,sismo,"M 0.4 - 9 km SW of Idyllwild, CA",2026-08-03T07:00:06Z,https://earthquake.usgs.gov/earthquakes/eventpage/ci40665506,usgs:ci40665506,"9 km SW of Idyllwild, CA",CA,US,0.41,ml,,33.684,-116.789166666667,15.54,2026-08-03T13:40:42Z,2026-08-06T17:28:20Z,2026-08-06T17:28:20Z
usgs:us6000thqm,usgs,sismo,"M 4.0 - 56 km E of La Tirana, Chile",2026-08-03T06:56:36Z,https://earthquake.usgs.gov/earthquakes/eventpage/us6000thqm,usgs:us6000thqm,"56 km E of La Tirana, Chile",Chile,CL,4.0,mb,,-20.2891,-69.1187,90.502,2026-08-04T03:08:01Z,2026-08-06T17:28:20Z,2026-08-06T17:28:20Z
usgs:tx2026pdilcr,usgs,sismo,"M 1.5 - 13 km SE of Pearsall, Texas",2026-08-03T06:33:05Z,https://earthquake.usgs.gov/earthquakes/eventpage/tx2026pdilcr,usgs:tx2026pdilcr,"13 km SE of Pearsall, Texas",Texas,US,1.5,ml,,28.811,-98.993,7.1578,2026-08-06T14:38:12Z,2026-08-06T17:28:20Z,2026-08-06T17:28:20Z
usgs:tx2026pdijov,usgs,sismo,"M 1.3 - 12 km SSW of Jal, New Mexico",2026-08-03T06:31:30Z,https://earthquake.usgs.gov/earthquakes/eventpage/tx2026pdijov,usgs:tx2026pdijov,"12 km SSW of Jal, New Mexico",New Mexico,US,1.3,ml,,32.008,-103.232,0.9521,2026-08-05T12:51:45Z,2026-08-06T17:28:20Z,2026-08-06T17:28:20Z
usgs:ci40665498,usgs,sismo,"M 0.3 - 8 km ESE of Valle Vista, CA",2026-08-03T06:28:12Z,https://earthquake.usgs.gov/earthquakes/eventpage/ci40665498,usgs:ci40665498,"8 km ESE of Valle Vista, CA",CA,US,0.31,ml,,33.7158333333333,-116.821666666667,14.55,2026-08-03T13:40:46Z,2026-08-06T17:28:20Z,2026-08-06T17:28:20Z
usgs:ci40665490,usgs,sismo,"M 0.8 - 1 km N of Loma Linda, CA",2026-08-03T06:27:35Z,https://earthquake.usgs.gov/earthquakes/eventpage/ci40665490,usgs:ci40665490,"1 km N of Loma Linda, CA",CA,US,0.83,ml,,34.0573333333333,-117.2605,16.27,2026-08-03T13:41:00Z,2026-08-06T17:28:20Z,2026-08-06T17:28:20Z
usgs:tx2026pdibfm,usgs,sismo,"M 0.9 - 18 km SSE of Ackerly, Texas",2026-08-03T06:21:37Z,https://earthquake.usgs.gov/earthquakes/eventpage/tx2026pdibfm,usgs:tx2026pdibfm,"18 km SSE of Ackerly, Texas",Texas,US,0.9,ml,,32.374,-101.646,6.7139,2026-08-05T12:25:15Z,2026-08-06T17:28:20Z,2026-08-06T17:28:20Z
usgs:us6000ti65,usgs,sismo,"M 2.0 - 18 km N of St-Jean-Port-Joli, Canada",2026-08-03T06:18:20Z,https://earthquake.usgs.gov/earthquakes/eventpage/us6000ti65,usgs:us6000ti65,"18 km N of St-Jean-Port-Joli, Canada",Canada,CA,2.0,ml,,47.3765,-70.2778,12.066,2026-08-05T01:29:26Z,2026-08-06T17:28:20Z,2026-08-06T17:28:20Z
usgs:ok2026pbma,usgs,sismo,"M 1.1 - 8 km NW of Prague, Oklahoma",2026-08-03T06:14:41Z,https://earthquake.usgs.gov/earthquakes/eventpage/ok2026pbma,usgs:ok2026pbma,"8 km NW of Prague, Oklahoma",Oklahoma,US,1.09,ml,,35.54316667,-96.74283333,6.45,2026-08-05T17:23:54Z,2026-08-06T17:28:20Z,2026-08-06T17:28:20Z
usgs:tx2026pdhula,usgs,sismo,"M 0.6 - 19 km SSE of Ackerly, Texas",2026-08-03T06:13:45Z,https://earthquake.usgs.gov/earthquakes/eventpage/tx2026pdhula,usgs:tx2026pdhula,"19 km SSE of Ackerly, Texas",Texas,US,0.6,ml,,32.369,-101.632,8.4961,2026-08-06T14:30:33Z,2026-08-06T17:28:20Z,2026-08-06T17:28:20Z
usgs:aka2026pftbmc,usgs,sismo,"M 3.8 - 234 km ESE of Attu Station, Alaska",2026-08-03T06:11:11Z,https://earthquake.usgs.gov/earthquakes/eventpage/aka2026pftbmc,usgs:aka2026pftbmc,"234 km ESE of Attu Station, Alaska",Alaska,US,3.8,ml,,51.863,176.238,5.0,2026-08-03T18:14:50Z,2026-08-06T17:28:20Z,2026-08-06T17:28:20Z
usgs:tx2026pdhhvo,usgs,sismo,"M 1.2 - 14 km WSW of Stanton, Texas",2026-08-03T05:59:09Z,https://earthquake.usgs.gov/earthquakes/eventpage/tx2026pdhhvo,usgs:tx2026pdhhvo,"14 km WSW of Stanton, Texas",Texas,US,1.2,ml,,32.101,-101.937,8.4717,2026-08-03T09:34:24Z,2026-08-06T17:28:20Z,2026-08-06T17:28:20Z
usgs:tx2026pdhflj,usgs,sismo,"M 1.5 - 12 km SE of Pearsall, Texas",2026-08-03T05:56:20Z,https://earthquake.usgs.gov/earthquakes/eventpage/tx2026pdhflj,usgs:tx2026pdhflj,"12 km SE of Pearsall, Texas",Texas,US,1.5,ml,,28.825,-98.986,8.2698,2026-08-03T12:04:35Z,2026-08-06T17:28:20Z,2026-08-06T17:28:20Z
usgs:ci40665482,usgs,sismo,"M 1.5 - 23 km SSE of Porterville, CA",2026-08-03T05:53:40Z,https://earthquake.usgs.gov/earthquakes/eventpage/ci40665482,usgs:ci40665482,"23 km SSE of Porterville, CA",CA,US,1.52,ml,,35.8715,-118.936833333333,9.01,2026-08-03T13:44:47Z,2026-08-06T17:28:20Z,2026-08-06T17:28:20Z
usgs:nc75410452,usgs,sismo,"M 0.7 - 10 km WNW of Cobb, CA",2026-08-03T05:48:19Z,https://earthquake.usgs.gov/earthquakes/eventpage/nc75410452,usgs:nc75410452,"10 km WNW of Cobb, CA",CA,US,0.74,md,,38.8438339233398,-122.836669921875,1.39999997615814,2026-08-03T05:49:58Z,2026-08-06T17:28:20Z,2026-08-06T17:28:20Z
usgs:uu80146961,usgs,sismo,"M 1.4 - 51 km SSE of Mammoth, Wyoming",2026-08-03T05:40:06Z,https://earthquake.usgs.gov/earthquakes/eventpage/uu80146961,usgs:uu80146961,"51 km SSE of Mammoth, Wyoming",Wyoming,US,1.44,md,,44.5815,-110.371333333333,4.99,2026-08-03T13:39:08Z,2026-08-06T17:28:20Z,2026-08-06T17:28:20Z
usgs:uu80146956,usgs,sismo,"M 1.2 - 51 km SSE of Mammoth, Wyoming",2026-08-03T05:38:33Z,https://earthquake.usgs.gov/earthquakes/eventpage/uu80146956,usgs:uu80146956,"51 km SSE of Mammoth, Wyoming",Wyoming,US,1.15,ml,,44.5793333333333,-110.361833333333,3.57,2026-08-03T13:51:27Z,2026-08-06T17:28:20Z,2026-08-06T17:28:20Z
usgs:us6000thqj,usgs,sismo,"M 4.3 - 26 km SW of Urakawa, Japan",2026-08-03T05:30:17Z,https://earthquake.usgs.gov/earthquakes/eventpage/us6000thqj,usgs:us6000thqj,"26 km SW of Urakawa, Japan",Japan,JP,4.3,mb,,42.0045,142.5353,64.599,2026-08-03T08:56:34Z,2026-08-06T17:28:20Z,2026-08-06T17:28:20Z
usgs:nc75410447,usgs,sismo,"M 1.0 - 7 km NW of The Geysers, CA",2026-08-03T05:26:59Z,https://earthquake.usgs.gov/earthquakes/eventpage/nc75410447,usgs:nc75410447,"7 km NW of The Geysers, CA",CA,US,1.03,md,,38.8136672973633,-122.817832946777,1.60000002384186,2026-08-03T05:28:38Z,2026-08-06T17:28:20Z,2026-08-06T17:28:20Z
usgs:nc75410442,usgs,sismo,"M 0.9 - 7 km W of Cobb, CA",2026-08-03T05:18:32Z,https://earthquake.usgs.gov/earthquakes/eventpage/nc75410442,usgs:nc75410442,"7 km W of Cobb, CA",CA,US,0.89,md,,38.833667755127,-122.807502746582,2.14000010490417,2026-08-03T05:20:07Z,2026-08-06T17:28:20Z,2026-08-06T17:28:20Z
usgs:ci40665474,usgs,sismo,"M 0.4 - 26 km SSW of Ocotillo Wells, CA",2026-08-03T05:15:33Z,https://earthquake.usgs.gov/earthquakes/eventpage/ci40665474,usgs:ci40665474,"26 km SSW of Ocotillo Wells, CA",CA,US,0.39,ml,,32.94,-116.270333333333,11.45,2026-08-03T13:41:30Z,2026-08-06T17:28:20Z,2026-08-06T17:28:20Z
usgs:uw714070061,usgs,sismo,"M 0.4 - 2 km SSW of Quilcene, Washington",2026-08-03T05:11:09Z,https://earthquake.usgs.gov/earthquakes/eventpage/uw714070061,usgs:uw714070061,"2 km SSW of Quilcene, Washington",Washington,US,0.4,md,,47.7981666666667,-122.890333333333,21.23,2026-08-03T17:37:00Z,2026-08-06T17:28:20Z,2026-08-06T17:28:20Z
usgs:ci40665466,usgs,sismo,"M 0.9 - 12 km SSE of Anza, CA",2026-08-03T05:11:07Z,https://earthquake.usgs.gov/earthquakes/eventpage/ci40665466,usgs:ci40665466,"12 km SSE of Anza, CA",CA,US,0.87,ml,,33.4503333333333,-116.641166666667,6.53,2026-08-03T13:41:46Z,2026-08-06T17:28:20Z,2026-08-06T17:28:20Z
usgs:tx2026pdfsfm,usgs,sismo,"M 1.5 - 16 km ESE of Pearsall, Texas",2026-08-03T05:10:49Z,https://earthquake.usgs.gov/earthquakes/eventpage/tx2026pdfsfm,usgs:tx2026pdfsfm,"16 km ESE of Pearsall, Texas",Texas,US,1.5,ml,,28.824,-98.939,8.8926,2026-08-03T12:47:19Z,2026-08-06T17:28:20Z,2026-08-06T17:28:20Z
usgs:uw714070051,usgs,sismo,"M 0.4 - 39 km NE of Amboy, Washington",2026-08-03T05:09:48Z,https://earthquake.usgs.gov/earthquakes/eventpage/uw714070051,usgs:uw714070051,"39 km NE of Amboy, Washington",Washington,US,0.41,ml,,46.2031666666667,-122.151166666667,6.96,2026-08-03T17:57:31Z,2026-08-06T17:28:20Z,2026-08-06T17:28:20Z
usgs:aka2026pfqwtr,usgs,sismo,"M 1.7 - 27 km ESE of Chase, Alaska",2026-08-03T05:05:48Z,https://earthquake.usgs.gov/earthquakes/eventpage/aka2026pfqwtr,usgs:aka2026pfqwtr,"27 km ESE of Chase, Alaska",Alaska,US,1.7,ml,,62.395,-149.576,55.7,2026-08-04T01:35:21Z,2026-08-06T17:28:20Z,2026-08-06T17:28:20Z
usgs:nc75410437,usgs,sismo,"M 0.2 - 7 km NW of The Geysers, CA",2026-08-03T05:02:46Z,https://earthquake.usgs.gov/earthquakes/eventpage/nc75410437,usgs:nc75410437,"7 km NW of The Geysers, CA",CA,US,0.23,md,,38.8261680603027,-122.803833007812,2.22000002861023,2026-08-03T05:04:23Z,2026-08-06T17:28:20Z,2026-08-06T17:28:20Z
usgs:av94354118,usgs,sismo,"M -1.0 - 61 km ENE of Pedro Bay, Alaska",2026-08-03T05:02:30Z,https://earthquake.usgs.gov/earthquakes/eventpage/av94354118,usgs:av94354118,"61 km ENE of Pedro Bay, Alaska",Alaska,US,-0.95,ml,,60.0136666666667,-153.107166666667,3.14,2026-08-04T05:19:13Z,2026-08-06T17:28:20Z,2026-08-06T17:28:20Z
usgs:nc75410432,usgs,sismo,"M 0.9 - 6 km WNW of Cobb, CA",2026-08-03T05:02:21Z,https://earthquake.usgs.gov/earthquakes/eventpage/nc75410432,usgs:nc75410432,"6 km WNW of Cobb, CA",CA,US,0.93,md,,38.8356666564941,-122.787666320801,1.98000001907349,2026-08-03T05:03:58Z,2026-08-06T17:28:20Z,2026-08-06T17:28:20Z
usgs:us6000thqe,usgs,sismo,"M 4.5 - 5 km NNW of Sánchez, Dominican Republic",2026-08-03T05:01:20Z,https://earthquake.usgs.gov/earthquakes/eventpage/us6000thqe,usgs:us6000thqe,"5 km NNW of Sánchez, Dominican Republic",Dominican Republic,DO,4.5,mb,,19.2743,-69.627,10.0,2026-08-06T16:54:35Z,2026-08-06T17:28:20Z,2026-08-06T17:28:20Z
usgs:us6000thqf,usgs,sismo,"M 4.9 - 14 km ESE of Yibin, China",2026-08-03T05:00:48Z,https://earthquake.usgs.gov/earthquakes/eventpage/us6000thqf,usgs:us6000thqf,"14 km ESE of Yibin, China",China,CN,4.9,mb,,28.6876,104.7633,10.0,2026-08-03T06:42:14Z,2026-08-06T17:28:20Z,2026-08-06T17:28:20Z
usgs:nc75410427,usgs,sismo,"M 1.1 - 7 km SE of Cloverdale, CA",2026-08-03T04:52:37Z,https://earthquake.usgs.gov/earthquakes/eventpage/nc75410427,usgs:nc75410427,"7 km SE of Cloverdale, CA",CA,US,1.11,md,,38.7695007324219,-122.948997497559,4.32000017166138,2026-08-03T05:32:20Z,2026-08-06T17:28:20Z,2026-08-06T17:28:20Z
usgs:aka2026pfqgsd,usgs,sismo,"M 2.5 - 137 km SE of Akutan, Alaska",2026-08-03T04:52:04Z,https://earthquake.usgs.gov/earthquakes/eventpage/aka2026pfqgsd,usgs:aka2026pfqgsd,"137 km SE of Akutan, Alaska",Alaska,US,2.5,ml,,53.362,-164.155,7.5,2026-08-04T01:32:58Z,2026-08-06T17:28:20Z,2026-08-06T17:28:20Z
usgs:aka2026pfqifi,usgs,sismo,"M 1.6 - 71 km WSW of Nanwalek, Alaska",2026-08-03T04:49:00Z,https://earthquake.usgs.gov/earthquakes/eventpage/aka2026pfqifi,usgs:aka2026pfqifi,"71 km WSW of Nanwalek, Alaska",Alaska,US,1.6,ml,,59.139,-153.096,80.6,2026-08-03T23:44:14Z,2026-08-06T17:28:20Z,2026-08-06T17:28:20Z
usgs:aka2026pfqgqs,usgs,sismo,"M 1.6 - 36 km SSE of Denali National Park, Alaska",2026-08-03T04:47:12Z,https://earthquake.usgs.gov/earthquakes/eventpage/aka2026pfqgqs,usgs:aka2026pfqgqs,"36 km SSE of Denali National Park, Alaska",Alaska,US,1.6,ml,,63.266,-151.323,6.3,2026-08-04T05:31:09Z,2026-08-06T17:28:20Z,2026-08-06T17:28:20Z
usgs:ci40665458,usgs,sismo,"M 0.5 - 20 km SSW of Ocotillo Wells, CA",2026-08-03T04:47:07Z,https://earthquake.usgs.gov/earthquakes/eventpage/ci40665458,usgs:ci40665458,"20 km SSW of Ocotillo Wells, CA",CA,US,0.51,ml,,32.9763333333333,-116.2215,10.63,2026-08-03T13:41:58Z,2026-08-06T17:28:20Z,2026-08-06T17:28:20Z
usgs:uw714070041,usgs,sismo,"M 0.2 - 39 km NE of Amboy, Washington",2026-08-03T04:35:01Z,https://earthquake.usgs.gov/earthquakes/eventpage/uw714070041,usgs:uw714070041,"39 km NE of Amboy, Washington",Washington,US,0.15,md,,46.203,-122.155666666667,6.51,2026-08-03T17:52:10Z,2026-08-06T17:28:20Z,2026-08-06T17:28:20Z
usgs:aka2026pfprzu,usgs,sismo,"M 2.1 - 22 km WNW of Salamatof, Alaska",2026-08-03T04:34:22Z,https://earthquake.usgs.gov/earthquakes/eventpage/aka2026pfprzu,usgs:aka2026pfprzu,"22 km WNW of Salamatof, Alaska",Alaska,US,2.1,ml,,60.686,-151.702,78.9,2026-08-03T23:26:05Z,2026-08-06T17:28:20Z,2026-08-06T17:28:20Z
usgs:aka2026pfptyn,usgs,sismo,"M 3.5 - 15 km WNW of Atka, Alaska",2026-08-03T04:32:31Z,https://earthquake.usgs.gov/earthquakes/eventpage/aka2026pfptyn,usgs:aka2026pfptyn,"15 km WNW of Atka, Alaska",Alaska,US,3.5,ml,,52.269,-174.397,174.5,2026-08-03T18:23:00Z,2026-08-06T17:28:20Z,2026-08-06T17:28:20Z
usgs:hv75012132,usgs,sismo,"M 2.0 - 11 km E of Pāhala, Hawaii",2026-08-03T04:32:09Z,https://earthquake.usgs.gov/earthquakes/eventpage/hv75012132,usgs:hv75012132,"11 km E of Pāhala, Hawaii",Hawaii,US,1.98,ml,,19.1951666666667,-155.371666666667,30.34,2026-08-03T19:03:20Z,2026-08-06T17:28:20Z,2026-08-06T17:28:20Z
usgs:hv75012127,usgs,sismo,"M 1.9 - 11 km NE of Pāhala, Hawaii",2026-08-03T04:31:23Z,https://earthquake.usgs.gov/earthquakes/eventpage/hv75012127,usgs:hv75012127,"11 km NE of Pāhala, Hawaii",Hawaii,US,1.87,md,,19.2701663970947,-155.397171020508,30.3500003814697,2026-08-03T04:34:47Z,2026-08-06T17:28:20Z,2026-08-06T17:28:20Z
usgs:uu80146951,usgs,sismo,"M 3.1 - 2 km NNW of Little America, Wyoming",2026-08-03T04:29:50Z,https://earthquake.usgs.gov/earthquakes/eventpage/uu80146951,usgs:uu80146951,"2 km NNW of Little America, Wyoming",Wyoming,US,3.12,ml,,41.5633333333333,-109.866666666667,0.47,2026-08-03T13:20:39Z,2026-08-06T17:28:20Z,2026-08-06T17:28:20Z
usgs:aka2026pfpjlo,usgs,sismo,"M 2.5 - 64 km SSE of Denali National Park, Alaska",2026-08-03T04:20:26Z,https://earthquake.usgs.gov/earthquakes/eventpage/aka2026pfpjlo,usgs:aka2026pfpjlo,"64 km SSE of Denali National Park, Alaska",Alaska,US,2.5,ml,,63.063,-151.012,129.3,2026-08-03T23:22:31Z,2026-08-06T17:28:20Z,2026-08-06T17:28:20Z
usgs:ci40665450,usgs,sismo,"M 0.9 - 11 km ENE of Cabazon, CA",2026-08-03T04:18:12Z,https://earthquake.usgs.gov/earthquakes/eventpage/ci40665450,usgs:ci40665450,"11 km ENE of Cabazon, CA",CA,US,0.88,ml,,33.9686666666667,-116.685833333333,9.92,2026-08-03T13:42:50Z,2026-08-06T17:28:20Z,2026-08-06T17:28:20Z
usgs:av94354043,usgs,sismo,"M 0.3 - 8 km W of Dutch Harbor, Alaska",2026-08-03T04:15:40Z,https://earthquake.usgs.gov/earthquakes/eventpage/av94354043,usgs:av94354043,"8 km W of Dutch Harbor, Alaska",Alaska,US,0.26,ml,,53.8963333333333,-166.6655,7.95,2026-08-04T04:57:43Z,2026-08-06T17:28:20Z,2026-08-06T17:28:20Z
usgs:hv75012112,usgs,sismo,"M 1.8 - 11 km NE of Pāhala, Hawaii",2026-08-03T04:11:15Z,https://earthquake.usgs.gov/earthquakes/eventpage/hv75012112,usgs:hv75012112,"11 km NE of Pāhala, Hawaii",Hawaii,US,1.76,ml,,19.2738333333333,-155.399666666667,28.89,2026-08-04T03:12:29Z,2026-08-06T17:28:20Z,2026-08-06T17:28:20Z
usgs:aka2026pfpazh,usgs,sismo,"M 2.6 - 70 km SE of Akutan, Alaska",2026-08-03T04:10:40Z,https://earthquake.usgs.gov/earthquakes/eventpage/aka2026pfpazh,usgs:aka2026pfpazh,"70 km SE of Akutan, Alaska",Alaska,US,2.6,ml,,53.643,-165.094,33.0,2026-08-03T23:17:59Z,2026-08-06T17:28:20Z,2026-08-06T17:28:20Z
usgs:ci40665442,usgs,sismo,"M 0.9 - 10 km NNW of Anza, CA",2026-08-03T04:04:56Z,https://earthquake.usgs.gov/earthquakes/eventpage/ci40665442,usgs:ci40665442,"10 km NNW of Anza, CA",CA,US,0.85,ml,,33.6361666666667,-116.717833333333,17.55,2026-08-03T13:42:45Z,2026-08-06T17:28:20Z,2026-08-06T17:28:20Z
usgs:uu80146946,usgs,sismo,"M 0.9 - 34 km E of West Yellowstone, Montana",2026-08-03T03:55:19Z,https://earthquake.usgs.gov/earthquakes/eventpage/uu80146946,usgs:uu80146946,"34 km E of West Yellowstone, Montana",Montana,US,0.88,md,,44.6283333333333,-110.676,6.45,2026-08-03T14:18:52Z,2026-08-06T17:28:20Z,2026-08-06T17:28:20Z
usgs:tx2026pddclj,usgs,sismo,"M 1.3 - 13 km ESE of Pearsall, Texas",2026-08-03T03:52:10Z,https://earthquake.usgs.gov/earthquakes/eventpage/tx2026pddclj,usgs:tx2026pddclj,"13 km ESE of Pearsall, Texas",Texas,US,1.3,ml,,28.823,-98.977,5.9273,2026-08-03T12:10:34Z,2026-08-06T17:28:20Z,2026-08-06T17:28:20Z
usgs:av93065269,usgs,sismo,"M 0.1 - 94 km WNW of Aleneva, Alaska",2026-08-03T03:51:39Z,https://earthquake.usgs.gov/earthquakes/eventpage/av93065269,usgs:av93065269,"94 km WNW of Aleneva, Alaska",Alaska,US,0.1,ml,,58.4251666666667,-154.3615,1.36,2026-08-04T05:04:42Z,2026-08-06T17:28:20Z,2026-08-06T17:28:20Z
usgs:ci40665434,usgs,sismo,"M 2.5 - 3 km N of Gardena, CA",2026-08-03T03:50:58Z,https://earthquake.usgs.gov/earthquakes/eventpage/ci40665434,usgs:ci40665434,"3 km N of Gardena, CA",CA,US,2.52,ml,,33.918,-118.314,11.15,2026-08-04T13:36:19Z,2026-08-06T17:28:20Z,2026-08-06T17:28:20Z
usgs:aka2026pfohcu,usgs,sismo,"M 1.7 - 15 km N of Ninilchik, Alaska",2026-08-03T03:47:46Z,https://earthquake.usgs.gov/earthquakes/eventpage/aka2026pfohcu,usgs:aka2026pfohcu,"15 km N of Ninilchik, Alaska",Alaska,US,1.7,ml,,60.191,-151.693,68.3,2026-08-03T23:12:04Z,2026-08-06T17:28:20Z,2026-08-06T17:28:20Z
usgs:nc75410412,usgs,sismo,"M 1.5 - 9 km WNW of Cobb, CA",2026-08-03T03:43:39Z,https://earthquake.usgs.gov/earthquakes/eventpage/nc75410412,usgs:nc75410412,"9 km WNW of Cobb, CA",CA,US,1.47,md,,38.8413314819336,-122.825164794922,1.74000000953674,2026-08-03T04:37:23Z,2026-08-06T17:28:20Z,2026-08-06T17:28:20Z
usgs:aka2026pfoabo,usgs,sismo,"M 2.6 - 74 km SSW of Nikolski, Alaska",2026-08-03T03:39:35Z,https://earthquake.usgs.gov/earthquakes/eventpage/aka2026pfoabo,usgs:aka2026pfoabo,"74 km SSW of Nikolski, Alaska",Alaska,US,2.6,ml,,52.331,-169.333,15.8,2026-08-03T23:03:29Z,2026-08-06T17:28:20Z,2026-08-06T17:28:20Z
usgs:aka2026pfnykl,usgs,sismo,"M 2.7 - 151 km SE of Dawson City, Canada",2026-08-03T03:37:14Z,https://earthquake.usgs.gov/earthquakes/eventpage/aka2026pfnykl,usgs:aka2026pfnykl,"151 km SE of Dawson City, Canada",Canada,CA,2.7,ml,,63.144,-137.173,5.0,2026-08-03T23:01:13Z,2026-08-06T17:28:20Z,2026-08-06T17:28:20Z
usgs:aka2026pfnuvj,usgs,sismo,"M 2.0 - 78 km NE of Ambler, Alaska",2026-08-03T03:33:35Z,https://earthquake.usgs.gov/earthquakes/eventpage/aka2026pfnuvj,usgs:aka2026pfnuvj,"78 km NE of Ambler, Alaska",Alaska,US,2.0,ml,,67.609,-156.641,5.0,2026-08-04T05:28:50Z,2026-08-06T17:28:20Z,2026-08-06T17:28:20Z
usgs:nc75410407,usgs,sismo,"M 2.0 - 3 km NE of The Geysers, CA",2026-08-03T03:33:21Z,https://earthquake.usgs.gov/earthquakes/eventpage/nc75410407,usgs:nc75410407,"3 km NE of The Geysers, CA",CA,US,2.0,md,,38.7929992675781,-122.726829528809,1.49000000953674,2026-08-03T03:42:22Z,2026-08-06T17:28:20Z,2026-08-06T17:28:20Z
usgs:tx2026pdcfri,usgs,sismo,"M 0.7 - 13 km NE of Jal, New Mexico",2026-08-03T03:25:47Z,https://earthquake.usgs.gov/earthquakes/eventpage/tx2026pdcfri,usgs:tx2026pdcfri,"13 km NE of Jal, New Mexico",New Mexico,US,0.7,ml,,32.209,-103.101,3.833,2026-08-04T12:54:47Z,2026-08-06T17:28:20Z,2026-08-06T17:28:20Z
usgs:uw714070011,usgs,sismo,"M 0.7 - 39 km NE of Amboy, Washington",2026-08-03T03:24:23Z,https://earthquake.usgs.gov/earthquakes/eventpage/uw714070011,usgs:uw714070011,"39 km NE of Amboy, Washington",Washington,US,0.7,md,,46.2,-122.155833333333,7.04,2026-08-03T17:49:15Z,2026-08-06T17:28:20Z,2026-08-06T17:28:20Z
usgs:nc75410402,usgs,sismo,"M 2.7 - 7 km WSW of Petrolia, CA",2026-08-03T03:22:38Z,https://earthquake.usgs.gov/earthquakes/eventpage/nc75410402,usgs:nc75410402,"7 km WSW of Petrolia, CA",CA,US,2.69,md,,40.3041648864746,-124.36499786377,16.6599998474121,2026-08-03T04:12:19Z,2026-08-06T17:28:20Z,2026-08-06T17:28:20Z
usgs:nc75410397,usgs,sismo,"M 2.7 - 15 km WNW of Templeton, CA",2026-08-03T03:13:58Z,https://earthquake.usgs.gov/earthquakes/eventpage/nc75410397,usgs:nc75410397,"15 km WNW of Templeton, CA",CA,US,2.7,md,,35.5778350830078,-120.864334106445,4.69000005722046,2026-08-03T03:57:23Z,2026-08-06T17:28:20Z,2026-08-06T17:28:20Z
usgs:aka2026pfmwbu,usgs,sismo,"M 3.9 - 229 km ESE of Attu Station, Alaska",2026-08-03T03:04:48Z,https://earthquake.usgs.gov/earthquakes/eventpage/aka2026pfmwbu,usgs:aka2026pfmwbu,"229 km ESE of Attu Station, Alaska",Alaska,US,3.9,ml,,51.962,176.235,89.6,2026-08-03T22:44:25Z,2026-08-06T17:28:20Z,2026-08-06T17:28:20Z
usgs:aka2026pfmutl,usgs,sismo,"M 1.5 - 14 km ESE of Denali National Park, Alaska",2026-08-03T03:03:31Z,https://earthquake.usgs.gov/earthquakes/eventpage/aka2026pfmutl,usgs:aka2026pfmutl,"14 km ESE of Denali National Park, Alaska",Alaska,US,1.5,ml,,63.47,-151.472,5.0,2026-08-04T05:26:16Z,2026-08-06T17:28:20Z,2026-08-06T17:28:20Z
usgs:aka2026pfmthh,usgs,sismo,"M 1.5 - 7 km NW of Eagle River, Alaska",2026-08-03T03:01:50Z,https://earthquake.usgs.gov/earthquakes/eventpage/aka2026pfmthh,usgs:aka2026pfmthh,"7 km NW of Eagle River, Alaska",Alaska,US,1.5,ml,,61.363,-149.672,30.9,2026-08-03T22:41:45Z,2026-08-06T17:28:20Z,2026-08-06T17:28:20Z
usgs:av94353893,usgs,sismo,"M -0.3 - 64 km ENE of Pedro Bay, Alaska",2026-08-03T02:47:45Z,https://earthquake.usgs.gov/earthquakes/eventpage/av94353893,usgs:av94353893,"64 km ENE of Pedro Bay, Alaska",Alaska,US,-0.33,ml,,60.0391666666667,-153.071,0.82,2026-08-04T04:16:10Z,2026-08-06T17:28:20Z,2026-08-06T17:28:20Z
usgs:nc75410387,usgs,sismo,"M 1.2 - 12 km NNE of Angwin, CA",2026-08-03T02:42:48Z,https://earthquake.usgs.gov/earthquakes/eventpage/nc75410387,usgs:nc75410387,"12 km NNE of Angwin, CA",CA,US,1.19,md,,38.6738319396973,-122.398498535156,4.42999982833862,2026-08-03T03:17:22Z,2026-08-06T17:28:20Z,2026-08-06T17:28:20Z
usgs:aka2026pflzub,usgs,sismo,"M 1.7 - 70 km SW of Nanwalek, Alaska",2026-08-03T02:39:19Z,https://earthquake.usgs.gov/earthquakes/eventpage/aka2026pflzub,usgs:aka2026pflzub,"70 km SW of Nanwalek, Alaska",Alaska,US,1.7,ml,,58.866,-152.696,65.2,2026-08-03T22:38:04Z,2026-08-06T17:28:20Z,2026-08-06T17:28:20Z
usgs:nc75410382,usgs,sismo,"M 1.0 - 7 km S of Pinnacles, CA",2026-08-03T02:37:54Z,https://earthquake.usgs.gov/earthquakes/eventpage/nc75410382,usgs:nc75410382,"7 km S of Pinnacles, CA",CA,US,0.96,md,,36.47216796875,-121.15283203125,3.4300000667572,2026-08-03T02:39:33Z,2026-08-06T17:28:20Z,2026-08-06T17:28:20Z
usgs:ok2026pbeo,usgs,sismo,"M 1.0 - 5 km SSE of Amber, Oklahoma",2026-08-03T02:28:27Z,https://earthquake.usgs.gov/earthquakes/eventpage/ok2026pbeo,usgs:ok2026pbeo,"5 km SSE of Amber, Oklahoma",Oklahoma,US,0.96,ml,,35.11016667,-97.85733333,6.37,2026-08-05T17:23:49Z,2026-08-06T17:28:20Z,2026-08-06T17:28:20Z
usgs:nn00922718,usgs,sismo,"M 1.5 - 32 km SE of Mina, Nevada",2026-08-03T02:27:07Z,https://earthquake.usgs.gov/earthquakes/eventpage/nn00922718,usgs:nn00922718,"32 km SE of Mina, Nevada",Nevada,US,1.52,ml,,38.1939,-117.8329,1.2468,2026-08-03T02:29:47Z,2026-08-06T17:28:20Z,2026-08-06T17:28:20Z
usgs:aka2026pflnda,usgs,sismo,"M 2.1 - 58 km NW of Elfin Cove, Alaska",2026-08-03T02:24:46Z,https://earthquake.usgs.gov/earthquakes/eventpage/aka2026pflnda,usgs:aka2026pflnda,"58 km NW of Elfin Cove, Alaska",Alaska,US,2.1,ml,,58.494,-137.169,4.0,2026-08-03T22:29:55Z,2026-08-06T17:28:20Z,2026-08-06T17:28:20Z
usgs:tx2026pczteu,usgs,sismo,"M 0.3 - 13 km WSW of Stanton, Texas",2026-08-03T02:11:22Z,https://earthquake.usgs.gov/earthquakes/eventpage/tx2026pczteu,usgs:tx2026pczteu,"13 km WSW of Stanton, Texas",Texas,US,0.3,ml,,32.096,-101.931,8.9111,2026-08-03T12:19:24Z,2026-08-06T17:28:20Z,2026-08-06T17:28:20Z
usgs:ok2026pbdv,usgs,sismo,"M 0.7 - 7 km S of Amber, Oklahoma",2026-08-03T02:06:42Z,https://earthquake.usgs.gov/earthquakes/eventpage/ok2026pbdv,usgs:ok2026pbdv,"7 km S of Amber, Oklahoma",Oklahoma,US,0.74,ml,,35.09616667,-97.87483333,7.6,2026-08-05T17:23:44Z,2026-08-06T17:28:20Z,2026-08-06T17:28:20Z
usgs:ok2026pbds,usgs,sismo,"M 0.7 - 6 km S of Amber, Oklahoma",2026-08-03T02:03:26Z,https://earthquake.usgs.gov/earthquakes/eventpage/ok2026pbds,usgs:ok2026pbds,"6 km S of Amber, Oklahoma",Oklahoma,US,0.68,ml,,35.10033333,-97.867,6.14,2026-08-05T17:23:40Z,2026-08-06T17:28:20Z,2026-08-06T17:28:20Z
usgs:us6000thpt,usgs,sismo,"M 5.2 - 66 km WNW of San Alejandro, Peru",2026-08-03T01:42:24Z,https://earthquake.usgs.gov/earthquakes/eventpage/us6000thpt,usgs:us6000thpt,"66 km WNW of San Alejandro, Peru",Peru,PE,5.2,mww,,-8.5724,-75.7603,125.256,2026-08-03T08:56:04Z,2026-08-06T17:28:20Z,2026-08-06T17:28:20Z
usgs:us6000tht1,usgs,sismo,"M 3.6 - 269 km WSW of Adak, Alaska",2026-08-03T01:41:56Z,https://earthquake.usgs.gov/earthquakes/eventpage/us6000tht1,usgs:us6000tht1,"269 km WSW of Adak, Alaska",Alaska,US,3.6,mb,,51.1437,179.6631,25.633,2026-08-03T21:29:19Z,2026-08-06T17:28:20Z,2026-08-06T17:28:20Z
usgs:us6000thps,usgs,sismo,M 4.3 - Fiji region,2026-08-03T01:35:36Z,https://earthquake.usgs.gov/earthquakes/eventpage/us6000thps,usgs:us6000thps,Fiji region,,,4.3,mb,,-19.2296,-177.4503,574.371,2026-08-03T02:15:23Z,2026-08-06T17:28:20Z,2026-08-06T17:28:20Z
usgs:av93065259,usgs,sismo,"M -0.3 - 26 km W of Dutch Harbor, Alaska",2026-08-03T01:21:51Z,https://earthquake.usgs.gov/earthquakes/eventpage/av93065259,usgs:av93065259,"26 km W of Dutch Harbor, Alaska",Alaska,US,-0.34,ml,,53.8725,-166.9405,6.06,2026-08-04T03:47:38Z,2026-08-06T17:28:20Z,2026-08-06T17:28:20Z
usgs:pr71527188,usgs,sismo,"M 3.2 - 46 km N of Charlotte Amalie, U.S. Virgin Islands",2026-08-03T01:19:14Z,https://earthquake.usgs.gov/earthquakes/eventpage/pr71527188,usgs:pr71527188,"46 km N of Charlotte Amalie, U.S. Virgin Islands",U.S. Virgin Islands,VI,3.23,md,,18.76,-64.9345,18.42,2026-08-03T02:58:39Z,2026-08-06T17:28:20Z,2026-08-06T17:28:20Z
usgs:tx2026pcxqua,usgs,sismo,"M 1.2 - 18 km SW of Jal, New Mexico",2026-08-03T01:08:00Z,https://earthquake.usgs.gov/earthquakes/eventpage/tx2026pcxqua,usgs:tx2026pcxqua,"18 km SW of Jal, New Mexico",New Mexico,US,1.2,ml,,31.976,-103.302,6.4587,2026-08-03T11:55:37Z,2026-08-06T17:28:20Z,2026-08-06T17:28:20Z
usgs:ci40665418,usgs,sismo,"M 0.9 - 19 km NE of Thermal, CA",2026-08-03T01:07:53Z,https://earthquake.usgs.gov/earthquakes/eventpage/ci40665418,usgs:ci40665418,"19 km NE of Thermal, CA",CA,US,0.87,ml,,33.7576666666667,-115.9925,6.26,2026-08-03T13:44:56Z,2026-08-06T17:28:20Z,2026-08-06T17:28:20Z
usgs:av94353768,usgs,sismo,"M 0.3 - 83 km NW of Karluk, Alaska",2026-08-03T01:01:31Z,https://earthquake.usgs.gov/earthquakes/eventpage/av94353768,usgs:av94353768,"83 km NW of Karluk, Alaska",Alaska,US,0.27,ml,,58.1601666666667,-155.3225,2.34,2026-08-04T02:30:34Z,2026-08-06T17:28:20Z,2026-08-06T17:28:20Z
usgs:aka2026pfirfk,usgs,sismo,"M 2.2 - 58 km WSW of Tatitlek, Alaska",2026-08-03T00:59:30Z,https://earthquake.usgs.gov/earthquakes/eventpage/aka2026pfirfk,usgs:aka2026pfirfk,"58 km WSW of Tatitlek, Alaska",Alaska,US,2.2,ml,,60.612,-147.616,19.8,2026-08-03T22:28:38Z,2026-08-06T17:28:20Z,2026-08-06T17:28:20Z
usgs:ci40665410,usgs,sismo,"M 1.6 - 19 km ENE of Coachella, CA",2026-08-03T00:56:11Z,https://earthquake.usgs.gov/earthquakes/eventpage/ci40665410,usgs:ci40665410,"19 km ENE of Coachella, CA",CA,US,1.61,ml,,33.7673333333333,-115.997333333333,1.53,2026-08-03T13:42:41Z,2026-08-06T17:28:20Z,2026-08-06T17:28:20Z
usgs:av94353743,usgs,sismo,"M 0.6 - 84 km NNW of Karluk, Alaska",2026-08-03T00:46:44Z,https://earthquake.usgs.gov/earthquakes/eventpage/av94353743,usgs:av94353743,"84 km NNW of Karluk, Alaska",Alaska,US,0.59,ml,,58.2771666666667,-154.952333333333,2.27,2026-08-04T00:33:59Z,2026-08-06T17:28:20Z,2026-08-06T17:28:20Z
usgs:uw714069891,usgs,sismo,"M 1.7 - 39 km NE of Amboy, Washington",2026-08-03T00:44:46Z,https://earthquake.usgs.gov/earthquakes/eventpage/uw714069891,usgs:uw714069891,"39 km NE of Amboy, Washington",Washington,US,1.66,md,,46.2045,-122.163166666667,6.42,2026-08-04T21:07:45Z,2026-08-06T17:28:20Z,2026-08-06T17:28:20Z
usgs:aka2026pficor,usgs,sismo,"M 1.8 - 111 km SW of Kaktovik, Alaska",2026-08-03T00:42:36Z,https://earthquake.usgs.gov/earthquakes/eventpage/aka2026pficor,usgs:aka2026pficor,"111 km SW of Kaktovik, Alaska",Alaska,US,1.8,ml,,69.318,-145.31,1.7,2026-08-04T05:21:26Z,2026-08-06T17:28:20Z,2026-08-06T17:28:20Z
usgs:tx2026pcwupj,usgs,sismo,"M 1.1 - 30 km SW of Coyanosa, Texas",2026-08-03T00:42:12Z,https://earthquake.usgs.gov/earthquakes/eventpage/tx2026pcwupj,usgs:tx2026pcwupj,"30 km SW of Coyanosa, Texas",Texas,US,1.1,ml,,31.038,-103.285,5.7922,2026-08-03T11:17:47Z,2026-08-06T17:28:20Z,2026-08-06T17:28:20Z
usgs:us6000thpi,usgs,sismo,"M 2.7 - 3 km SSW of L'Ancienne-Lorette, Canada",2026-08-03T00:33:17Z,https://earthquake.usgs.gov/earthquakes/eventpage/us6000thpi,usgs:us6000thpi,"3 km SSW of L'Ancienne-Lorette, Canada",Canada,CA,2.7,mb_lg,,46.7622,-71.3733,10.483,2026-08-05T14:59:20Z,2026-08-06T17:28:20Z,2026-08-06T17:28:20Z
usgs:ci40665402,usgs,sismo,"M 0.6 - 12 km ESE of Anza, CA",2026-08-03T00:31:20Z,https://earthquake.usgs.gov/earthquakes/eventpage/ci40665402,usgs:ci40665402,"12 km ESE of Anza, CA",CA,US,0.62,ml,,33.5323333333333,-116.5485,14.41,2026-08-03T13:42:40Z,2026-08-06T17:28:20Z,2026-08-06T17:28:20Z
usgs:pr71527173,usgs,sismo,"M 3.2 - 62 km NW of San Antonio, Puerto Rico",2026-08-03T00:29:17Z,https://earthquake.usgs.gov/earthquakes/eventpage/pr71527173,usgs:pr71527173,"62 km NW of San Antonio, Puerto Rico",Puerto Rico,PR,3.23,md,,18.8513333333333,-67.5578333333333,8.36,2026-08-03T00:47:11Z,2026-08-06T17:28:20Z,2026-08-06T17:28:20Z
usgs:pr71527168,usgs,sismo,"M 2.3 - 6 km SE of Pole Ojea, Puerto Rico",2026-08-03T00:27:16Z,https://earthquake.usgs.gov/earthquakes/eventpage/pr71527168,usgs:pr71527168,"6 km SE of Pole Ojea, Puerto Rico",Puerto Rico,PR,2.32,md,,17.9355,-67.1458333333333,12.05,2026-08-03T00:34:12Z,2026-08-06T17:28:20Z,2026-08-06T17:28:20Z
usgs:aka2026pfhnra,usgs,sismo,"M 1.7 - 93 km N of Yakutat, Alaska",2026-08-03T00:25:24Z,https://earthquake.usgs.gov/earthquakes/eventpage/aka2026pfhnra,usgs:aka2026pfhnra,"93 km N of Yakutat, Alaska",Alaska,US,1.7,ml,,60.371,-139.405,8.9,2026-08-03T22:26:07Z,2026-08-06T17:28:20Z,2026-08-06T17:28:20Z
usgs:nc75410367,usgs,sismo,"M 0.7 - 6 km WNW of Cobb, CA",2026-08-03T00:09:40Z,https://earthquake.usgs.gov/earthquakes/eventpage/nc75410367,usgs:nc75410367,"6 km WNW of Cobb, CA",CA,US,0.69,md,,38.8358345031738,-122.793334960938,2.10999989509583,2026-08-03T00:11:18Z,2026-08-06T17:28:20Z,2026-08-06T17:28:20Z
usgs:aka2026pfgzos,usgs,sismo,"M 1.9 - 54 km E of Denali National Park, Alaska",2026-08-03T00:09:09Z,https://earthquake.usgs.gov/earthquakes/eventpage/aka2026pfgzos,usgs:aka2026pfgzos,"54 km E of Denali National Park, Alaska",Alaska,US,1.9,ml,,63.593,-150.642,0.7,2026-08-03T22:23:17Z,2026-08-06T17:28:20Z,2026-08-06T17:28:20Z
usgs:pr71527163,usgs,sismo,"M 3.1 - 12 km NNE of Charlotte Amalie, U.S. Virgin Islands",2026-08-03T00:01:49Z,https://earthquake.usgs.gov/earthquakes/eventpage/pr71527163,usgs:pr71527163,"12 km NNE of Charlotte Amalie, U.S. Virgin Islands",U.S. Virgin Islands,VI,3.11,md,,18.4491666666667,-64.8813333333333,54.94,2026-08-03T00:42:20Z,2026-08-06T17:28:20Z,2026-08-06T17:28:20Z
usgs:us6000thpb,usgs,sismo,"M 5.0 - 36 km NNE of Suez, Egypt",2026-08-03T00:00:33Z,https://earthquake.usgs.gov/earthquakes/eventpage/us6000thpb,usgs:us6000thpb,"36 km NNE of Suez, Egypt",Egypt,EG,5.0,mww,,30.2922,32.6273,10.0,2026-08-06T15:22:49Z,2026-08-06T17:28:20Z,2026-08-06T17:28:20Z
usgs:aka2026pfgrzb,usgs,sismo,"M 1.8 - 42 km S of Nelchina, Alaska",2026-08-03T00:00:24Z,https://earthquake.usgs.gov/earthquakes/eventpage/aka2026pfgrzb,usgs:aka2026pfgrzb,"42 km S of Nelchina, Alaska",Alaska,US,1.8,ml,,61.612,-146.695,35.3,2026-08-03T22:21:35Z,2026-08-06T17:28:20Z,2026-08-06T17:28:20Z
gdacs:WF:1030141:1,gdacs,incendio,Green forest fire notification in Angola,2026-08-03T00:00:00Z,https://www.gdacs.org/report.aspx?eventtype=WF&eventid=1030141,gdacs:WF:1030141,Angola,Angola,AO,5072.0,ha,verde,-10.543859957516984,21.086825064109295,,2026-08-06T15:02:33Z,2026-08-06T11:34:43Z,2026-08-06T17:28:20Z
gdacs:WF:1030128:5,gdacs,incendio,Green forest fire notification in Russian Federation,2026-08-03T00:00:00Z,https://www.gdacs.org/report.aspx?eventtype=WF&eventid=1030128,gdacs:WF:1030128,Russian Federation,Russian Federation,RU,9813.0,ha,verde,65.15173195495693,105.78186606593464,,2026-08-05T23:02:32Z,2026-08-06T17:28:20Z,2026-08-06T17:28:20Z
gdacs:WF:1030128:4,gdacs,incendio,Green forest fire notification in Russian Federation,2026-08-03T00:00:00Z,https://www.gdacs.org/report.aspx?eventtype=WF&eventid=1030128,gdacs:WF:1030128,Russian Federation,Russian Federation,RU,8921.0,ha,verde,65.15095851877908,105.7840445911603,,2026-08-05T23:02:32Z,2026-08-06T11:34:43Z,
gdacs:WF:1030128:3,gdacs,incendio,Green forest fire notification in Russian Federation,2026-08-03T00:00:00Z,https://www.gdacs.org/report.aspx?eventtype=WF&eventid=1030128,gdacs:WF:1030128,Russian Federation,Russian Federation,RU,6826.0,ha,verde,65.14977815895584,105.7758796576584,,2026-08-05T23:02:32Z,2026-08-06T09:08:27Z,
gdacs:WF:1030128:2,gdacs,incendio,Green forest fire notification in Russian Federation,2026-08-03T00:00:00Z,https://www.gdacs.org/report.aspx?eventtype=WF&eventid=1030128,gdacs:WF:1030128,Russian Federation,Russian Federation,RU,6769.0,ha,verde,65.14992077337655,105.77590539769193,,2026-08-05T23:02:32Z,2026-08-06T06:06:09Z,
gdacs:WF:1030110:1,gdacs,incendio,"Green forest fire notification in Angola, The Democratic Republic of Congo",2026-08-03T00:00:00Z,https://www.gdacs.org/report.aspx?eventtype=WF&eventid=1030110,gdacs:WF:1030110,"Angola, The Democratic Republic of Congo","Angola, The Democratic Republic of Congo",AO;CD,6289.0,ha,verde,-8.018726653273037,18.836852587692704,,2026-08-06T15:02:13Z,2026-08-06T06:06:09Z,2026-08-06T17:28:20Z
gdacs:WF:1030109:1,gdacs,incendio,Green forest fire notification in Angola,2026-08-03T00:00:00Z,https://www.gdacs.org/report.aspx?eventtype=WF&eventid=1030109,gdacs:WF:1030109,Angola,Angola,AO,5431.0,ha,verde,-9.946462201438907,21.025738432656027,,2026-08-06T15:03:04Z,2026-08-06T06:06:09Z,2026-08-06T17:28:20Z
gdacs:WF:1030097:4,gdacs,incendio,Green forest fire notification in Australia,2026-08-03T00:00:00Z,https://www.gdacs.org/report.aspx?eventtype=WF&eventid=1030097,gdacs:WF:1030097,Australia,Australia,AU,11628.0,ha,verde,-17.078863111552185,128.2527805879501,,2026-08-05T15:01:05Z,2026-08-06T11:34:43Z,
gdacs:WF:1030097:3,gdacs,incendio,Green forest fire notification in Australia,2026-08-03T00:00:00Z,https://www.gdacs.org/report.aspx?eventtype=WF&eventid=1030097,gdacs:WF:1030097,Australia,Australia,AU,9216.0,ha,verde,-17.07998933012026,128.25452757804328,,2026-08-05T15:01:05Z,2026-08-06T06:06:09Z,
gdacs:WF:1030096:2,gdacs,incendio,Green forest fire notification in Australia,2026-08-03T00:00:00Z,https://www.gdacs.org/report.aspx?eventtype=WF&eventid=1030096,gdacs:WF:1030096,Australia,Australia,AU,6904.0,ha,verde,-17.670778014644533,124.21845993744905,,2026-08-06T07:01:15Z,2026-08-06T11:34:43Z,
gdacs:WF:1030096:1,gdacs,incendio,Green forest fire notification in Australia,2026-08-03T00:00:00Z,https://www.gdacs.org/report.aspx?eventtype=WF&eventid=1030096,gdacs:WF:1030096,Australia,Australia,AU,6896.0,ha,verde,-17.670815463166775,124.21842637080518,,2026-08-06T07:01:15Z,2026-08-06T06:06:09Z,
gdacs:WF:1030093:5,gdacs,incendio,Green forest fire notification in Australia,2026-08-03T00:00:00Z,https://www.gdacs.org/report.aspx?eventtype=WF&eventid=1030093,gdacs:WF:1030093,Australia,Australia,AU,19518.0,ha,verde,-13.29227065278828,132.2115974764902,,2026-08-04T23:00:39Z,2026-08-06T11:34:43Z,
gdacs:WF:1030093:4,gdacs,incendio,Green forest fire notification in Australia,2026-08-03T00:00:00Z,https://www.gdacs.org/report.aspx?eventtype=WF&eventid=1030093,gdacs:WF:1030093,Australia,Australia,AU,15658.0,ha,verde,-13.305608482314046,132.21036481305805,,2026-08-04T23:00:39Z,2026-08-06T06:06:09Z,
gdacs:WF:1030083:3,gdacs,incendio,Green forest fire notification in Angola,2026-08-03T00:00:00Z,https://www.gdacs.org/report.aspx?eventtype=WF&eventid=1030083,gdacs:WF:1030083,Angola,Angola,AO,7025.0,ha,verde,-9.784170686860001,21.763296724335802,,2026-08-05T15:00:45Z,2026-08-06T09:08:27Z,
gdacs:WF:1030083:2,gdacs,incendio,Green forest fire notification in Angola,2026-08-03T00:00:00Z,https://www.gdacs.org/report.aspx?eventtype=WF&eventid=1030083,gdacs:WF:1030083,Angola,Angola,AO,6824.0,ha,verde,-9.78369850696802,21.761849244026063,,2026-08-05T15:00:45Z,2026-08-06T06:06:09Z,
usgs:tx2026pcvizf,usgs,sismo,"M 1.6 - 57 km S of Whites City, New Mexico",2026-08-02T23:58:39Z,https://earthquake.usgs.gov/earthquakes/eventpage/tx2026pcvizf,usgs:tx2026pcvizf,"57 km S of Whites City, New Mexico",New Mexico,US,1.6,ml,,31.661,-104.42,4.8694,2026-08-03T13:04:03Z,2026-08-06T17:28:20Z,2026-08-06T17:28:20Z
usgs:uw714069821,usgs,sismo,"M -0.1 - 37 km SSE of Morton, Washington",2026-08-02T23:52:10Z,https://earthquake.usgs.gov/earthquakes/eventpage/uw714069821,usgs:uw714069821,"37 km SSE of Morton, Washington",Washington,US,-0.13,md,,46.226,-122.171166666667,5.85,2026-08-04T18:10:41Z,2026-08-06T17:28:20Z,2026-08-06T17:28:20Z
usgs:ci40665394,usgs,sismo,"M 3.0 - 24 km WSW of Westmorland, CA",2026-08-02T23:44:31Z,https://earthquake.usgs.gov/earthquakes/eventpage/ci40665394,usgs:ci40665394,"24 km WSW of Westmorland, CA",CA,US,2.95,ml,,32.9625,-115.860166666667,11.09,2026-08-03T15:46:31Z,2026-08-06T17:28:20Z,2026-08-06T17:28:20Z
usgs:ci40665386,usgs,sismo,"M 1.2 - 9 km NNE of San Dimas, CA",2026-08-02T23:40:05Z,https://earthquake.usgs.gov/earthquakes/eventpage/ci40665386,usgs:ci40665386,"9 km NNE of San Dimas, CA",CA,US,1.19,ml,,34.187,-117.783,13.17,2026-08-03T13:42:54Z,2026-08-06T17:28:20Z,2026-08-06T17:28:20Z
usgs:us6000thp6,usgs,sismo,"M 4.4 - 225 km SSE of Vilyuchinsk, Russia",2026-08-02T23:35:56Z,https://earthquake.usgs.gov/earthquakes/eventpage/us6000thp6,usgs:us6000thp6,"225 km SSE of Vilyuchinsk, Russia",Russia,RU,4.4,mb,,51.1565,159.9781,10.0,2026-08-03T03:56:58Z,2026-08-06T17:28:20Z,2026-08-06T17:28:20Z
usgs:tx2026pcukoq,usgs,sismo,"M 1.9 - 14 km SE of Pearsall, Texas",2026-08-02T23:30:03Z,https://earthquake.usgs.gov/earthquakes/eventpage/tx2026pcukoq,usgs:tx2026pcukoq,"14 km SE of Pearsall, Texas",Texas,US,1.9,ml,,28.804,-98.988,7.2437,2026-08-03T15:21:55Z,2026-08-06T17:28:20Z,2026-08-06T17:28:20Z
usgs:tx2026pcuhay,usgs,sismo,"M 0.5 - 30 km E of McKinney Acres, Texas",2026-08-02T23:25:58Z,https://earthquake.usgs.gov/earthquakes/eventpage/tx2026pcuhay,usgs:tx2026pcuhay,"30 km E of McKinney Acres, Texas",Texas,US,0.5,ml,,32.297,-102.203,8.667,2026-08-04T11:34:36Z,2026-08-06T17:28:20Z,2026-08-06T17:28:20Z
usgs:uw714069761,usgs,otro,"M 1.9 Explosion - 12 km SSE of Princeton, Canada",2026-08-02T23:21:40Z,https://earthquake.usgs.gov/earthquakes/eventpage/uw714069761,usgs:uw714069761,"12 km SSE of Princeton, Canada",Canada,CA,1.89,ml,,49.3501666666667,-120.465833333333,-0.51,2026-08-03T16:03:15Z,2026-08-06T17:28:20Z,2026-08-06T17:28:20Z
usgs:uu80146936,usgs,sismo,"M 1.3 - 14 km NE of Milford, Utah",2026-08-02T23:18:34Z,https://earthquake.usgs.gov/earthquakes/eventpage/uu80146936,usgs:uu80146936,"14 km NE of Milford, Utah",Utah,US,1.27,md,,38.5036666666667,-112.907666666667,4.35,2026-08-03T14:23:31Z,2026-08-06T17:28:20Z,2026-08-06T17:28:20Z
usgs:ci40665370,usgs,otro,"M 1.6 Quarry Blast - 4 km NNW of Boron, CA",2026-08-02T23:16:05Z,https://earthquake.usgs.gov/earthquakes/eventpage/ci40665370,usgs:ci40665370,"4 km NNW of Boron, CA",CA,US,1.55,ml,,35.0373333333333,-117.666833333333,-0.79,2026-08-03T16:24:09Z,2026-08-06T17:28:20Z,2026-08-06T17:28:20Z
usgs:nc75410357,usgs,sismo,"M 1.1 - 6 km NNW of The Geysers, CA",2026-08-02T23:07:18Z,https://earthquake.usgs.gov/earthquakes/eventpage/nc75410357,usgs:nc75410357,"6 km NNW of The Geysers, CA",CA,US,1.07,md,,38.8216667175293,-122.792663574219,2.78999996185303,2026-08-02T23:08:53Z,2026-08-06T17:28:20Z,2026-08-06T17:28:20Z
usgs:hv75012027,usgs,sismo,"M 2.5 - 10 km WNW of Kukuihaele, Hawaii",2026-08-02T23:04:57Z,https://earthquake.usgs.gov/earthquakes/eventpage/hv75012027,usgs:hv75012027,"10 km WNW of Kukuihaele, Hawaii",Hawaii,US,2.49,ml,,20.1591666666667,-155.665,12.56,2026-08-04T03:04:32Z,2026-08-06T17:28:20Z,2026-08-06T17:28:20Z
usgs:ci40665362,usgs,sismo,"M 0.5 - 7 km WSW of Anza, CA",2026-08-02T23:00:49Z,https://earthquake.usgs.gov/earthquakes/eventpage/ci40665362,usgs:ci40665362,"7 km WSW of Anza, CA",CA,US,0.5,ml,,33.5251666666667,-116.741666666667,4.07,2026-08-03T13:45:00Z,2026-08-06T17:28:20Z,2026-08-06T17:28:20Z
usgs:uw714069721,usgs,sismo,"M 0.0 - 39 km NE of Amboy, Washington",2026-08-02T22:58:12Z,https://earthquake.usgs.gov/earthquakes/eventpage/uw714069721,usgs:uw714069721,"39 km NE of Amboy, Washington",Washington,US,-0.04,md,,46.2026666666667,-122.151166666667,7.27,2026-08-03T19:53:53Z,2026-08-06T17:28:20Z,2026-08-06T17:28:20Z
usgs:mb90204108,usgs,sismo,"M 0.6 - 7 km WSW of Condon, Montana",2026-08-02T22:53:42Z,https://earthquake.usgs.gov/earthquakes/eventpage/mb90204108,usgs:mb90204108,"7 km WSW of Condon, Montana",Montana,US,0.55,ml,,47.5098333333333,-113.8135,16.54,2026-08-05T14:44:22Z,2026-08-06T17:28:20Z,2026-08-06T17:28:20Z
usgs:us6000thp0,usgs,sismo,"M 4.5 - 6 km W of Sarangani, Philippines",2026-08-02T22:48:30Z,https://earthquake.usgs.gov/earthquakes/eventpage/us6000thp0,usgs:us6000thp0,"6 km W of Sarangani, Philippines",Philippines,PH,4.5,mb,,5.4131,125.4077,8.955,2026-08-03T02:49:34Z,2026-08-06T17:28:20Z,2026-08-06T17:28:20Z
usgs:av94353508,usgs,sismo,"M 0.4 - 64 km NE of Pedro Bay, Alaska",2026-08-02T22:41:10Z,https://earthquake.usgs.gov/earthquakes/eventpage/av94353508,usgs:av94353508,"64 km NE of Pedro Bay, Alaska",Alaska,US,0.42,ml,,60.118,-153.1485,6.46,2026-08-05T23:02:27Z,2026-08-06T17:28:20Z,2026-08-06T17:28:20Z
usgs:ci40665354,usgs,sismo,"M 1.4 - 7 km NNE of Progreso, B.C., MX",2026-08-02T22:41:07Z,https://earthquake.usgs.gov/earthquakes/eventpage/ci40665354,usgs:ci40665354,"7 km NNE of Progreso, B.C., MX",MX,MX,1.38,ml,,32.6348333333333,-115.558166666667,5.13,2026-08-03T20:56:06Z,2026-08-06T17:28:20Z,2026-08-06T17:28:20Z
usgs:aka2026pfduvu,usgs,sismo,"M 0.6 - 85 km NNW of Karluk, Alaska",2026-08-02T22:33:45Z,https://earthquake.usgs.gov/earthquakes/eventpage/aka2026pfduvu,usgs:aka2026pfduvu,"85 km NNW of Karluk, Alaska",Alaska,US,0.6,ml,,58.293,-154.959,5.0,2026-08-05T22:58:57Z,2026-08-06T17:28:20Z,2026-08-06T17:28:20Z
usgs:aka2026pfdjdg,usgs,sismo,"M 1.2 - 48 km NW of Karluk, Alaska",2026-08-02T22:20:14Z,https://earthquake.usgs.gov/earthquakes/eventpage/aka2026pfdjdg,usgs:aka2026pfdjdg,"48 km NW of Karluk, Alaska",Alaska,US,1.2,ml,,57.877,-155.025,85.3,2026-08-02T22:21:34Z,2026-08-06T17:28:20Z,2026-08-06T17:28:20Z
usgs:nc75410332,usgs,sismo,"M 1.7 - 6 km NNW of Pinnacles, CA",2026-08-02T22:16:19Z,https://earthquake.usgs.gov/earthquakes/eventpage/nc75410332,usgs:nc75410332,"6 km NNW of Pinnacles, CA",CA,US,1.68,md,,36.5796661376953,-121.176834106445,2.71000003814697,2026-08-02T23:22:20Z,2026-08-06T17:28:20Z,2026-08-06T17:28:20Z
usgs:hv75012012,usgs,sismo,"M 2.1 - 1 km SW of Pāhala, Hawaii",2026-08-02T22:15:09Z,https://earthquake.usgs.gov/earthquakes/eventpage/hv75012012,usgs:hv75012012,"1 km SW of Pāhala, Hawaii",Hawaii,US,2.05,md,,19.1955,-155.485833333333,33.01,2026-08-04T02:55:26Z,2026-08-06T17:28:20Z,2026-08-06T17:28:20Z
usgs:us6000thnx,usgs,sismo,"M 2.8 - 70 km ESE of Red Dog Mine, Alaska",2026-08-02T22:07:42Z,https://earthquake.usgs.gov/earthquakes/eventpage/us6000thnx,usgs:us6000thnx,"70 km ESE of Red Dog Mine, Alaska",Alaska,US,2.8,ml,,67.9257,-161.2392,10.0,2026-08-03T02:34:34Z,2026-08-06T17:28:20Z,2026-08-06T17:28:20Z
usgs:us6000thnw,usgs,sismo,"M 4.2 - 17 km E of Calingasta, Argentina",2026-08-02T22:07:05Z,https://earthquake.usgs.gov/earthquakes/eventpage/us6000thnw,usgs:us6000thnw,"17 km E of Calingasta, Argentina",Argentina,AR,4.2,mb,,-31.3551,-69.2379,115.49,2026-08-03T01:41:23Z,2026-08-06T17:28:20Z,2026-08-06T17:28:20Z
usgs:aka2026pfcuob,usgs,sismo,"M 3.5 - 85 km ENE of Chignik, Alaska",2026-08-02T22:03:26Z,https://earthquake.usgs.gov/earthquakes/eventpage/aka2026pfcuob,usgs:aka2026pfcuob,"85 km ENE of Chignik, Alaska",Alaska,US,3.5,ml,,56.645,-157.174,69.2,2026-08-03T01:30:34Z,2026-08-06T17:28:20Z,2026-08-06T17:28:20Z
usgs:uw714069701,usgs,sismo,"M 1.1 - 3 km E of Oak Harbor, Washington",2026-08-02T21:59:24Z,https://earthquake.usgs.gov/earthquakes/eventpage/uw714069701,usgs:uw714069701,"3 km E of Oak Harbor, Washington",Washington,US,1.05,ml,,48.2911666666667,-122.601666666667,25.98,2026-08-03T16:10:30Z,2026-08-06T17:28:20Z,2026-08-06T17:28:20Z
usgs:nc75410307,usgs,sismo,"M 1.9 - 8 km NNW of West Bishop, CA",2026-08-02T21:59:08Z,https://earthquake.usgs.gov/earthquakes/eventpage/nc75410307,usgs:nc75410307,"8 km NNW of West Bishop, CA",CA,US,1.94,md,,37.4264984130859,-118.498168945312,5.42000007629395,2026-08-02T22:32:22Z,2026-08-06T17:28:20Z,2026-08-06T17:28:20Z
usgs:hv75012002,usgs,sismo,"M 1.9 - 7 km NNE of Pāhala, Hawaii",2026-08-02T21:55:08Z,https://earthquake.usgs.gov/earthquakes/eventpage/hv75012002,usgs:hv75012002,"7 km NNE of Pāhala, Hawaii",Hawaii,US,1.9,ml,,19.2686666666667,-155.450333333333,1.56,2026-08-03T19:45:22Z,2026-08-06T17:28:20Z,2026-08-06T17:28:20Z
usgs:uw714069691,usgs,otro,"M 1.4 Explosion - 17 km S of Princeton, Canada",2026-08-02T21:51:03Z,https://earthquake.usgs.gov/earthquakes/eventpage/uw714069691,usgs:uw714069691,"17 km S of Princeton, Canada",Canada,CA,1.36,ml,,49.3026666666667,-120.467166666667,-0.62,2026-08-03T19:45:50Z,2026-08-06T17:28:20Z,2026-08-06T17:28:20Z
usgs:nc75410297,usgs,sismo,"M 1.0 - 6 km WNW of Cobb, CA",2026-08-02T21:46:20Z,https://earthquake.usgs.gov/earthquakes/eventpage/nc75410297,usgs:nc75410297,"6 km WNW of Cobb, CA",CA,US,1.02,md,,38.837833404541,-122.784164428711,1.37999999523163,2026-08-02T21:47:57Z,2026-08-06T17:28:20Z,2026-08-06T17:28:20Z
usgs:uw714069661,usgs,sismo,"M 0.3 - 40 km NE of Amboy, Washington",2026-08-02T21:41:13Z,https://earthquake.usgs.gov/earthquakes/eventpage/uw714069661,usgs:uw714069661,"40 km NE of Amboy, Washington",Washington,US,0.25,md,,46.2041666666667,-122.146,6.75,2026-08-03T19:43:22Z,2026-08-06T17:28:20Z,2026-08-06T17:28:20Z
usgs:nc75410292,usgs,sismo,"M 2.1 - 6 km NNW of Pinnacles, CA",2026-08-02T21:36:30Z,https://earthquake.usgs.gov/earthquakes/eventpage/nc75410292,usgs:nc75410292,"6 km NNW of Pinnacles, CA",CA,US,2.13,md,,36.5755004882812,-121.176170349121,3.91000008583069,2026-08-02T21:57:21Z,2026-08-06T17:28:20Z,2026-08-06T17:28:20Z
usgs:ok2026paul,usgs,sismo,"M 1.6 - 6 km WSW of Marshall, Oklahoma",2026-08-02T21:22:07Z,https://earthquake.usgs.gov/earthquakes/eventpage/ok2026paul,usgs:ok2026paul,"6 km WSW of Marshall, Oklahoma",Oklahoma,US,1.55,ml,,36.13866667,-97.69666667,14.56,2026-08-05T17:23:35Z,2026-08-06T17:28:20Z,2026-08-06T17:28:20Z
usgs:av94353343,usgs,sismo,"M -0.5 - 69 km WNW of Tyonek, Alaska",2026-08-02T21:11:06Z,https://earthquake.usgs.gov/earthquakes/eventpage/av94353343,usgs:av94353343,"69 km WNW of Tyonek, Alaska",Alaska,US,-0.51,ml,,61.2815,-152.355166666667,4.13,2026-08-05T22:53:27Z,2026-08-06T17:28:20Z,2026-08-06T17:28:20Z
usgs:aka2026pfbaxt,usgs,sismo,"M 1.0 - 38 km S of Manley Hot Springs, Alaska",2026-08-02T21:10:48Z,https://earthquake.usgs.gov/earthquakes/eventpage/aka2026pfbaxt,usgs:aka2026pfbaxt,"38 km S of Manley Hot Springs, Alaska",Alaska,US,1.0,ml,,64.66,-150.666,10.3,2026-08-02T21:12:31Z,2026-08-06T17:28:20Z,2026-08-06T17:28:20Z
usgs:aka2026pfasgx,usgs,sismo,"M 0.5 - 53 km ENE of Pedro Bay, Alaska",2026-08-02T21:00:49Z,https://earthquake.usgs.gov/earthquakes/eventpage/aka2026pfasgx,usgs:aka2026pfasgx,"53 km ENE of Pedro Bay, Alaska",Alaska,US,0.5,ml,,60.0,-153.254,5.0,2026-08-02T21:01:52Z,2026-08-06T17:28:20Z,2026-08-06T17:28:20Z
usgs:nc75410282,usgs,sismo,"M 0.8 - 6 km WNW of The Geysers, CA",2026-08-02T21:00:42Z,https://earthquake.usgs.gov/earthquakes/eventpage/nc75410282,usgs:nc75410282,"6 km WNW of The Geysers, CA",CA,US,0.78,md,,38.8021659851074,-122.811668395996,3.38000011444092,2026-08-02T21:02:17Z,2026-08-06T17:28:20Z,2026-08-06T17:28:20Z
usgs:us6000thng,usgs,sismo,"M 4.3 - 8 km SW of Fiambalá, Argentina",2026-08-02T20:53:30Z,https://earthquake.usgs.gov/earthquakes/eventpage/us6000thng,usgs:us6000thng,"8 km SW of Fiambalá, Argentina",Argentina,AR,4.3,mb,,-27.732,-67.6681,139.15,2026-08-03T12:51:28Z,2026-08-06T17:28:20Z,2026-08-06T17:28:20Z
usgs:hv75011992,usgs,sismo,"M 1.5 - 2 km SW of Pāhala, Hawaii",2026-08-02T20:41:21Z,https://earthquake.usgs.gov/earthquakes/eventpage/hv75011992,usgs:hv75011992,"2 km SW of Pāhala, Hawaii",Hawaii,US,1.54,ml,,19.1866666666667,-155.493333333333,30.84,2026-08-04T02:48:24Z,2026-08-06T17:28:20Z,2026-08-06T17:28:20Z
usgs:av94353298,usgs,sismo,"M -0.3 - 72 km NW of Ninilchik, Alaska",2026-08-02T20:30:28Z,https://earthquake.usgs.gov/earthquakes/eventpage/av94353298,usgs:av94353298,"72 km NW of Ninilchik, Alaska",Alaska,US,-0.25,ml,,60.4786666666667,-152.644,21.44,2026-08-05T22:48:55Z,2026-08-06T17:28:20Z,2026-08-06T17:28:20Z
usgs:tx2026pcoaoe,usgs,sismo,"M 1.4 - 14 km SE of Pearsall, Texas",2026-08-02T20:17:28Z,https://earthquake.usgs.gov/earthquakes/eventpage/tx2026pcoaoe,usgs:tx2026pcoaoe,"14 km SE of Pearsall, Texas",Texas,US,1.4,ml,,28.804,-98.991,6.9297,2026-08-06T14:14:59Z,2026-08-06T17:28:20Z,2026-08-06T17:28:20Z
usgs:tx2026pcnvlp,usgs,sismo,"M 0.7 - 18 km N of Snyder, Texas",2026-08-02T20:11:30Z,https://earthquake.usgs.gov/earthquakes/eventpage/tx2026pcnvlp,usgs:tx2026pcnvlp,"18 km N of Snyder, Texas",Texas,US,0.7,ml,,32.883,-100.925,4.4189,2026-08-04T11:46:02Z,2026-08-06T17:28:20Z,2026-08-06T17:28:20Z
usgs:us6000thna,usgs,sismo,"M 4.5 - 85 km SSE of Shikotan, Russia",2026-08-02T20:02:10Z,https://earthquake.usgs.gov/earthquakes/eventpage/us6000thna,usgs:us6000thna,"85 km SSE of Shikotan, Russia",Russia,RU,4.5,mb,,43.0682,147.0554,35.0,2026-08-02T20:28:29Z,2026-08-06T17:28:20Z,2026-08-06T17:28:20Z
usgs:ci40665338,usgs,sismo,"M 0.4 - 7 km S of Idyllwild, CA",2026-08-02T19:53:54Z,https://earthquake.usgs.gov/earthquakes/eventpage/ci40665338,usgs:ci40665338,"7 km S of Idyllwild, CA",CA,US,0.44,ml,,33.6821666666667,-116.708666666667,15.65,2026-08-02T19:58:26Z,2026-08-06T17:28:20Z,2026-08-06T17:28:20Z
usgs:tx2026pcmtwa,usgs,sismo,"M 1.5 - 54 km NW of Toyah, Texas",2026-08-02T19:39:28Z,https://earthquake.usgs.gov/earthquakes/eventpage/tx2026pcmtwa,usgs:tx2026pcmtwa,"54 km NW of Toyah, Texas",Texas,US,1.5,ml,,31.649,-104.207,6.7151,2026-08-03T18:04:22Z,2026-08-06T17:28:20Z,2026-08-06T17:28:20Z
usgs:tx2026pcmpht,usgs,sismo,"M 0.5 - 25 km SW of Garden City, Texas",2026-08-02T19:34:11Z,https://earthquake.usgs.gov/earthquakes/eventpage/tx2026pcmpht,usgs:tx2026pcmpht,"25 km SW of Garden City, Texas",Texas,US,0.5,ml,,31.724,-101.699,8.3252,2026-08-04T09:50:55Z,2026-08-06T17:28:20Z,2026-08-06T17:28:20Z
usgs:ci40665330,usgs,sismo,"M 0.6 - 21 km ESE of Anza, CA",2026-08-02T19:30:11Z,https://earthquake.usgs.gov/earthquakes/eventpage/ci40665330,usgs:ci40665330,"21 km ESE of Anza, CA",CA,US,0.64,ml,,33.4845,-116.465333333333,11.66,2026-08-02T19:58:41Z,2026-08-06T17:28:20Z,2026-08-06T17:28:20Z
usgs:tx2026pcmkfc,usgs,sismo,"M 0.5 - 14 km WSW of Stanton, Texas",2026-08-02T19:28:19Z,https://earthquake.usgs.gov/earthquakes/eventpage/tx2026pcmkfc,usgs:tx2026pcmkfc,"14 km WSW of Stanton, Texas",Texas,US,0.5,ml,,32.099,-101.933,8.7646,2026-08-04T09:39:33Z,2026-08-06T17:28:20Z,2026-08-06T17:28:20Z
usgs:ci10247630,usgs,sismo,"M 0.1 - 21 km ESE of Anza, CA",2026-08-02T19:21:26Z,https://earthquake.usgs.gov/earthquakes/eventpage/ci10247630,usgs:ci10247630,"21 km ESE of Anza, CA",CA,US,0.13,ml,,33.4953333333333,-116.459166666667,14.12,2026-08-03T21:36:46Z,2026-08-06T17:28:20Z,2026-08-06T17:28:20Z
usgs:ci40665322,usgs,sismo,"M 0.5 - 21 km ESE of Anza, CA",2026-08-02T19:21:13Z,https://earthquake.usgs.gov/earthquakes/eventpage/ci40665322,usgs:ci40665322,"21 km ESE of Anza, CA",CA,US,0.53,ml,,33.4855,-116.465833333333,11.83,2026-08-03T21:19:35Z,2026-08-06T17:28:20Z,2026-08-06T17:28:20Z
usgs:ci40665314,usgs,sismo,"M 1.9 - 4 km SSW of Castaic, CA",2026-08-02T19:09:45Z,https://earthquake.usgs.gov/earthquakes/eventpage/ci40665314,usgs:ci40665314,"4 km SSW of Castaic, CA",CA,US,1.91,ml,,34.4598333333333,-118.638166666667,8.08,2026-08-02T20:05:52Z,2026-08-06T17:28:20Z,2026-08-06T17:28:20Z
usgs:nc75410247,usgs,sismo,"M 0.8 - 5 km WNW of Cobb, CA",2026-08-02T19:04:54Z,https://earthquake.usgs.gov/earthquakes/eventpage/nc75410247,usgs:nc75410247,"5 km WNW of Cobb, CA",CA,US,0.77,md,,38.8359985351562,-122.781829833984,1.72000002861023,2026-08-02T19:06:33Z,2026-08-06T17:28:20Z,2026-08-06T17:28:20Z
usgs:tx2026pcljqu,usgs,sismo,"M 1.4 - 13 km SE of Pearsall, Texas",2026-08-02T18:57:26Z,https://earthquake.usgs.gov/earthquakes/eventpage/tx2026pcljqu,usgs:tx2026pcljqu,"13 km SE of Pearsall, Texas",Texas,US,1.4,ml,,28.815,-98.992,9.6359,2026-08-05T15:25:27Z,2026-08-06T17:28:20Z,2026-08-06T17:28:20Z
usgs:aka2026pewhxm,usgs,sismo,"M 1.8 - 13 km NNW of Sterling, Alaska",2026-08-02T18:48:56Z,https://earthquake.usgs.gov/earthquakes/eventpage/aka2026pewhxm,usgs:aka2026pewhxm,"13 km NNW of Sterling, Alaska",Alaska,US,1.8,ml,,60.649,-150.861,52.4,2026-08-02T18:50:30Z,2026-08-06T17:28:20Z,2026-08-06T17:28:20Z
usgs:tx2026pclayk,usgs,sismo,"M 0.9 - 7 km NE of Odessa, Texas",2026-08-02T18:47:22Z,https://earthquake.usgs.gov/earthquakes/eventpage/tx2026pclayk,usgs:tx2026pclayk,"7 km NE of Odessa, Texas",Texas,US,0.9,ml,,31.902,-102.323,3.0518,2026-08-03T16:42:04Z,2026-08-06T17:28:20Z,2026-08-06T17:28:20Z
usgs:nc75410237,usgs,sismo,"M 1.9 - 6 km NNW of Pinnacles, CA",2026-08-02T18:42:19Z,https://earthquake.usgs.gov/earthquakes/eventpage/nc75410237,usgs:nc75410237,"6 km NNW of Pinnacles, CA",CA,US,1.9,md,,36.5801658630371,-121.174499511719,2.77999997138977,2026-08-02T19:52:21Z,2026-08-06T17:28:20Z,2026-08-06T17:28:20Z
usgs:nc75410232,usgs,sismo,"M 1.9 - 6 km NNW of Pinnacles, CA",2026-08-02T18:39:59Z,https://earthquake.usgs.gov/earthquakes/eventpage/nc75410232,usgs:nc75410232,"6 km NNW of Pinnacles, CA",CA,US,1.9,md,,36.5748329162598,-121.178169250488,2.88000011444092,2026-08-02T19:27:22Z,2026-08-06T17:28:20Z,2026-08-06T17:28:20Z
usgs:nc75410222,usgs,sismo,"M 2.1 - 7 km NW of Pinnacles, CA",2026-08-02T18:37:32Z,https://earthquake.usgs.gov/earthquakes/eventpage/nc75410222,usgs:nc75410222,"7 km NW of Pinnacles, CA",CA,US,2.09,md,,36.5793333333333,-121.191333333333,2.62,2026-08-03T17:32:21Z,2026-08-06T17:28:20Z,2026-08-06T17:28:20Z
usgs:nc75410227,usgs,sismo,"M 1.9 - 29 km WNW of San Simeon, CA",2026-08-02T18:37:20Z,https://earthquake.usgs.gov/earthquakes/eventpage/nc75410227,usgs:nc75410227,"29 km WNW of San Simeon, CA",CA,US,1.91,md,,35.6955,-121.508333333333,3.08,2026-08-03T18:07:22Z,2026-08-06T17:28:20Z,2026-08-06T17:28:20Z
usgs:nc75410217,usgs,sismo,"M 1.1 - 10 km WNW of The Geysers, CA",2026-08-02T18:36:00Z,https://earthquake.usgs.gov/earthquakes/eventpage/nc75410217,usgs:nc75410217,"10 km WNW of The Geysers, CA",CA,US,1.09,md,,38.8269996643066,-122.855834960938,2.41000008583069,2026-08-02T18:37:37Z,2026-08-06T17:28:20Z,2026-08-06T17:28:20Z
usgs:us6000thn1,usgs,sismo,"M 4.3 - 229 km ESE of Attu Station, Alaska",2026-08-02T18:31:32Z,https://earthquake.usgs.gov/earthquakes/eventpage/us6000thn1,usgs:us6000thn1,"229 km ESE of Attu Station, Alaska",Alaska,US,4.3,mb,,51.995,176.2656,10.0,2026-08-02T22:50:28Z,2026-08-06T17:28:20Z,2026-08-06T17:28:20Z
usgs:nc75410207,usgs,sismo,"M 1.0 - 7 km WNW of Cobb, CA",2026-08-02T18:22:02Z,https://earthquake.usgs.gov/earthquakes/eventpage/nc75410207,usgs:nc75410207,"7 km WNW of Cobb, CA",CA,US,1.03,md,,38.8359985351562,-122.807662963867,2.0699999332428,2026-08-02T18:23:37Z,2026-08-06T17:28:20Z,2026-08-06T17:28:20Z
usgs:us6000thn0,usgs,sismo,"M 5.0 - 16 km NW of Changning, China",2026-08-02T18:21:46Z,https://earthquake.usgs.gov/earthquakes/eventpage/us6000thn0,usgs:us6000thn0,"16 km NW of Changning, China",China,CN,5.0,mww,,28.6701,104.7825,10.0,2026-08-02T18:41:59Z,2026-08-06T17:28:20Z,2026-08-06T17:28:20Z
usgs:ci40665298,usgs,sismo,"M 1.1 - 23 km N of Searles Valley, CA",2026-08-02T18:16:18Z,https://earthquake.usgs.gov/earthquakes/eventpage/ci40665298,usgs:ci40665298,"23 km N of Searles Valley, CA",CA,US,1.05,ml,,35.9696666666667,-117.3845,1.78,2026-08-02T19:59:44Z,2026-08-06T17:28:20Z,2026-08-06T17:28:20Z
usgs:av94353003,usgs,sismo,"M -0.7 - 66 km WNW of Beluga, Alaska",2026-08-02T18:15:25Z,https://earthquake.usgs.gov/earthquakes/eventpage/av94353003,usgs:av94353003,"66 km WNW of Beluga, Alaska",Alaska,US,-0.68,ml,,61.3543333333333,-152.248833333333,3.19,2026-08-05T21:08:50Z,2026-08-06T17:28:20Z,2026-08-06T17:28:20Z
usgs:hv75011957,usgs,sismo,"M 1.4 - 25 km NNW of Pāhala, Hawaii",2026-08-02T18:15:15Z,https://earthquake.usgs.gov/earthquakes/eventpage/hv75011957,usgs:hv75011957,"25 km NNW of Pāhala, Hawaii",Hawaii,US,1.37,ml,,19.412,-155.5875,44.67,2026-08-04T02:41:54Z,2026-08-06T17:28:20Z,2026-08-06T17:28:20Z
usgs:ci40665290,usgs,sismo,"M 1.1 - 16 km SW of Lamont, CA",2026-08-02T18:13:43Z,https://earthquake.usgs.gov/earthquakes/eventpage/ci40665290,usgs:ci40665290,"16 km SW of Lamont, CA",CA,US,1.09,ml,,35.1693333333333,-119.058,10.42,2026-08-03T20:35:51Z,2026-08-06T17:28:20Z,2026-08-06T17:28:20Z
usgs:tx2026pcjivl,usgs,sismo,"M 2.0 - 44 km NW of Toyah, Texas",2026-08-02T17:56:19Z,https://earthquake.usgs.gov/earthquakes/eventpage/tx2026pcjivl,usgs:tx2026pcjivl,"44 km NW of Toyah, Texas",Texas,US,2.0,ml,,31.614,-104.112,6.1383,2026-08-03T14:58:35Z,2026-08-06T17:28:20Z,2026-08-06T17:28:20Z
usgs:nc75410197,usgs,sismo,"M 1.1 - 7 km NW of The Geysers, CA",2026-08-02T17:53:27Z,https://earthquake.usgs.gov/earthquakes/eventpage/nc75410197,usgs:nc75410197,"7 km NW of The Geysers, CA",CA,US,1.06,md,,38.8245010375977,-122.802169799805,2.88000011444092,2026-08-02T17:55:06Z,2026-08-06T17:28:20Z,2026-08-06T17:28:20Z
usgs:aka2026peuffg,usgs,sismo,"M 0.8 - 70 km W of Karluk, Alaska",2026-08-02T17:45:50Z,https://earthquake.usgs.gov/earthquakes/eventpage/aka2026peuffg,usgs:aka2026peuffg,"70 km W of Karluk, Alaska",Alaska,US,0.8,ml,,57.555,-155.627,19.7,2026-08-02T17:47:14Z,2026-08-06T17:28:20Z,2026-08-06T17:28:20Z
usgs:aka2026petwgx,usgs,sismo,"M 1.8 - 53 km ESE of Denali Park, Alaska",2026-08-02T17:35:32Z,https://earthquake.usgs.gov/earthquakes/eventpage/aka2026petwgx,usgs:aka2026petwgx,"53 km ESE of Denali Park, Alaska",Alaska,US,1.8,ml,,63.567,-147.91,1.3,2026-08-02T17:37:10Z,2026-08-06T17:28:20Z,2026-08-06T17:28:20Z
usgs:aka2026petkfa,usgs,sismo,"M 1.2 - 6 km ESE of Fox, Alaska",2026-08-02T17:21:37Z,https://earthquake.usgs.gov/earthquakes/eventpage/aka2026petkfa,usgs:aka2026petkfa,"6 km ESE of Fox, Alaska",Alaska,US,1.2,ml,,64.933,-147.495,1.6,2026-08-02T17:22:50Z,2026-08-06T17:28:20Z,2026-08-06T17:28:20Z
usgs:uw714069491,usgs,sismo,"M 0.7 - 7 km SE of Mossyrock, Washington",2026-08-02T17:12:39Z,https://earthquake.usgs.gov/earthquakes/eventpage/uw714069491,usgs:uw714069491,"7 km SE of Mossyrock, Washington",Washington,US,0.7,md,,46.4855,-122.414166666667,9.22,2026-08-03T19:37:48Z,2026-08-06T17:28:20Z,2026-08-06T17:28:20Z
usgs:us6000thmv,usgs,sismo,"M 4.4 - 24 km NNW of Riosucio, Colombia",2026-08-02T17:12:35Z,https://earthquake.usgs.gov/earthquakes/eventpage/us6000thmv,usgs:us6000thmv,"24 km NNW of Riosucio, Colombia",Colombia,CO,4.4,mb,,7.6483,-77.1926,33.59,2026-08-02T19:38:25Z,2026-08-06T17:28:20Z,2026-08-06T17:28:20Z
usgs:us6000thmt,usgs,sismo,"M 4.3 - 84 km ENE of Alianza Cristiana, Peru",2026-08-02T17:09:44Z,https://earthquake.usgs.gov/earthquakes/eventpage/us6000thmt,usgs:us6000thmt,"84 km ENE of Alianza Cristiana, Peru",Peru,PE,4.3,mb,,-3.1098,-75.7698,139.291,2026-08-02T19:31:20Z,2026-08-06T17:28:20Z,2026-08-06T17:28:20Z
usgs:av94352878,usgs,sismo,"M -0.4 - 86 km NNW of Karluk, Alaska",2026-08-02T17:00:27Z,https://earthquake.usgs.gov/earthquakes/eventpage/av94352878,usgs:av94352878,"86 km NNW of Karluk, Alaska",Alaska,US,-0.42,ml,,58.295,-154.990833333333,3.21,2026-08-05T20:57:19Z,2026-08-06T17:28:20Z,2026-08-06T17:28:20Z
usgs:aka2026pesluw,usgs,sismo,"M 1.2 - 44 km WNW of Nanwalek, Alaska",2026-08-02T16:53:30Z,https://earthquake.usgs.gov/earthquakes/eventpage/aka2026pesluw,usgs:aka2026pesluw,"44 km WNW of Nanwalek, Alaska",Alaska,US,1.2,ml,,59.45,-152.675,76.7,2026-08-02T16:55:10Z,2026-08-06T17:28:20Z,2026-08-06T17:28:20Z
usgs:tx2026pchgjf,usgs,sismo,"M 1.8 - 31 km E of McKinney Acres, Texas",2026-08-02T16:52:58Z,https://earthquake.usgs.gov/earthquakes/eventpage/tx2026pchgjf,usgs:tx2026pchgjf,"31 km E of McKinney Acres, Texas",Texas,US,1.8,ml,,32.297,-102.196,8.4717,2026-08-03T13:23:04Z,2026-08-06T17:28:20Z,2026-08-06T17:28:20Z
usgs:us6000thmq,usgs,sismo,"M 3.4 - 39 km E of King Cove, Alaska",2026-08-02T16:42:56Z,https://earthquake.usgs.gov/earthquakes/eventpage/us6000thmq,usgs:us6000thmq,"39 km E of King Cove, Alaska",Alaska,US,3.4,ml,,55.0265,-161.7065,99.75,2026-08-02T17:06:06Z,2026-08-06T17:28:20Z,2026-08-06T17:28:20Z
usgs:ci40665274,usgs,sismo,"M 0.2 - 4 km WSW of Anza, CA",2026-08-02T16:29:43Z,https://earthquake.usgs.gov/earthquakes/eventpage/ci40665274,usgs:ci40665274,"4 km WSW of Anza, CA",CA,US,0.21,ml,,33.5423333333333,-116.710333333333,5.55,2026-08-03T19:55:58Z,2026-08-06T17:28:20Z,2026-08-06T17:28:20Z
usgs:aka2026perpqc,usgs,sismo,"M 4.1 - 230 km ESE of Attu Station, Alaska",2026-08-02T16:27:48Z,https://earthquake.usgs.gov/earthquakes/eventpage/aka2026perpqc,usgs:aka2026perpqc,"230 km ESE of Attu Station, Alaska",Alaska,US,4.1,ml,,51.934,176.222,5.0,2026-08-02T22:40:23Z,2026-08-06T17:28:20Z,2026-08-06T17:28:20Z
usgs:us6000thmn,usgs,sismo,"M 4.7 - 170 km SE of Sarangani, Philippines",2026-08-02T16:27:02Z,https://earthquake.usgs.gov/earthquakes/eventpage/us6000thmn,usgs:us6000thmn,"170 km SE of Sarangani, Philippines",Philippines,PH,4.7,mb,,4.1753,126.3895,29.553,2026-08-02T16:56:05Z,2026-08-06T17:28:20Z,2026-08-06T17:28:20Z
usgs:aka2026perhsp,usgs,sismo,"M 1.7 - 54 km E of Denali National Park, Alaska",2026-08-02T16:18:47Z,https://earthquake.usgs.gov/earthquakes/eventpage/aka2026perhsp,usgs:aka2026perhsp,"54 km E of Denali National Park, Alaska",Alaska,US,1.7,ml,,63.581,-150.625,3.6,2026-08-02T16:20:18Z,2026-08-06T17:28:20Z,2026-08-06T17:28:20Z
usgs:av94352813,usgs,sismo,"M -1.0 - 66 km ENE of Pedro Bay, Alaska",2026-08-02T16:15:55Z,https://earthquake.usgs.gov/earthquakes/eventpage/av94352813,usgs:av94352813,"66 km ENE of Pedro Bay, Alaska",Alaska,US,-1.01,ml,,60.054,-153.047166666667,1.31,2026-08-05T20:11:48Z,2026-08-06T17:28:20Z,2026-08-06T17:28:20Z
usgs:aka2026perdcv,usgs,sismo,"M 2.1 - 36 km NE of Paxson, Alaska",2026-08-02T16:13:27Z,https://earthquake.usgs.gov/earthquakes/eventpage/aka2026perdcv,usgs:aka2026perdcv,"36 km NE of Paxson, Alaska",Alaska,US,2.1,ml,,63.359,-145.193,0.3,2026-08-02T16:14:45Z,2026-08-06T17:28:20Z,2026-08-06T17:28:20Z
usgs:ci40665266,usgs,sismo,"M 2.2 - 24 km SSE of Porterville, CA",2026-08-02T16:13:17Z,https://earthquake.usgs.gov/earthquakes/eventpage/ci40665266,usgs:ci40665266,"24 km SSE of Porterville, CA",CA,US,2.17,ml,,35.8653333333333,-118.928333333333,12.03,2026-08-02T18:07:49Z,2026-08-06T17:28:20Z,2026-08-06T17:28:20Z
usgs:nc75410157,usgs,sismo,"M 0.7 - 9 km NW of The Geysers, CA",2026-08-02T16:10:48Z,https://earthquake.usgs.gov/earthquakes/eventpage/nc75410157,usgs:nc75410157,"9 km NW of The Geysers, CA",CA,US,0.72,md,,38.8253326416016,-122.835998535156,2.92000007629395,2026-08-02T16:12:26Z,2026-08-06T17:28:20Z,2026-08-06T17:28:20Z
usgs:us6000thmh,usgs,sismo,"M 4.6 - 8 km N of Belén, Nicaragua",2026-08-02T16:09:30Z,https://earthquake.usgs.gov/earthquakes/eventpage/us6000thmh,usgs:us6000thmh,"8 km N of Belén, Nicaragua",Nicaragua,NI,4.6,mb,,11.5792,-85.8978,136.506,2026-08-02T16:25:21Z,2026-08-06T17:28:20Z,2026-08-06T17:28:20Z
usgs:ok2026paka,usgs,sismo,"M 0.8 - 1 km S of Chickasha, Oklahoma",2026-08-02T16:06:05Z,https://earthquake.usgs.gov/earthquakes/eventpage/ok2026paka,usgs:ok2026paka,"1 km S of Chickasha, Oklahoma",Oklahoma,US,0.83,ml,,35.04216667,-97.93783333,10.3,2026-08-05T17:23:30Z,2026-08-06T17:28:20Z,2026-08-06T17:28:20Z
usgs:tx2026pcfqkp,usgs,sismo,"M 0.5 - 17 km N of Snyder, Texas",2026-08-02T16:04:17Z,https://earthquake.usgs.gov/earthquakes/eventpage/tx2026pcfqkp,usgs:tx2026pcfqkp,"17 km N of Snyder, Texas",Texas,US,0.5,ml,,32.879,-100.93,4.7607,2026-08-03T21:01:55Z,2026-08-06T17:28:20Z,2026-08-06T17:28:20Z
usgs:ci40665258,usgs,sismo,"M 1.5 - 14 km WNW of Lake Isabella, CA",2026-08-02T15:48:36Z,https://earthquake.usgs.gov/earthquakes/eventpage/ci40665258,usgs:ci40665258,"14 km WNW of Lake Isabella, CA",CA,US,1.49,ml,,35.6616666666667,-118.618,8.34,2026-08-02T17:54:43Z,2026-08-06T17:28:20Z,2026-08-06T17:28:20Z
usgs:aka2026peqdzy,usgs,sismo,"M 0.8 - 59 km SW of Skwentna, Alaska",2026-08-02T15:44:30Z,https://earthquake.usgs.gov/earthquakes/eventpage/aka2026peqdzy,usgs:aka2026peqdzy,"59 km SW of Skwentna, Alaska",Alaska,US,0.8,ml,,61.557,-152.063,10.7,2026-08-05T19:52:17Z,2026-08-06T17:28:20Z,2026-08-06T17:28:20Z
usgs:uu80146921,usgs,sismo,"M 0.9 - 12 km NE of Milford, Utah",2026-08-02T15:38:09Z,https://earthquake.usgs.gov/earthquakes/eventpage/uu80146921,usgs:uu80146921,"12 km NE of Milford, Utah",Utah,US,0.87,ml,,38.4786666666667,-112.907166666667,0.06,2026-08-03T15:30:49Z,2026-08-06T17:28:20Z,2026-08-06T17:28:20Z
usgs:us6000thmd,usgs,sismo,M 5.0 - south of Tonga,2026-08-02T15:35:30Z,https://earthquake.usgs.gov/earthquakes/eventpage/us6000thmd,usgs:us6000thmd,south of Tonga,,,5.0,mb,,-25.0444,-175.1322,10.0,2026-08-02T15:55:19Z,2026-08-06T17:28:20Z,2026-08-06T17:28:20Z
usgs:av94352758,usgs,sismo,"M -0.3 - 86 km NNW of Karluk, Alaska",2026-08-02T15:33:58Z,https://earthquake.usgs.gov/earthquakes/eventpage/av94352758,usgs:av94352758,"86 km NNW of Karluk, Alaska",Alaska,US,-0.28,ml,,58.2968333333333,-154.9855,3.11,2026-08-05T19:45:15Z,2026-08-06T17:28:20Z,2026-08-06T17:28:20Z
usgs:av94352748,usgs,sismo,"M 0.3 - 71 km W of Salamatof, Alaska",2026-08-02T15:25:56Z,https://earthquake.usgs.gov/earthquakes/eventpage/av94352748,usgs:av94352748,"71 km W of Salamatof, Alaska",Alaska,US,0.3,ml,,60.6131666666667,-152.631333333333,11.58,2026-08-05T19:30:38Z,2026-08-06T17:28:20Z,2026-08-06T17:28:20Z
usgs:tx2026pcehjl,usgs,sismo,"M 1.4 - 13 km E of Pearsall, Texas",2026-08-02T15:23:35Z,https://earthquake.usgs.gov/earthquakes/eventpage/tx2026pcehjl,usgs:tx2026pcehjl,"13 km E of Pearsall, Texas",Texas,US,1.4,ml,,28.876,-98.963,8.9244,2026-08-03T21:30:16Z,2026-08-06T17:28:20Z,2026-08-06T17:28:20Z
usgs:aka2026pepdxf,usgs,sismo,"M 1.4 - 88 km ESE of Egegik, Alaska",2026-08-02T15:14:25Z,https://earthquake.usgs.gov/earthquakes/eventpage/aka2026pepdxf,usgs:aka2026pepdxf,"88 km ESE of Egegik, Alaska",Alaska,US,1.4,ml,,57.967,-155.947,10.2,2026-08-05T19:12:37Z,2026-08-06T17:28:20Z,2026-08-06T17:28:20Z
usgs:hv75011887,usgs,sismo,"M 2.0 - 21 km ENE of Honaunau-Napoopoo, Hawaii",2026-08-02T15:12:02Z,https://earthquake.usgs.gov/earthquakes/eventpage/hv75011887,usgs:hv75011887,"21 km ENE of Honaunau-Napoopoo, Hawaii",Hawaii,US,1.98,ml,,19.551,-155.681666666667,-3.38,2026-08-04T02:20:53Z,2026-08-06T17:28:20Z,2026-08-06T17:28:20Z
usgs:nc75410147,usgs,sismo,"M 1.1 - 7 km NW of The Geysers, CA",2026-08-02T15:02:53Z,https://earthquake.usgs.gov/earthquakes/eventpage/nc75410147,usgs:nc75410147,"7 km NW of The Geysers, CA",CA,US,1.08,md,,38.8240013122559,-122.80233001709,3.19000005722046,2026-08-02T15:04:31Z,2026-08-06T17:28:20Z,2026-08-06T17:28:20Z
usgs:tx2026pcdgqf,usgs,sismo,"M 1.5 - 58 km S of Whites City, New Mexico",2026-08-02T14:54:44Z,https://earthquake.usgs.gov/earthquakes/eventpage/tx2026pcdgqf,usgs:tx2026pcdgqf,"58 km S of Whites City, New Mexico",New Mexico,US,1.5,ml,,31.654,-104.288,7.8815,2026-08-03T20:44:55Z,2026-08-06T17:28:20Z,2026-08-06T17:28:20Z
usgs:us6000thm9,usgs,sismo,"M 4.8 - 18 km N of Honchō, Japan",2026-08-02T14:49:47Z,https://earthquake.usgs.gov/earthquakes/eventpage/us6000thm9,usgs:us6000thm9,"18 km N of Honchō, Japan",Japan,JP,4.8,mb,,42.2943,142.9193,62.562,2026-08-02T15:46:02Z,2026-08-06T17:28:20Z,2026-08-06T17:28:20Z
usgs:nc75410142,usgs,sismo,"M 1.5 - 7 km NW of The Geysers, CA",2026-08-02T14:47:57Z,https://earthquake.usgs.gov/earthquakes/eventpage/nc75410142,usgs:nc75410142,"7 km NW of The Geysers, CA",CA,US,1.53,md,,38.8245010375977,-122.800834655762,3.23000001907349,2026-08-02T15:22:29Z,2026-08-06T17:28:20Z,2026-08-06T17:28:20Z
usgs:tx2026pccyxd,usgs,sismo,"M 1.1 - 35 km SE of Malaga, New Mexico",2026-08-02T14:43:36Z,https://earthquake.usgs.gov/earthquakes/eventpage/tx2026pccyxd,usgs:tx2026pccyxd,"35 km SE of Malaga, New Mexico",New Mexico,US,1.1,ml,,32.011,-103.791,7.8558,2026-08-03T20:56:58Z,2026-08-06T17:28:20Z,2026-08-06T17:28:20Z
usgs:nc75410137,usgs,sismo,"M 0.8 - 3 km WNW of Anderson Springs, CA",2026-08-02T14:42:05Z,https://earthquake.usgs.gov/earthquakes/eventpage/nc75410137,usgs:nc75410137,"3 km WNW of Anderson Springs, CA",CA,US,0.84,md,,38.7809982299805,-122.722831726074,1.87999999523163,2026-08-02T14:43:40Z,2026-08-06T17:28:20Z,2026-08-06T17:28:20Z
usgs:ci40665250,usgs,sismo,"M 0.8 - 12 km E of Julian, CA",2026-08-02T14:34:17Z,https://earthquake.usgs.gov/earthquakes/eventpage/ci40665250,usgs:ci40665250,"12 km E of Julian, CA",CA,US,0.78,ml,,33.0711666666667,-116.473333333333,3.06,2026-08-02T17:55:00Z,2026-08-06T17:28:20Z,2026-08-06T17:28:20Z
usgs:us6000thm7,usgs,sismo,"M 4.9 - 207 km NW of Oula Xiuma, China",2026-08-02T14:31:42Z,https://earthquake.usgs.gov/earthquakes/eventpage/us6000thm7,usgs:us6000thm7,"207 km NW of Oula Xiuma, China",China,CN,4.9,mb,,35.3923,99.3272,10.0,2026-08-02T14:51:20Z,2026-08-06T17:28:20Z,2026-08-06T17:28:20Z
usgs:tx2026pcckee,usgs,sismo,"M 0.8 - 32 km SSE of Malaga, New Mexico",2026-08-02T14:26:24Z,https://earthquake.usgs.gov/earthquakes/eventpage/tx2026pcckee,usgs:tx2026pcckee,"32 km SSE of Malaga, New Mexico",New Mexico,US,0.8,ml,,31.97,-103.899,8.3557,2026-08-03T21:52:45Z,2026-08-06T17:28:20Z,2026-08-06T17:28:20Z
usgs:tx2026pcciue,usgs,sismo,"M 1.1 - 32 km SSE of Malaga, New Mexico",2026-08-02T14:25:02Z,https://earthquake.usgs.gov/earthquakes/eventpage/tx2026pcciue,usgs:tx2026pcciue,"32 km SSE of Malaga, New Mexico",New Mexico,US,1.1,ml,,31.971,-103.898,7.6251,2026-08-03T21:16:01Z,2026-08-06T17:28:20Z,2026-08-06T17:28:20Z
usgs:us6000thm6,usgs,sismo,"M 4.6 - 65 km NW of Ende, Indonesia",2026-08-02T14:17:41Z,https://earthquake.usgs.gov/earthquakes/eventpage/us6000thm6,usgs:us6000thm6,"65 km NW of Ende, Indonesia",Indonesia,ID,4.6,mb,,-8.453,121.2141,51.437,2026-08-02T14:39:40Z,2026-08-06T17:28:20Z,2026-08-06T17:28:20Z
usgs:aka2026peneem,usgs,sismo,"M 0.8 - 37 km NW of Karluk, Alaska",2026-08-02T14:15:09Z,https://earthquake.usgs.gov/earthquakes/eventpage/aka2026peneem,usgs:aka2026peneem,"37 km NW of Karluk, Alaska",Alaska,US,0.8,ml,,57.833,-154.838,71.0,2026-08-02T14:16:27Z,2026-08-06T17:28:20Z,2026-08-06T17:28:20Z
usgs:nc75410132,usgs,sismo,"M 2.1 - 6 km NW of Pinnacles, CA",2026-08-02T14:14:19Z,https://earthquake.usgs.gov/earthquakes/eventpage/nc75410132,usgs:nc75410132,"6 km NW of Pinnacles, CA",CA,US,2.09,md,,36.5733337402344,-121.179168701172,3.80999994277954,2026-08-02T14:57:22Z,2026-08-06T17:28:20Z,2026-08-06T17:28:20Z
usgs:av94352673,usgs,sismo,"M -0.1 - 65 km W of Happy Valley, Alaska",2026-08-02T14:09:47Z,https://earthquake.usgs.gov/earthquakes/eventpage/av94352673,usgs:av94352673,"65 km W of Happy Valley, Alaska",Alaska,US,-0.12,ml,,60.0443333333333,-152.895666666667,10.23,2026-08-05T18:50:07Z,2026-08-06T17:28:20Z,2026-08-06T17:28:20Z
usgs:tx2026pcbrbl,usgs,sismo,"M 1.5 - 57 km S of Whites City, New Mexico",2026-08-02T14:04:25Z,https://earthquake.usgs.gov/earthquakes/eventpage/tx2026pcbrbl,usgs:tx2026pcbrbl,"57 km S of Whites City, New Mexico",New Mexico,US,1.5,ml,,31.658,-104.395,6.1383,2026-08-03T15:15:39Z,2026-08-06T17:28:20Z,2026-08-06T17:28:20Z
usgs:nc75410122,usgs,sismo,"M 1.1 - 6 km WNW of Cobb, CA",2026-08-02T14:04:02Z,https://earthquake.usgs.gov/earthquakes/eventpage/nc75410122,usgs:nc75410122,"6 km WNW of Cobb, CA",CA,US,1.09,md,,38.8348350524902,-122.78800201416,1.58000004291534,2026-08-02T14:05:41Z,2026-08-06T17:28:20Z,2026-08-06T17:28:20Z
usgs:aka2026pemlao,usgs,sismo,"M 1.4 - 94 km NNW of Karluk, Alaska",2026-08-02T13:52:40Z,https://earthquake.usgs.gov/earthquakes/eventpage/aka2026pemlao,usgs:aka2026pemlao,"94 km NNW of Karluk, Alaska",Alaska,US,1.4,ml,,58.35,-155.08,127.0,2026-08-02T13:55:31Z,2026-08-06T17:28:20Z,2026-08-06T17:28:20Z
usgs:ci40665234,usgs,sismo,"M 1.5 - 14 km NW of Bodfish, CA",2026-08-02T13:46:07Z,https://earthquake.usgs.gov/earthquakes/eventpage/ci40665234,usgs:ci40665234,"14 km NW of Bodfish, CA",CA,US,1.5,ml,,35.6593333333333,-118.618666666667,8.38,2026-08-02T13:58:52Z,2026-08-06T17:28:20Z,2026-08-06T17:28:20Z
usgs:ci40665226,usgs,sismo,"M 0.8 - 13 km WNW of Lake Isabella, CA",2026-08-02T13:37:49Z,https://earthquake.usgs.gov/earthquakes/eventpage/ci40665226,usgs:ci40665226,"13 km WNW of Lake Isabella, CA",CA,US,0.75,ml,,35.6598333333333,-118.611666666667,8.84,2026-08-02T13:58:59Z,2026-08-06T17:28:20Z,2026-08-06T17:28:20Z
usgs:av94352638,usgs,sismo,"M -0.4 - 62 km WNW of Tyonek, Alaska",2026-08-02T13:35:56Z,https://earthquake.usgs.gov/earthquakes/eventpage/av94352638,usgs:av94352638,"62 km WNW of Tyonek, Alaska",Alaska,US,-0.4,ml,,61.278,-152.215166666667,10.05,2026-08-05T18:42:36Z,2026-08-06T17:28:20Z,2026-08-06T17:28:20Z
usgs:nc75410112,usgs,sismo,"M 1.4 - 5 km NNW of Pinnacles, CA",2026-08-02T13:28:26Z,https://earthquake.usgs.gov/earthquakes/eventpage/nc75410112,usgs:nc75410112,"5 km NNW of Pinnacles, CA",CA,US,1.43,md,,36.5693321228027,-121.172500610352,3.09999990463257,2026-08-02T14:42:21Z,2026-08-06T17:28:20Z,2026-08-06T17:28:20Z
usgs:nc75410107,usgs,sismo,"M 0.8 - 8 km NW of The Geysers, CA",2026-08-02T13:28:20Z,https://earthquake.usgs.gov/earthquakes/eventpage/nc75410107,usgs:nc75410107,"8 km NW of The Geysers, CA",CA,US,0.8,md,,38.8310012817383,-122.813835144043,1.57000005245209,2026-08-02T13:29:56Z,2026-08-06T17:28:20Z,2026-08-06T17:28:20Z
usgs:us6000thm3,usgs,sismo,"M 3.1 - 253 km ESE of Chiniak, Alaska",2026-08-02T13:28:15Z,https://earthquake.usgs.gov/earthquakes/eventpage/us6000thm3,usgs:us6000thm3,"253 km ESE of Chiniak, Alaska",Alaska,US,3.1,ml,,56.4169,-148.7296,10.0,2026-08-02T14:17:42Z,2026-08-06T17:28:20Z,2026-08-06T17:28:20Z
usgs:nc75410102,usgs,sismo,"M 0.7 - 8 km NW of The Geysers, CA",2026-08-02T13:27:52Z,https://earthquake.usgs.gov/earthquakes/eventpage/nc75410102,usgs:nc75410102,"8 km NW of The Geysers, CA",CA,US,0.67,md,,38.8320007324219,-122.814834594727,1.91999995708466,2026-08-02T13:29:31Z,2026-08-06T17:28:20Z,2026-08-06T17:28:20Z
usgs:nc75410097,usgs,sismo,"M 1.8 - 6 km NNW of Pinnacles, CA",2026-08-02T13:21:28Z,https://earthquake.usgs.gov/earthquakes/eventpage/nc75410097,usgs:nc75410097,"6 km NNW of Pinnacles, CA",CA,US,1.83,md,,36.5856666564941,-121.166000366211,3.33999991416931,2026-08-02T13:23:06Z,2026-08-06T17:28:20Z,2026-08-06T17:28:20Z
usgs:nc75410092,usgs,sismo,"M 1.1 - 3 km SE of The Geysers, CA",2026-08-02T13:18:57Z,https://earthquake.usgs.gov/earthquakes/eventpage/nc75410092,usgs:nc75410092,"3 km SE of The Geysers, CA",CA,US,1.1,md,,38.7588348388672,-122.731330871582,1.76999998092651,2026-08-02T13:52:22Z,2026-08-06T17:28:20Z,2026-08-06T17:28:20Z
usgs:nc75410082,usgs,sismo,"M 1.5 - 6 km NNW of Pinnacles, CA",2026-08-02T13:11:02Z,https://earthquake.usgs.gov/earthquakes/eventpage/nc75410082,usgs:nc75410082,"6 km NNW of Pinnacles, CA",CA,US,1.5,md,,36.5805015563965,-121.177833557129,2.55999994277954,2026-08-02T14:17:26Z,2026-08-06T17:28:20Z,2026-08-06T17:28:20Z
usgs:us6000thm1,usgs,sismo,"M 5.1 - 60 km W of Bahía de Lobos, Mexico",2026-08-02T13:10:47Z,https://earthquake.usgs.gov/earthquakes/eventpage/us6000thm1,usgs:us6000thm1,"60 km W of Bahía de Lobos, Mexico",Mexico,US,5.1,mww,,27.3736,-111.0607,10.0,2026-08-03T13:21:59Z,2026-08-06T17:28:20Z,2026-08-06T17:28:20Z
usgs:nc75410077,usgs,sismo,"M 1.5 - 6 km NNW of Pinnacles, CA",2026-08-02T13:01:51Z,https://earthquake.usgs.gov/earthquakes/eventpage/nc75410077,usgs:nc75410077,"6 km NNW of Pinnacles, CA",CA,US,1.49,md,,36.5806655883789,-121.176498413086,2.47000002861023,2026-08-02T13:52:23Z,2026-08-06T17:28:20Z,2026-08-06T17:28:20Z
usgs:nc75410072,usgs,sismo,"M 1.0 - 8 km NW of The Geysers, CA",2026-08-02T12:55:54Z,https://earthquake.usgs.gov/earthquakes/eventpage/nc75410072,usgs:nc75410072,"8 km NW of The Geysers, CA",CA,US,1.02,md,,38.8303337097168,-122.813331604004,1.5,2026-08-02T12:57:31Z,2026-08-06T17:28:20Z,2026-08-06T17:28:20Z
usgs:nc75410067,usgs,sismo,"M 1.1 - 11 km ESE of Gilroy, CA",2026-08-02T12:51:03Z,https://earthquake.usgs.gov/earthquakes/eventpage/nc75410067,usgs:nc75410067,"11 km ESE of Gilroy, CA",CA,US,1.1,md,,36.9645004272461,-121.457000732422,4.65000009536743,2026-08-02T13:27:19Z,2026-08-06T17:28:20Z,2026-08-06T17:28:20Z
usgs:aka2026pekdbs,usgs,sismo,"M 1.2 - 66 km WSW of Karluk, Alaska",2026-08-02T12:43:30Z,https://earthquake.usgs.gov/earthquakes/eventpage/aka2026pekdbs,usgs:aka2026pekdbs,"66 km WSW of Karluk, Alaska",Alaska,US,1.2,ml,,57.407,-155.528,89.2,2026-08-02T12:45:02Z,2026-08-06T17:28:20Z,2026-08-06T17:28:20Z
usgs:nc75410062,usgs,sismo,"M 3.6 - 6 km NW of Pinnacles, CA",2026-08-02T12:36:57Z,https://earthquake.usgs.gov/earthquakes/eventpage/nc75410062,usgs:nc75410062,"6 km NW of Pinnacles, CA",CA,US,3.55,ml,,36.5629997253418,-121.191833496094,2.19000005722046,2026-08-03T15:41:14Z,2026-08-06T17:28:20Z,2026-08-06T17:28:20Z
usgs:ci40665202,usgs,sismo,"M 0.4 - 20 km SW of Little Lake, CA",2026-08-02T12:30:36Z,https://earthquake.usgs.gov/earthquakes/eventpage/ci40665202,usgs:ci40665202,"20 km SW of Little Lake, CA",CA,US,0.44,ml,,35.7985,-118.043833333333,7.88,2026-08-02T13:59:17Z,2026-08-06T17:28:20Z,2026-08-06T17:28:20Z
usgs:av94352513,usgs,sismo,"M 0.2 - 17 km NW of Ivanof Bay, Alaska",2026-08-02T12:26:01Z,https://earthquake.usgs.gov/earthquakes/eventpage/av94352513,usgs:av94352513,"17 km NW of Ivanof Bay, Alaska",Alaska,US,0.19,ml,,56.0006666666667,-159.699666666667,3.48,2026-08-05T17:53:33Z,2026-08-06T17:28:20Z,2026-08-06T17:28:20Z
usgs:aka2026pejnwj,usgs,sismo,"M 1.7 - 56 km ENE of Ferry, Alaska",2026-08-02T12:25:58Z,https://earthquake.usgs.gov/earthquakes/eventpage/aka2026pejnwj,usgs:aka2026pejnwj,"56 km ENE of Ferry, Alaska",Alaska,US,1.7,ml,,64.17,-148.022,112.2,2026-08-02T12:29:39Z,2026-08-06T17:28:20Z,2026-08-06T17:28:20Z
usgs:tx2026pbyhhy,usgs,sismo,"M 1.1 - 48 km SSW of Whites City, New Mexico",2026-08-02T12:22:31Z,https://earthquake.usgs.gov/earthquakes/eventpage/tx2026pbyhhy,usgs:tx2026pbyhhy,"48 km SSW of Whites City, New Mexico",New Mexico,US,1.1,ml,,31.76,-104.524,1.9214,2026-08-03T20:52:22Z,2026-08-06T17:28:20Z,2026-08-06T17:28:20Z
usgs:uu80146906,usgs,sismo,"M 0.9 - 14 km NE of Milford, Utah",2026-08-02T12:14:27Z,https://earthquake.usgs.gov/earthquakes/eventpage/uu80146906,usgs:uu80146906,"14 km NE of Milford, Utah",Utah,US,0.89,ml,,38.4998333333333,-112.910333333333,3.53,2026-08-03T16:26:04Z,2026-08-06T17:28:20Z,2026-08-06T17:28:20Z
usgs:ci40665194,usgs,sismo,"M 0.2 - 11 km N of Borrego Springs, CA",2026-08-02T12:14:02Z,https://earthquake.usgs.gov/earthquakes/eventpage/ci40665194,usgs:ci40665194,"11 km N of Borrego Springs, CA",CA,US,0.24,ml,,33.3526666666667,-116.3655,14.49,2026-08-02T14:00:32Z,2026-08-06T17:28:20Z,2026-08-06T17:28:20Z
usgs:tx2026pbxsnj,usgs,sismo,"M 1.1 - 12 km SSW of Jal, New Mexico",2026-08-02T12:05:20Z,https://earthquake.usgs.gov/earthquakes/eventpage/tx2026pbxsnj,usgs:tx2026pbxsnj,"12 km SSW of Jal, New Mexico",New Mexico,US,1.1,ml,,32.005,-103.243,6.2537,2026-08-03T21:48:08Z,2026-08-06T17:28:20Z,2026-08-06T17:28:20Z
usgs:ci10247606,usgs,sismo,"M 0.4 - 15 km NE of Little Lake, CA",2026-08-02T11:55:01Z,https://earthquake.usgs.gov/earthquakes/eventpage/ci10247606,usgs:ci10247606,"15 km NE of Little Lake, CA",CA,US,0.37,ml,,36.0245,-117.778166666667,2.14,2026-08-03T20:43:58Z,2026-08-06T17:28:20Z,2026-08-06T17:28:20Z
usgs:aka2026peimza,usgs,sismo,"M 1.4 - 19 km S of Venetie, Alaska",2026-08-02T11:54:57Z,https://earthquake.usgs.gov/earthquakes/eventpage/aka2026peimza,usgs:aka2026peimza,"19 km S of Venetie, Alaska",Alaska,US,1.4,ml,,66.835,-146.42,0.0,2026-08-02T11:57:04Z,2026-08-06T17:28:20Z,2026-08-06T17:28:20Z
usgs:ci40665186,usgs,sismo,"M 0.8 - 15 km NE of Little Lake, CA",2026-08-02T11:54:44Z,https://earthquake.usgs.gov/earthquakes/eventpage/ci40665186,usgs:ci40665186,"15 km NE of Little Lake, CA",CA,US,0.83,ml,,36.0253333333333,-117.776,1.71,2026-08-03T20:39:09Z,2026-08-06T17:28:20Z,2026-08-06T17:28:20Z
usgs:av94352473,usgs,sismo,"M 0.8 - 71 km WSW of Nikolski, Alaska",2026-08-02T11:52:49Z,https://earthquake.usgs.gov/earthquakes/eventpage/av94352473,usgs:av94352473,"71 km WSW of Nikolski, Alaska",Alaska,US,0.75,ml,,52.7866666666667,-169.894,11.14,2026-08-04T22:25:37Z,2026-08-06T17:28:20Z,2026-08-06T17:28:20Z
usgs:us6000thly,usgs,sismo,M 5.3 - north of Ascension Island,2026-08-02T11:52:33Z,https://earthquake.usgs.gov/earthquakes/eventpage/us6000thly,usgs:us6000thly,north of Ascension Island,,,5.3,mb,,-3.2144,-12.1759,10.0,2026-08-02T12:26:21Z,2026-08-06T17:28:20Z,2026-08-06T17:28:20Z
usgs:nc75410052,usgs,sismo,"M 1.2 - 6 km ESE of Moraga, CA",2026-08-02T11:44:56Z,https://earthquake.usgs.gov/earthquakes/eventpage/nc75410052,usgs:nc75410052,"6 km ESE of Moraga, CA",CA,US,1.15,md,,37.8073348999023,-122.075332641602,4.71999979019165,2026-08-02T12:27:23Z,2026-08-06T17:28:20Z,2026-08-06T17:28:20Z
usgs:ci40665178,usgs,sismo,"M 0.4 - 4 km SW of Aguanga, CA",2026-08-02T11:34:47Z,https://earthquake.usgs.gov/earthquakes/eventpage/ci40665178,usgs:ci40665178,"4 km SW of Aguanga, CA",CA,US,0.35,ml,,33.4186666666667,-116.902166666667,8.09,2026-08-02T13:29:45Z,2026-08-06T17:28:20Z,2026-08-06T17:28:20Z
usgs:ci40665170,usgs,sismo,"M 0.9 - 17 km WSW of Johannesburg, CA",2026-08-02T11:09:11Z,https://earthquake.usgs.gov/earthquakes/eventpage/ci40665170,usgs:ci40665170,"17 km WSW of Johannesburg, CA",CA,US,0.94,ml,,35.3161666666667,-117.803166666667,7.96,2026-08-02T13:29:49Z,2026-08-06T17:28:20Z,2026-08-06T17:28:20Z
usgs:ci40665154,usgs,sismo,"M 0.8 - 6 km ENE of Coso Junction, CA",2026-08-02T11:04:19Z,https://earthquake.usgs.gov/earthquakes/eventpage/ci40665154,usgs:ci40665154,"6 km ENE of Coso Junction, CA",CA,US,0.78,ml,,36.0575,-117.883833333333,1.98,2026-08-02T13:30:03Z,2026-08-06T17:28:20Z,2026-08-06T17:28:20Z
usgs:ok2026ozzz,usgs,sismo,"M 0.6 - 1 km S of Chickasha, Oklahoma",2026-08-02T11:01:59Z,https://earthquake.usgs.gov/earthquakes/eventpage/ok2026ozzz,usgs:ok2026ozzz,"1 km S of Chickasha, Oklahoma",Oklahoma,US,0.62,ml,,35.035,-97.935,8.98,2026-08-05T17:23:25Z,2026-08-06T17:28:20Z,2026-08-06T17:28:20Z
usgs:nc75410037,usgs,sismo,"M 0.7 - 9 km NW of The Geysers, CA",2026-08-02T10:58:21Z,https://earthquake.usgs.gov/earthquakes/eventpage/nc75410037,usgs:nc75410037,"9 km NW of The Geysers, CA",CA,US,0.7,md,,38.8248329162598,-122.845336914062,1.97000002861023,2026-08-02T10:59:55Z,2026-08-06T17:28:20Z,2026-08-06T17:28:20Z
usgs:ci40665146,usgs,sismo,"M 2.1 - 8 km WNW of Camp Pendleton South, CA",2026-08-02T10:45:25Z,https://earthquake.usgs.gov/earthquakes/eventpage/ci40665146,usgs:ci40665146,"8 km WNW of Camp Pendleton South, CA",CA,US,2.14,ml,,33.2551666666667,-117.455666666667,16.04,2026-08-02T16:19:31Z,2026-08-06T17:28:20Z,2026-08-06T17:28:20Z
usgs:av94352353,usgs,sismo,"M 0.3 - 66 km N of Karluk, Alaska",2026-08-02T10:41:48Z,https://earthquake.usgs.gov/earthquakes/eventpage/av94352353,usgs:av94352353,"66 km N of Karluk, Alaska",Alaska,US,0.3,ml,,58.1668333333333,-154.356333333333,4.42,2026-08-04T20:36:59Z,2026-08-06T17:28:20Z,2026-08-06T17:28:20Z
usgs:us6000thlj,usgs,sismo,"M 5.3 - 265 km S of ‘Ohonua, Tonga",2026-08-02T10:34:14Z,https://earthquake.usgs.gov/earthquakes/eventpage/us6000thlj,usgs:us6000thlj,"265 km S of ‘Ohonua, Tonga",Tonga,TO,5.3,mb,,-23.7388,-174.9439,10.0,2026-08-02T10:53:14Z,2026-08-06T17:28:20Z,2026-08-06T17:28:20Z
usgs:av94352338,usgs,sismo,"M -0.7 - 66 km ENE of Pedro Bay, Alaska",2026-08-02T10:33:43Z,https://earthquake.usgs.gov/earthquakes/eventpage/av94352338,usgs:av94352338,"66 km ENE of Pedro Bay, Alaska",Alaska,US,-0.69,ml,,60.0413333333333,-153.040333333333,-0.51,2026-08-04T20:32:58Z,2026-08-06T17:28:20Z,2026-08-06T17:28:20Z
usgs:av94352333,usgs,sismo,"M -0.1 - 16 km NNE of Ivanof Bay, Alaska",2026-08-02T10:31:44Z,https://earthquake.usgs.gov/earthquakes/eventpage/av94352333,usgs:av94352333,"16 km NNE of Ivanof Bay, Alaska",Alaska,US,-0.05,ml,,56.038,-159.383,13.29,2026-08-04T20:27:59Z,2026-08-06T17:28:20Z,2026-08-06T17:28:20Z
usgs:aka2026peffuy,usgs,sismo,"M 1.6 - 46 km WNW of Nanwalek, Alaska",2026-08-02T10:16:45Z,https://earthquake.usgs.gov/earthquakes/eventpage/aka2026peffuy,usgs:aka2026peffuy,"46 km WNW of Nanwalek, Alaska",Alaska,US,1.6,ml,,59.583,-152.6,76.9,2026-08-02T10:18:05Z,2026-08-06T17:28:20Z,2026-08-06T17:28:20Z
usgs:ok2026ozyf,usgs,sismo,"M 1.4 - 2 km SE of Chickasha, Oklahoma",2026-08-02T10:08:15Z,https://earthquake.usgs.gov/earthquakes/eventpage/ok2026ozyf,usgs:ok2026ozyf,"2 km SE of Chickasha, Oklahoma",Oklahoma,US,1.44,ml,,35.03283333,-97.91516667,9.71,2026-08-05T17:23:21Z,2026-08-06T17:28:20Z,2026-08-06T17:28:20Z
usgs:av94352293,usgs,sismo,"M -0.1 - 70 km W of Salamatof, Alaska",2026-08-02T10:07:25Z,https://earthquake.usgs.gov/earthquakes/eventpage/av94352293,usgs:av94352293,"70 km W of Salamatof, Alaska",Alaska,US,-0.09,ml,,60.5458333333333,-152.600333333333,4.16,2026-08-04T19:54:26Z,2026-08-06T17:28:20Z,2026-08-06T17:28:20Z
usgs:tx2026pbtrfy,usgs,sismo,"M 1.7 - 12 km SSW of Jal, New Mexico",2026-08-02T10:03:11Z,https://earthquake.usgs.gov/earthquakes/eventpage/tx2026pbtrfy,usgs:tx2026pbtrfy,"12 km SSW of Jal, New Mexico",New Mexico,US,1.7,ml,,32.006,-103.244,7.0227,2026-08-03T20:36:11Z,2026-08-06T17:28:20Z,2026-08-06T17:28:20Z
usgs:av94352283,usgs,sismo,"M -0.8 - 57 km ENE of Pedro Bay, Alaska",2026-08-02T10:01:14Z,https://earthquake.usgs.gov/earthquakes/eventpage/av94352283,usgs:av94352283,"57 km ENE of Pedro Bay, Alaska",Alaska,US,-0.76,ml,,59.9748333333333,-153.157333333333,10.58,2026-08-04T19:47:25Z,2026-08-06T17:28:20Z,2026-08-06T17:28:20Z
usgs:us6000thlf,usgs,sismo,"M 4.6 - 14 km SE of Honmachi, Japan",2026-08-02T10:00:08Z,https://earthquake.usgs.gov/earthquakes/eventpage/us6000thlf,usgs:us6000thlf,"14 km SE of Honmachi, Japan",Japan,JP,4.6,mb,,32.3966,130.6919,10.0,2026-08-02T14:09:13Z,2026-08-06T17:28:20Z,2026-08-06T17:28:20Z
usgs:aka2026peeqgh,usgs,sismo,"M 1.6 - 33 km WNW of Nanwalek, Alaska",2026-08-02T09:59:21Z,https://earthquake.usgs.gov/earthquakes/eventpage/aka2026peeqgh,usgs:aka2026peeqgh,"33 km WNW of Nanwalek, Alaska",Alaska,US,1.6,ml,,59.524,-152.416,67.8,2026-08-02T10:00:35Z,2026-08-06T17:28:20Z,2026-08-06T17:28:20Z
usgs:nc75410032,usgs,sismo,"M 1.0 - 1 km WNW of The Geysers, CA",2026-08-02T09:49:39Z,https://earthquake.usgs.gov/earthquakes/eventpage/nc75410032,usgs:nc75410032,"1 km WNW of The Geysers, CA",CA,US,1.02,md,,38.780834197998,-122.769332885742,3.67000007629395,2026-08-02T09:51:16Z,2026-08-06T17:28:20Z,2026-08-06T17:28:20Z
usgs:nc75410027,usgs,sismo,"M 0.8 - 1 km WNW of The Geysers, CA",2026-08-02T09:47:03Z,https://earthquake.usgs.gov/earthquakes/eventpage/nc75410027,usgs:nc75410027,"1 km WNW of The Geysers, CA",CA,US,0.81,md,,38.7821655273438,-122.768501281738,3.44000005722046,2026-08-02T09:48:41Z,2026-08-06T17:28:20Z,2026-08-06T17:28:20Z
usgs:aka2026peefxz,usgs,sismo,"M 1.7 - 61 km NNE of Petersville, Alaska",2026-08-02T09:46:52Z,https://earthquake.usgs.gov/earthquakes/eventpage/aka2026peefxz,usgs:aka2026peefxz,"61 km NNE of Petersville, Alaska",Alaska,US,1.7,ml,,63.026,-150.464,104.5,2026-08-02T09:48:37Z,2026-08-06T17:28:20Z,2026-08-06T17:28:20Z
usgs:ci40665138,usgs,sismo,"M 0.6 - 8 km NNE of Pala, CA",2026-08-02T09:43:42Z,https://earthquake.usgs.gov/earthquakes/eventpage/ci40665138,usgs:ci40665138,"8 km NNE of Pala, CA",CA,US,0.61,ml,,33.4271666666667,-117.032,8.5,2026-08-02T13:42:39Z,2026-08-06T17:28:20Z,2026-08-06T17:28:20Z
usgs:hv75011802,usgs,sismo,"M 2.0 - 13 km NE of Hawaiian Ocean View, Hawaii",2026-08-02T09:39:22Z,https://earthquake.usgs.gov/earthquakes/eventpage/hv75011802,usgs:hv75011802,"13 km NE of Hawaiian Ocean View, Hawaii",Hawaii,US,1.95,ml,,19.1681666666667,-155.694166666667,8.24,2026-08-03T23:27:03Z,2026-08-06T17:28:20Z,2026-08-06T17:28:20Z
usgs:aka2026pedwct,usgs,sismo,"M 0.8 - 27 km WSW of Ester, Alaska",2026-08-02T09:35:34Z,https://earthquake.usgs.gov/earthquakes/eventpage/aka2026pedwct,usgs:aka2026pedwct,"27 km WSW of Ester, Alaska",Alaska,US,0.8,ml,,64.73,-148.529,3.6,2026-08-02T09:36:43Z,2026-08-06T17:28:20Z,2026-08-06T17:28:20Z
usgs:ci40665130,usgs,sismo,"M 2.2 - 7 km SW of Idyllwild, CA",2026-08-02T09:31:44Z,https://earthquake.usgs.gov/earthquakes/eventpage/ci40665130,usgs:ci40665130,"7 km SW of Idyllwild, CA",CA,US,2.24,ml,,33.7048333333333,-116.776833333333,16.21,2026-08-02T13:31:40Z,2026-08-06T17:28:20Z,2026-08-06T17:28:20Z
usgs:tx2026pbspym,usgs,sismo,"M 1.7 - 10 km ESE of Pearsall, Texas",2026-08-02T09:31:28Z,https://earthquake.usgs.gov/earthquakes/eventpage/tx2026pbspym,usgs:tx2026pbspym,"10 km ESE of Pearsall, Texas",Texas,US,1.7,ml,,28.868,-98.992,9.8105,2026-08-03T19:21:36Z,2026-08-06T17:28:20Z,2026-08-06T17:28:20Z
usgs:tx2026pbspev,usgs,sismo,"M 1.7 - 12 km ESE of Pearsall, Texas",2026-08-02T09:30:36Z,https://earthquake.usgs.gov/earthquakes/eventpage/tx2026pbspev,usgs:tx2026pbspev,"12 km ESE of Pearsall, Texas",Texas,US,1.7,ml,,28.845,-98.982,6.6586,2026-08-03T18:26:02Z,2026-08-06T17:28:20Z,2026-08-06T17:28:20Z
usgs:hv75011797,usgs,sismo,"M 1.9 - 3 km SW of Pāhala, Hawaii",2026-08-02T09:20:44Z,https://earthquake.usgs.gov/earthquakes/eventpage/hv75011797,usgs:hv75011797,"3 km SW of Pāhala, Hawaii",Hawaii,US,1.89,ml,,19.1796666666667,-155.503666666667,32.1,2026-08-04T02:12:52Z,2026-08-06T17:28:20Z,2026-08-06T17:28:20Z
usgs:us6000thlb,usgs,sismo,M 5.0 - north of Ascension Island,2026-08-02T09:17:11Z,https://earthquake.usgs.gov/earthquakes/eventpage/us6000thlb,usgs:us6000thlb,north of Ascension Island,,,5.0,mb,,-3.2948,-12.2442,10.0,2026-08-02T09:37:08Z,2026-08-06T17:28:20Z,2026-08-06T17:28:20Z
usgs:tx2026pbrxdx,usgs,sismo,"M 1.2 - 11 km SSW of Jal, New Mexico",2026-08-02T09:09:54Z,https://earthquake.usgs.gov/earthquakes/eventpage/tx2026pbrxdx,usgs:tx2026pbrxdx,"11 km SSW of Jal, New Mexico",New Mexico,US,1.2,ml,,32.017,-103.238,1.947,2026-08-03T20:55:53Z,2026-08-06T17:28:20Z,2026-08-06T17:28:20Z
usgs:aka2026pecwkt,usgs,sismo,"M 3.6 - 15 km NNW of Chignik Lagoon, Alaska",2026-08-02T09:05:57Z,https://earthquake.usgs.gov/earthquakes/eventpage/aka2026pecwkt,usgs:aka2026pecwkt,"15 km NNW of Chignik Lagoon, Alaska",Alaska,US,3.6,ml,,56.427,-158.647,5.0,2026-08-04T19:23:53Z,2026-08-06T17:28:20Z,2026-08-06T17:28:20Z
usgs:tx2026pbroog,usgs,sismo,"M 1.1 - 12 km SSW of Jal, New Mexico",2026-08-02T08:59:42Z,https://earthquake.usgs.gov/earthquakes/eventpage/tx2026pbroog,usgs:tx2026pbroog,"12 km SSW of Jal, New Mexico",New Mexico,US,1.1,ml,,32.004,-103.24,6.0999,2026-08-04T11:56:41Z,2026-08-06T17:28:20Z,2026-08-06T17:28:20Z
usgs:aka2026pecqqp,usgs,sismo,"M 1.0 - 3 km SE of Salcha, Alaska",2026-08-02T08:59:17Z,https://earthquake.usgs.gov/earthquakes/eventpage/aka2026pecqqp,usgs:aka2026pecqqp,"3 km SE of Salcha, Alaska",Alaska,US,1.0,ml,,64.507,-146.847,5.0,2026-08-02T09:00:40Z,2026-08-06T17:28:20Z,2026-08-06T17:28:20Z
usgs:hv75011787,usgs,sismo,"M 1.7 - 2 km SW of Pāhala, Hawaii",2026-08-02T08:57:34Z,https://earthquake.usgs.gov/earthquakes/eventpage/hv75011787,usgs:hv75011787,"2 km SW of Pāhala, Hawaii",Hawaii,US,1.73,md,,19.1814994812012,-155.494995117188,28.0799999237061,2026-08-02T09:00:59Z,2026-08-06T17:28:20Z,2026-08-06T17:28:20Z
usgs:nc75410017,usgs,sismo,"M 1.3 - 5 km WNW of The Geysers, CA",2026-08-02T08:55:38Z,https://earthquake.usgs.gov/earthquakes/eventpage/nc75410017,usgs:nc75410017,"5 km WNW of The Geysers, CA",CA,US,1.26,md,,38.7985000610352,-122.813003540039,2.89000010490417,2026-08-02T09:37:20Z,2026-08-06T17:28:20Z,2026-08-06T17:28:20Z
usgs:tx2026pbrkfq,usgs,sismo,"M 1.3 - 12 km SSW of Jal, New Mexico",2026-08-02T08:54:47Z,https://earthquake.usgs.gov/earthquakes/eventpage/tx2026pbrkfq,usgs:tx2026pbrkfq,"12 km SSW of Jal, New Mexico",New Mexico,US,1.3,ml,,32.01,-103.238,2.2034,2026-08-03T20:49:21Z,2026-08-06T17:28:20Z,2026-08-06T17:28:20Z
usgs:tx2026pbrhau,usgs,sismo,"M 1.3 - 12 km SSW of Jal, New Mexico",2026-08-02T08:50:57Z,https://earthquake.usgs.gov/earthquakes/eventpage/tx2026pbrhau,usgs:tx2026pbrhau,"12 km SSW of Jal, New Mexico",New Mexico,US,1.3,ml,,32.014,-103.247,6.5613,2026-08-04T11:39:59Z,2026-08-06T17:28:20Z,2026-08-06T17:28:20Z
usgs:tx2026pbrgkg,usgs,sismo,"M 1.0 - 8 km SW of Forsan, Texas",2026-08-02T08:50:15Z,https://earthquake.usgs.gov/earthquakes/eventpage/tx2026pbrgkg,usgs:tx2026pbrgkg,"8 km SW of Forsan, Texas",Texas,US,1.0,ml,,32.055,-101.431,8.7646,2026-08-04T11:11:59Z,2026-08-06T17:28:20Z,2026-08-06T17:28:20Z
usgs:us6000thl6,usgs,sismo,"M 4.6 - 73 km W of San Antonio de los Cobres, Argentina",2026-08-02T08:49:51Z,https://earthquake.usgs.gov/earthquakes/eventpage/us6000thl6,usgs:us6000thl6,"73 km W of San Antonio de los Cobres, Argentina",Argentina,AR,4.6,mb,,-24.2307,-67.0412,172.527,2026-08-02T09:24:08Z,2026-08-06T17:28:20Z,2026-08-06T17:28:20Z
usgs:av94352158,usgs,sismo,"M 1.8 - 79 km W of Adak, Alaska",2026-08-02T08:49:03Z,https://earthquake.usgs.gov/earthquakes/eventpage/av94352158,usgs:av94352158,"79 km W of Adak, Alaska",Alaska,US,1.78,ml,,51.8543333333333,-177.792166666667,-1.78,2026-08-04T18:46:22Z,2026-08-06T17:28:20Z,2026-08-06T17:28:20Z
usgs:nc75410012,usgs,sismo,"M 1.6 - 5 km WNW of The Geysers, CA",2026-08-02T08:42:09Z,https://earthquake.usgs.gov/earthquakes/eventpage/nc75410012,usgs:nc75410012,"5 km WNW of The Geysers, CA",CA,US,1.57,md,,38.7968330383301,-122.813835144043,2.91000008583069,2026-08-02T09:12:21Z,2026-08-06T17:28:20Z,2026-08-06T17:28:20Z
usgs:us6000thl3,usgs,sismo,"M 5.6 - 14 km S of Hicks Bay, New Zealand",2026-08-02T08:35:27Z,https://earthquake.usgs.gov/earthquakes/eventpage/us6000thl3,usgs:us6000thl3,"14 km S of Hicks Bay, New Zealand",New Zealand,NZ,5.6,mww,verde,-37.73,178.3287,52.806,2026-08-03T08:42:15Z,2026-08-06T17:28:20Z,2026-08-06T17:28:20Z
gdacs:EQ:1555671:1722485,gdacs,sismo,"Green earthquake (Magnitude 5.6M, Depth:52.806km) in New Zealand 02/08/2026 08:35 UTC, 30 thousand in MMI IV.",2026-08-02T08:35:27Z,https://www.gdacs.org/report.aspx?eventtype=EQ&eventid=1555671,gdacs:EQ:1555671,New Zealand,New Zealand,NZ,5.6,M,verde,-37.73,178.3287,,2026-08-02T08:53:52Z,2026-08-06T06:06:09Z,
usgs:aka2026pebqfi,usgs,sismo,"M 0.6 - 86 km NNW of Karluk, Alaska",2026-08-02T08:28:47Z,https://earthquake.usgs.gov/earthquakes/eventpage/aka2026pebqfi,usgs:aka2026pebqfi,"86 km NNW of Karluk, Alaska",Alaska,US,0.6,ml,,58.297,-154.985,5.0,2026-08-04T18:41:21Z,2026-08-06T17:28:20Z,2026-08-06T17:28:20Z
usgs:av94352128,usgs,sismo,"M -0.2 - 83 km NW of Ninilchik, Alaska",2026-08-02T08:22:53Z,https://earthquake.usgs.gov/earthquakes/eventpage/av94352128,usgs:av94352128,"83 km NW of Ninilchik, Alaska",Alaska,US,-0.2,ml,,60.4821666666667,-152.900166666667,17.23,2026-08-04T18:16:50Z,2026-08-06T17:28:20Z,2026-08-06T17:28:20Z
usgs:us6000thl2,usgs,sismo,"M 4.9 - 149 km S of Severo-Kuril’sk, Russia",2026-08-02T08:22:06Z,https://earthquake.usgs.gov/earthquakes/eventpage/us6000thl2,usgs:us6000thl2,"149 km S of Severo-Kuril’sk, Russia",Russia,RU,4.9,mb,,49.3293,156.2005,33.834,2026-08-02T08:38:02Z,2026-08-06T17:28:20Z,2026-08-06T17:28:20Z
usgs:us6000thl7,usgs,sismo,"M 3.9 - 229 km ESE of Attu Station, Alaska",2026-08-02T08:19:10Z,https://earthquake.usgs.gov/earthquakes/eventpage/us6000thl7,usgs:us6000thl7,"229 km ESE of Attu Station, Alaska",Alaska,US,3.9,mb,,52.1032,176.3361,10.0,2026-08-03T18:27:29Z,2026-08-06T17:28:20Z,2026-08-06T17:28:20Z
usgs:tx2026pbqffh,usgs,sismo,"M 1.3 - 13 km SE of Pearsall, Texas",2026-08-02T08:18:40Z,https://earthquake.usgs.gov/earthquakes/eventpage/tx2026pbqffh,usgs:tx2026pbqffh,"13 km SE of Pearsall, Texas",Texas,US,1.3,ml,,28.807,-98.99,7.9746,2026-08-06T14:43:32Z,2026-08-06T17:28:20Z,2026-08-06T17:28:20Z
usgs:hv75011772,usgs,sismo,"M 1.9 - 13 km SW of Laupāhoehoe, Hawaii",2026-08-02T08:15:03Z,https://earthquake.usgs.gov/earthquakes/eventpage/hv75011772,usgs:hv75011772,"13 km SW of Laupāhoehoe, Hawaii",Hawaii,US,1.9,md,,19.9104995727539,-155.335494995117,38.2700004577637,2026-08-02T08:18:25Z,2026-08-06T17:28:20Z,2026-08-06T17:28:20Z
usgs:tx2026pbpqto,usgs,sismo,"M 1.5 - 12 km SSW of Jal, New Mexico",2026-08-02T08:01:59Z,https://earthquake.usgs.gov/earthquakes/eventpage/tx2026pbpqto,usgs:tx2026pbpqto,"12 km SSW of Jal, New Mexico",New Mexico,US,1.5,ml,,32.011,-103.249,5.5103,2026-08-03T20:43:40Z,2026-08-06T17:28:20Z,2026-08-06T17:28:20Z
usgs:tx2026pbplyc,usgs,sismo,"M 0.1 - 35 km WSW of Ackerly, Texas",2026-08-02T07:56:30Z,https://earthquake.usgs.gov/earthquakes/eventpage/tx2026pbplyc,usgs:tx2026pbplyc,"35 km WSW of Ackerly, Texas",Texas,US,0.1,ml,,32.376,-102.049,7.2021,2026-08-05T15:20:00Z,2026-08-06T17:28:20Z,2026-08-06T17:28:20Z
usgs:hv75011752,usgs,sismo,"M 1.6 - 2 km SE of Pāhala, Hawaii",2026-08-02T07:55:52Z,https://earthquake.usgs.gov/earthquakes/eventpage/hv75011752,usgs:hv75011752,"2 km SE of Pāhala, Hawaii",Hawaii,US,1.55,ml,,19.1856666666667,-155.460833333333,40.07,2026-08-04T02:00:21Z,2026-08-06T17:28:20Z,2026-08-06T17:28:20Z
usgs:ci40665122,usgs,sismo,"M 0.4 - 10 km NE of Aguanga, CA",2026-08-02T07:46:59Z,https://earthquake.usgs.gov/earthquakes/eventpage/ci40665122,usgs:ci40665122,"10 km NE of Aguanga, CA",CA,US,0.35,ml,,33.5003333333333,-116.784833333333,6.65,2026-08-02T13:31:09Z,2026-08-06T17:28:20Z,2026-08-06T17:28:20Z
usgs:tx2026pbpbti,usgs,sismo,"M 0.1 - 26 km SW of Garden City, Texas",2026-08-02T07:44:39Z,https://earthquake.usgs.gov/earthquakes/eventpage/tx2026pbpbti,usgs:tx2026pbpbti,"26 km SW of Garden City, Texas",Texas,US,0.1,ml,,31.718,-101.703,6.5674,2026-08-04T12:28:19Z,2026-08-06T17:28:20Z,2026-08-06T17:28:20Z
usgs:ci40665114,usgs,sismo,"M 1.3 - 3 km S of Borrego Springs, CA",2026-08-02T07:40:00Z,https://earthquake.usgs.gov/earthquakes/eventpage/ci40665114,usgs:ci40665114,"3 km S of Borrego Springs, CA",CA,US,1.32,ml,,33.2301666666667,-116.375666666667,8.6,2026-08-02T13:31:21Z,2026-08-06T17:28:20Z,2026-08-06T17:28:20Z
usgs:av94352053,usgs,sismo,"M -0.4 - 67 km ENE of Pedro Bay, Alaska",2026-08-02T07:38:34Z,https://earthquake.usgs.gov/earthquakes/eventpage/av94352053,usgs:av94352053,"67 km ENE of Pedro Bay, Alaska",Alaska,US,-0.36,ml,,60.0351666666667,-152.996333333333,12.32,2026-08-04T17:56:18Z,2026-08-06T17:28:20Z,2026-08-06T17:28:20Z
usgs:ci40665106,usgs,sismo,"M 0.6 - 5 km E of Wofford Heights, CA",2026-08-02T07:38:01Z,https://earthquake.usgs.gov/earthquakes/eventpage/ci40665106,usgs:ci40665106,"5 km E of Wofford Heights, CA",CA,US,0.62,ml,,35.7008333333333,-118.4015,4.59,2026-08-02T13:31:25Z,2026-08-06T17:28:20Z,2026-08-06T17:28:20Z
usgs:ci40665098,usgs,sismo,"M 1.5 - 5 km NNE of Progreso, B.C., MX",2026-08-02T07:37:12Z,https://earthquake.usgs.gov/earthquakes/eventpage/ci40665098,usgs:ci40665098,"5 km NNE of Progreso, B.C., MX",MX,MX,1.52,ml,,32.6228333333333,-115.568666666667,6.68,2026-08-02T19:31:48Z,2026-08-06T17:28:20Z,2026-08-06T17:28:20Z
usgs:tx2026pbopnj,usgs,sismo,"M 2.1 - 17 km ESE of Pearsall, Texas",2026-08-02T07:30:18Z,https://earthquake.usgs.gov/earthquakes/eventpage/tx2026pbopnj,usgs:tx2026pbopnj,"17 km ESE of Pearsall, Texas",Texas,US,2.1,ml,,28.809,-98.941,6.9431,2026-08-03T13:53:48Z,2026-08-06T17:28:20Z,2026-08-06T17:28:20Z
usgs:aka2026pdzqpk,usgs,sismo,"M 1.5 - 27 km W of Salamatof, Alaska",2026-08-02T07:29:16Z,https://earthquake.usgs.gov/earthquakes/eventpage/aka2026pdzqpk,usgs:aka2026pdzqpk,"27 km W of Salamatof, Alaska",Alaska,US,1.5,ml,,60.637,-151.813,79.8,2026-08-02T07:30:48Z,2026-08-06T17:28:20Z,2026-08-06T17:28:20Z
usgs:tx2026pbobhe,usgs,sismo,"M 1.5 - 49 km SSE of Whites City, New Mexico",2026-08-02T07:13:56Z,https://earthquake.usgs.gov/earthquakes/eventpage/tx2026pbobhe,usgs:tx2026pbobhe,"49 km SSE of Whites City, New Mexico",New Mexico,US,1.5,ml,,31.772,-104.163,6.7792,2026-08-03T19:38:54Z,2026-08-06T17:28:20Z,2026-08-06T17:28:20Z
usgs:ci40665090,usgs,sismo,"M 1.0 - 8 km N of Cabazon, CA",2026-08-02T06:59:48Z,https://earthquake.usgs.gov/earthquakes/eventpage/ci40665090,usgs:ci40665090,"8 km N of Cabazon, CA",CA,US,0.97,ml,,33.9916666666667,-116.770666666667,13.22,2026-08-02T13:32:47Z,2026-08-06T17:28:20Z,2026-08-06T17:28:20Z
usgs:ci40665082,usgs,sismo,"M 1.0 - 16 km SE of Anza, CA",2026-08-02T06:59:19Z,https://earthquake.usgs.gov/earthquakes/eventpage/ci40665082,usgs:ci40665082,"16 km SE of Anza, CA",CA,US,0.97,ml,,33.4538333333333,-116.55,10.64,2026-08-02T13:31:44Z,2026-08-06T17:28:20Z,2026-08-06T17:28:20Z
usgs:aka2026pdypwo,usgs,sismo,"M 3.4 - 20 km W of Salamatof, Alaska",2026-08-02T06:58:29Z,https://earthquake.usgs.gov/earthquakes/eventpage/aka2026pdypwo,usgs:aka2026pdypwo,"20 km W of Salamatof, Alaska",Alaska,US,3.4,ml,,60.622,-151.687,79.0,2026-08-02T20:05:04Z,2026-08-06T17:28:20Z,2026-08-06T17:28:20Z
usgs:tx2026pbnkhy,usgs,sismo,"M 1.7 - 57 km NW of Toyah, Texas",2026-08-02T06:55:10Z,https://earthquake.usgs.gov/earthquakes/eventpage/tx2026pbnkhy,usgs:tx2026pbnkhy,"57 km NW of Toyah, Texas",Texas,US,1.7,ml,,31.629,-104.28,5.1257,2026-08-03T20:02:43Z,2026-08-06T17:28:20Z,2026-08-06T17:28:20Z
usgs:nc75410007,usgs,sismo,"M 0.5 - 10 km WNW of Cobb, CA",2026-08-02T06:49:46Z,https://earthquake.usgs.gov/earthquakes/eventpage/nc75410007,usgs:nc75410007,"10 km WNW of Cobb, CA",CA,US,0.46,md,,38.8548316955566,-122.830665588379,0.75,2026-08-02T06:51:21Z,2026-08-06T17:28:20Z,2026-08-06T17:28:20Z
usgs:av94351918,usgs,sismo,"M -0.4 - 58 km ENE of Pedro Bay, Alaska",2026-08-02T06:31:09Z,https://earthquake.usgs.gov/earthquakes/eventpage/av94351918,usgs:av94351918,"58 km ENE of Pedro Bay, Alaska",Alaska,US,-0.41,ml,,60.0615,-153.2245,8.05,2026-08-04T17:31:17Z,2026-08-06T17:28:20Z,2026-08-06T17:28:20Z
usgs:hv75011712,usgs,sismo,"M 2.7 - 44 km SE of Naalehu, Hawaii",2026-08-02T06:30:15Z,https://earthquake.usgs.gov/earthquakes/eventpage/hv75011712,usgs:hv75011712,"44 km SE of Naalehu, Hawaii",Hawaii,US,2.74,ml,,18.8355,-155.233,8.24,2026-08-06T13:16:27Z,2026-08-06T17:28:20Z,2026-08-06T17:28:20Z
usgs:tx2026pbmgxg,usgs,sismo,"M 1.3 - 34 km ENE of McKinney Acres, Texas",2026-08-02T06:20:06Z,https://earthquake.usgs.gov/earthquakes/eventpage/tx2026pbmgxg,usgs:tx2026pbmgxg,"34 km ENE of McKinney Acres, Texas",Texas,US,1.3,ml,,32.37,-102.173,8.5693,2026-08-04T09:21:57Z,2026-08-06T17:28:20Z,2026-08-06T17:28:20Z
usgs:nc75410002,usgs,sismo,"M 1.6 - 6 km WNW of Cobb, CA",2026-08-02T06:06:32Z,https://earthquake.usgs.gov/earthquakes/eventpage/nc75410002,usgs:nc75410002,"6 km WNW of Cobb, CA",CA,US,1.58,md,,38.8358345031738,-122.786666870117,1.85000002384186,2026-08-02T06:37:23Z,2026-08-06T17:28:20Z,2026-08-06T17:28:20Z
usgs:av94351868,usgs,sismo,"M 0.1 - 66 km WNW of Anchor Point, Alaska",2026-08-02T06:03:38Z,https://earthquake.usgs.gov/earthquakes/eventpage/av94351868,usgs:av94351868,"66 km WNW of Anchor Point, Alaska",Alaska,US,0.12,ml,,59.9873333333333,-152.939166666667,4.8,2026-08-04T01:00:30Z,2026-08-06T17:28:20Z,2026-08-06T17:28:20Z
usgs:pr71527088,usgs,sismo,"M 3.2 - 3 km SSW of La Playa, Puerto Rico",2026-08-02T05:59:34Z,https://earthquake.usgs.gov/earthquakes/eventpage/pr71527088,usgs:pr71527088,"3 km SSW of La Playa, Puerto Rico",Puerto Rico,PR,3.16,md,,18.2618333333333,-67.2018333333333,99.81,2026-08-02T11:01:29Z,2026-08-06T17:28:20Z,2026-08-06T17:28:20Z
usgs:ci40665074,usgs,sismo,"M 0.5 - 3 km SSE of Lake Henshaw, CA",2026-08-02T05:59:26Z,https://earthquake.usgs.gov/earthquakes/eventpage/ci40665074,usgs:ci40665074,"3 km SSE of Lake Henshaw, CA",CA,US,0.51,ml,,33.2191666666667,-116.747166666667,19.49,2026-08-03T21:13:17Z,2026-08-06T17:28:20Z,2026-08-06T17:28:20Z
usgs:ci40665066,usgs,sismo,"M 1.4 - 6 km NNE of Progreso, B.C., MX",2026-08-02T05:57:32Z,https://earthquake.usgs.gov/earthquakes/eventpage/ci40665066,usgs:ci40665066,"6 km NNE of Progreso, B.C., MX",MX,MX,1.38,ml,,32.6278333333333,-115.5595,6.24,2026-08-03T20:56:37Z,2026-08-06T17:28:20Z,2026-08-06T17:28:20Z
usgs:pr71527078,usgs,sismo,"M 2.2 - 0 km SE of Parcelas Peñuelas, Puerto Rico",2026-08-02T05:54:57Z,https://earthquake.usgs.gov/earthquakes/eventpage/pr71527078,usgs:pr71527078,"0 km SE of Parcelas Peñuelas, Puerto Rico",Puerto Rico,PR,2.22,md,,17.9926666666667,-66.3366666666667,16.18,2026-08-02T11:14:01Z,2026-08-06T17:28:20Z,2026-08-06T17:28:20Z
usgs:aka2026pdwjwz,usgs,sismo,"M 1.4 - 65 km WNW of Ninilchik, Alaska",2026-08-02T05:51:33Z,https://earthquake.usgs.gov/earthquakes/eventpage/aka2026pdwjwz,usgs:aka2026pdwjwz,"65 km WNW of Ninilchik, Alaska",Alaska,US,1.4,ml,,60.32,-152.708,122.6,2026-08-02T05:53:31Z,2026-08-06T17:28:20Z,2026-08-06T17:28:20Z
usgs:ci40665058,usgs,sismo,"M 1.5 - 17 km WNW of Progreso, B.C., MX",2026-08-02T05:41:30Z,https://earthquake.usgs.gov/earthquakes/eventpage/ci40665058,usgs:ci40665058,"17 km WNW of Progreso, B.C., MX",MX,MX,1.53,ml,,32.6435,-115.749,5.74,2026-08-02T19:24:56Z,2026-08-06T17:28:20Z,2026-08-06T17:28:20Z
usgs:us6000thki,usgs,sismo,"M 4.9 - 36 km SSW of Mendi, Papua New Guinea",2026-08-02T05:38:58Z,https://earthquake.usgs.gov/earthquakes/eventpage/us6000thki,usgs:us6000thki,"36 km SSW of Mendi, Papua New Guinea",Papua New Guinea,PG,4.9,mb,,-6.4713,143.5878,10.0,2026-08-02T05:53:06Z,2026-08-06T17:28:20Z,2026-08-06T17:28:20Z
usgs:nc75409997,usgs,sismo,"M 1.7 - 11 km N of Redwood Valley, CA",2026-08-02T05:36:10Z,https://earthquake.usgs.gov/earthquakes/eventpage/nc75409997,usgs:nc75409997,"11 km N of Redwood Valley, CA",CA,US,1.69,md,,39.3648338317871,-123.226669311523,6.8899998664856,2026-08-02T06:07:20Z,2026-08-06T17:28:20Z,2026-08-06T17:28:20Z
usgs:ci40665050,usgs,sismo,"M 0.6 - 8 km SSE of Redlands, CA",2026-08-02T05:35:09Z,https://earthquake.usgs.gov/earthquakes/eventpage/ci40665050,usgs:ci40665050,"8 km SSE of Redlands, CA",CA,US,0.55,ml,,33.9873333333333,-117.157166666667,9.82,2026-08-02T13:42:13Z,2026-08-06T17:28:20Z,2026-08-06T17:28:20Z
usgs:tx2026pbkqvc,usgs,sismo,"M 1.0 - 11 km S of Forsan, Texas",2026-08-02T05:31:14Z,https://earthquake.usgs.gov/earthquakes/eventpage/tx2026pbkqvc,usgs:tx2026pbkqvc,"11 km S of Forsan, Texas",Texas,US,1.0,ml,,32.01,-101.365,2.3682,2026-08-03T10:08:09Z,2026-08-06T17:28:20Z,2026-08-06T17:28:20Z
usgs:us6000thkg,usgs,sismo,"M 4.8 - 77 km SE of Atka, Alaska",2026-08-02T05:18:40Z,https://earthquake.usgs.gov/earthquakes/eventpage/us6000thkg,usgs:us6000thkg,"77 km SE of Atka, Alaska",Alaska,US,4.8,mb,,51.6579,-173.4798,44.288,2026-08-02T05:33:42Z,2026-08-06T17:28:20Z,2026-08-06T17:28:20Z
usgs:aka2026pduzxw,usgs,sismo,"M 1.7 - 31 km SW of Petersville, Alaska",2026-08-02T05:10:06Z,https://earthquake.usgs.gov/earthquakes/eventpage/aka2026pduzxw,usgs:aka2026pduzxw,"31 km SW of Petersville, Alaska",Alaska,US,1.7,ml,,62.283,-151.15,71.9,2026-08-02T05:11:52Z,2026-08-06T17:28:20Z,2026-08-06T17:28:20Z
usgs:nc75409992,usgs,sismo,"M 1.0 - 7 km NW of The Geysers, CA",2026-08-02T04:52:08Z,https://earthquake.usgs.gov/earthquakes/eventpage/nc75409992,usgs:nc75409992,"7 km NW of The Geysers, CA",CA,US,1.04,md,,38.8154983520508,-122.813499450684,2.69000005722046,2026-08-02T04:53:46Z,2026-08-06T17:28:20Z,2026-08-06T17:28:20Z
usgs:nc75409987,usgs,sismo,"M 0.8 - 7 km ESE of Cloverdale, CA",2026-08-02T04:43:25Z,https://earthquake.usgs.gov/earthquakes/eventpage/nc75409987,usgs:nc75409987,"7 km ESE of Cloverdale, CA",CA,US,0.81,md,,38.7763328552246,-122.941329956055,5.15999984741211,2026-08-02T04:45:01Z,2026-08-06T17:28:20Z,2026-08-06T17:28:20Z
usgs:ci40665034,usgs,sismo,"M 1.4 - 6 km NNE of Progreso, B.C., MX",2026-08-02T04:41:48Z,https://earthquake.usgs.gov/earthquakes/eventpage/ci40665034,usgs:ci40665034,"6 km NNE of Progreso, B.C., MX",MX,MX,1.42,ml,,32.63,-115.559833333333,5.6,2026-08-03T17:36:22Z,2026-08-06T17:28:20Z,2026-08-06T17:28:20Z
usgs:ci40665026,usgs,sismo,"M 1.9 - 6 km NNE of Progreso, B.C., MX",2026-08-02T04:40:18Z,https://earthquake.usgs.gov/earthquakes/eventpage/ci40665026,usgs:ci40665026,"6 km NNE of Progreso, B.C., MX",MX,MX,1.92,ml,,32.6271666666667,-115.564166666667,7.87,2026-08-02T18:27:35Z,2026-08-06T17:28:20Z,2026-08-06T17:28:20Z
usgs:aka2026pdtsyv,usgs,sismo,"M 1.3 - 66 km WSW of Nanwalek, Alaska",2026-08-02T04:32:05Z,https://earthquake.usgs.gov/earthquakes/eventpage/aka2026pdtsyv,usgs:aka2026pdtsyv,"66 km WSW of Nanwalek, Alaska",Alaska,US,1.3,ml,,59.032,-152.89,70.1,2026-08-02T04:33:27Z,2026-08-06T17:28:20Z,2026-08-06T17:28:20Z
usgs:nc75409977,usgs,sismo,"M 0.6 - 9 km NW of The Geysers, CA",2026-08-02T04:30:28Z,https://earthquake.usgs.gov/earthquakes/eventpage/nc75409977,usgs:nc75409977,"9 km NW of The Geysers, CA",CA,US,0.61,md,,38.8241653442383,-122.842002868652,1.45000004768372,2026-08-02T04:32:05Z,2026-08-06T17:28:20Z,2026-08-06T17:28:20Z
usgs:tx2026pbiqed,usgs,sismo,"M 1.6 - 14 km SE of Pearsall, Texas",2026-08-02T04:30:00Z,https://earthquake.usgs.gov/earthquakes/eventpage/tx2026pbiqed,usgs:tx2026pbiqed,"14 km SE of Pearsall, Texas",Texas,US,1.6,ml,,28.805,-98.987,6.4529,2026-08-03T08:06:38Z,2026-08-06T17:28:20Z,2026-08-06T17:28:20Z
usgs:uu80146896,usgs,sismo,"M 1.6 - 6 km NNW of Saratoga Springs, Utah",2026-08-02T04:29:56Z,https://earthquake.usgs.gov/earthquakes/eventpage/uu80146896,usgs:uu80146896,"6 km NNW of Saratoga Springs, Utah",Utah,US,1.62,ml,,40.405,-111.9345,5.96,2026-08-04T13:51:14Z,2026-08-06T17:28:20Z,2026-08-06T17:28:20Z
usgs:nc75409972,usgs,sismo,"M 0.8 - 5 km WNW of The Geysers, CA",2026-08-02T04:21:23Z,https://earthquake.usgs.gov/earthquakes/eventpage/nc75409972,usgs:nc75409972,"5 km WNW of The Geysers, CA",CA,US,0.75,md,,38.795166015625,-122.809829711914,3.1800000667572,2026-08-02T04:23:02Z,2026-08-06T17:28:20Z,2026-08-06T17:28:20Z
usgs:pr71527073,usgs,sismo,"M 3.2 - 42 km N of Charlotte Amalie, U.S. Virgin Islands",2026-08-02T04:18:41Z,https://earthquake.usgs.gov/earthquakes/eventpage/pr71527073,usgs:pr71527073,"42 km N of Charlotte Amalie, U.S. Virgin Islands",U.S. Virgin Islands,VI,3.15,md,,18.7281666666667,-64.9296666666667,34.22,2026-08-02T11:24:59Z,2026-08-06T17:28:20Z,2026-08-06T17:28:20Z
usgs:uw714069271,usgs,sismo,"M 0.0 - 5 km ENE of Ashford, Washington",2026-08-02T04:02:53Z,https://earthquake.usgs.gov/earthquakes/eventpage/uw714069271,usgs:uw714069271,"5 km ENE of Ashford, Washington",Washington,US,0.0,md,,46.7721666666667,-121.9605,9.45,2026-08-03T19:29:00Z,2026-08-06T17:28:20Z,2026-08-06T17:28:20Z
usgs:ci40665018,usgs,sismo,"M 0.8 - 11 km N of Searles Valley, CA",2026-08-02T03:53:54Z,https://earthquake.usgs.gov/earthquakes/eventpage/ci40665018,usgs:ci40665018,"11 km N of Searles Valley, CA",CA,US,0.78,ml,,35.8646666666667,-117.3885,3.3,2026-08-02T13:32:58Z,2026-08-06T17:28:20Z,2026-08-06T17:28:20Z
usgs:av94351653,usgs,sismo,"M -0.1 - 77 km NNW of Karluk, Alaska",2026-08-02T03:48:01Z,https://earthquake.usgs.gov/earthquakes/eventpage/av94351653,usgs:av94351653,"77 km NNW of Karluk, Alaska",Alaska,US,-0.09,ml,,58.251,-154.723333333333,3.2,2026-08-04T00:32:29Z,2026-08-06T17:28:20Z,2026-08-06T17:28:20Z
usgs:aka2026pdsahb,usgs,sismo,"M 1.6 - 25 km NNW of Petersville, Alaska",2026-08-02T03:40:32Z,https://earthquake.usgs.gov/earthquakes/eventpage/aka2026pdsahb,usgs:aka2026pdsahb,"25 km NNW of Petersville, Alaska",Alaska,US,1.6,ml,,62.718,-150.885,7.6,2026-08-02T03:42:07Z,2026-08-06T17:28:20Z,2026-08-06T17:28:20Z
usgs:av94351623,usgs,sismo,"M -0.5 - 67 km NE of Nikolski, Alaska",2026-08-02T03:31:15Z,https://earthquake.usgs.gov/earthquakes/eventpage/av94351623,usgs:av94351623,"67 km NE of Nikolski, Alaska",Alaska,US,-0.52,ml,,53.3858333333333,-168.170166666667,6.79,2026-08-04T00:20:58Z,2026-08-06T17:28:20Z,2026-08-06T17:28:20Z
usgs:us6000thk4,usgs,sismo,"M 4.5 - 7 km SSW of Yumare, Venezuela",2026-08-02T03:16:45Z,https://earthquake.usgs.gov/earthquakes/eventpage/us6000thk4,usgs:us6000thk4,"7 km SSW of Yumare, Venezuela",Venezuela,VE,4.5,mb,,10.5328,-68.6899,10.0,2026-08-02T21:01:03Z,2026-08-06T17:28:20Z,2026-08-06T17:28:20Z
usgs:pr71527063,usgs,sismo,"M 2.6 - 45 km N of Charlotte Amalie, U.S. Virgin Islands",2026-08-02T03:16:35Z,https://earthquake.usgs.gov/earthquakes/eventpage/pr71527063,usgs:pr71527063,"45 km N of Charlotte Amalie, U.S. Virgin Islands",U.S. Virgin Islands,VI,2.57,md,,18.7536666666667,-64.932,13.99,2026-08-02T11:20:32Z,2026-08-06T17:28:20Z,2026-08-06T17:28:20Z
usgs:us6000thk5,usgs,sismo,"M 4.2 - 233 km NNW of Nagqu, China",2026-08-02T03:15:37Z,https://earthquake.usgs.gov/earthquakes/eventpage/us6000thk5,usgs:us6000thk5,"233 km NNW of Nagqu, China",China,CN,4.2,mb,,33.5255,91.4718,10.0,2026-08-05T00:00:47Z,2026-08-06T17:28:20Z,2026-08-06T17:28:20Z
usgs:hv75011652,usgs,sismo,"M 1.8 - 15 km S of Volcano, Hawaii",2026-08-02T03:15:17Z,https://earthquake.usgs.gov/earthquakes/eventpage/hv75011652,usgs:hv75011652,"15 km S of Volcano, Hawaii",Hawaii,US,1.76,ml,,19.2988333333333,-155.2385,0.95,2026-08-03T23:11:01Z,2026-08-06T17:28:20Z,2026-08-06T17:28:20Z
usgs:tx2026pbgahc,usgs,sismo,"M 1.4 - 12 km SE of Pearsall, Texas",2026-08-02T03:11:14Z,https://earthquake.usgs.gov/earthquakes/eventpage/tx2026pbgahc,usgs:tx2026pbgahc,"12 km SE of Pearsall, Texas",Texas,US,1.4,ml,,28.822,-98.994,8.2097,2026-08-03T08:20:07Z,2026-08-06T17:28:20Z,2026-08-06T17:28:20Z
usgs:av94351583,usgs,sismo,"M 0.1 - 86 km ENE of Port Alsworth, Alaska",2026-08-02T03:10:50Z,https://earthquake.usgs.gov/earthquakes/eventpage/av94351583,usgs:av94351583,"86 km ENE of Port Alsworth, Alaska",Alaska,US,0.05,ml,,60.5428333333333,-152.898833333333,17.42,2026-08-04T00:09:26Z,2026-08-06T17:28:20Z,2026-08-06T17:28:20Z
usgs:aka2026pdqvke,usgs,sismo,"M 1.5 - 28 km N of Larsen Bay, Alaska",2026-08-02T03:04:56Z,https://earthquake.usgs.gov/earthquakes/eventpage/aka2026pdqvke,usgs:aka2026pdqvke,"28 km N of Larsen Bay, Alaska",Alaska,US,1.5,ml,,57.794,-153.937,35.0,2026-08-02T03:06:31Z,2026-08-06T17:28:20Z,2026-08-06T17:28:20Z
usgs:nn00922699,usgs,sismo,"M 1.8 - 31 km SE of Mina, Nevada",2026-08-02T03:04:03Z,https://earthquake.usgs.gov/earthquakes/eventpage/nn00922699,usgs:nn00922699,"31 km SE of Mina, Nevada",Nevada,US,1.75,ml,,38.1813,-117.8645,10.9323,2026-08-03T17:58:27Z,2026-08-06T17:28:20Z,2026-08-06T17:28:20Z
usgs:tx2026pbfolj,usgs,sismo,"M 1.8 - 16 km SE of Pearsall, Texas",2026-08-02T02:57:29Z,https://earthquake.usgs.gov/earthquakes/eventpage/tx2026pbfolj,usgs:tx2026pbfolj,"16 km SE of Pearsall, Texas",Texas,US,1.8,ml,,28.78,-98.989,6.6229,2026-08-03T07:46:22Z,2026-08-06T17:28:20Z,2026-08-06T17:28:20Z
usgs:av94351533,usgs,sismo,"M 0.1 - 64 km ENE of Pedro Bay, Alaska",2026-08-02T02:44:09Z,https://earthquake.usgs.gov/earthquakes/eventpage/av94351533,usgs:av94351533,"64 km ENE of Pedro Bay, Alaska",Alaska,US,0.07,ml,,60.0505,-153.0805,-2.96,2026-08-03T23:21:54Z,2026-08-06T17:28:20Z,2026-08-06T17:28:20Z
usgs:ci40665010,usgs,sismo,"M 1.3 - 8 km E of Pine Mountain Club, CA",2026-08-02T02:37:37Z,https://earthquake.usgs.gov/earthquakes/eventpage/ci40665010,usgs:ci40665010,"8 km E of Pine Mountain Club, CA",CA,US,1.27,ml,,34.8461666666667,-119.0565,8.19,2026-08-02T13:33:15Z,2026-08-06T17:28:20Z,2026-08-06T17:28:20Z
usgs:av94351518,usgs,sismo,"M -0.5 - 85 km NW of Karluk, Alaska",2026-08-02T02:34:44Z,https://earthquake.usgs.gov/earthquakes/eventpage/av94351518,usgs:av94351518,"85 km NW of Karluk, Alaska",Alaska,US,-0.48,ml,,58.182,-155.323833333333,3.06,2026-08-03T22:18:21Z,2026-08-06T17:28:20Z,2026-08-06T17:28:20Z
usgs:av94351508,usgs,sismo,"M -0.1 - 20 km NNE of Atka, Alaska",2026-08-02T02:31:59Z,https://earthquake.usgs.gov/earthquakes/eventpage/av94351508,usgs:av94351508,"20 km NNE of Atka, Alaska",Alaska,US,-0.11,ml,,52.3715,-174.121,4.07,2026-08-03T22:05:21Z,2026-08-06T17:28:20Z,2026-08-06T17:28:20Z
usgs:ci40665002,usgs,sismo,"M 1.4 - 16 km WNW of Progreso, B.C., MX",2026-08-02T02:28:56Z,https://earthquake.usgs.gov/earthquakes/eventpage/ci40665002,usgs:ci40665002,"16 km WNW of Progreso, B.C., MX",MX,MX,1.43,ml,,32.6403333333333,-115.744333333333,6.6,2026-08-02T19:38:14Z,2026-08-06T17:28:20Z,2026-08-06T17:28:20Z
usgs:ci40664994,usgs,sismo,"M 1.9 - 17 km WNW of Progreso, B.C., MX",2026-08-02T02:23:07Z,https://earthquake.usgs.gov/earthquakes/eventpage/ci40664994,usgs:ci40664994,"17 km WNW of Progreso, B.C., MX",MX,MX,1.94,ml,,32.6401666666667,-115.750666666667,6.01,2026-08-02T17:54:09Z,2026-08-06T17:28:20Z,2026-08-06T17:28:20Z
usgs:ci40664986,usgs,sismo,"M 1.4 - 4 km NNE of Progreso, B.C., MX",2026-08-02T02:22:31Z,https://earthquake.usgs.gov/earthquakes/eventpage/ci40664986,usgs:ci40664986,"4 km NNE of Progreso, B.C., MX",MX,MX,1.36,ml,,32.6168333333333,-115.569166666667,7.1,2026-08-03T21:03:13Z,2026-08-06T17:28:20Z,2026-08-06T17:28:20Z
usgs:pr71527053,usgs,sismo,"M 2.9 - 47 km N of Charlotte Amalie, U.S. Virgin Islands",2026-08-02T02:07:44Z,https://earthquake.usgs.gov/earthquakes/eventpage/pr71527053,usgs:pr71527053,"47 km N of Charlotte Amalie, U.S. Virgin Islands",U.S. Virgin Islands,VI,2.94,md,,18.7695,-64.9268333333333,17.55,2026-08-02T10:56:46Z,2026-08-06T17:28:20Z,2026-08-06T17:28:20Z
usgs:av94351448,usgs,sismo,"M -0.1 - 63 km NW of Ninilchik, Alaska",2026-08-02T02:07:13Z,https://earthquake.usgs.gov/earthquakes/eventpage/av94351448,usgs:av94351448,"63 km NW of Ninilchik, Alaska",Alaska,US,-0.11,ml,,60.4098333333333,-152.565333333333,6.13,2026-08-03T21:52:49Z,2026-08-06T17:28:20Z,2026-08-06T17:28:20Z
usgs:nc75409947,usgs,sismo,"M 1.2 - 3 km SSW of Redwood Valley, CA",2026-08-02T01:55:05Z,https://earthquake.usgs.gov/earthquakes/eventpage/nc75409947,usgs:nc75409947,"3 km SSW of Redwood Valley, CA",CA,US,1.17,md,,39.2421684265137,-123.218002319336,3.8199999332428,2026-08-02T02:32:22Z,2026-08-06T17:28:20Z,2026-08-06T17:28:20Z
usgs:aka2026pdombb,usgs,sismo,"M 0.7 - 83 km NW of Karluk, Alaska",2026-08-02T01:54:27Z,https://earthquake.usgs.gov/earthquakes/eventpage/aka2026pdombb,usgs:aka2026pdombb,"83 km NW of Karluk, Alaska",Alaska,US,0.7,ml,,58.162,-155.324,5.0,2026-08-03T21:47:49Z,2026-08-06T17:28:20Z,2026-08-06T17:28:20Z
usgs:tx2026pbdlfp,usgs,sismo,"M 0.5 - 14 km WSW of Stanton, Texas",2026-08-02T01:53:27Z,https://earthquake.usgs.gov/earthquakes/eventpage/tx2026pbdlfp,usgs:tx2026pbdlfp,"14 km WSW of Stanton, Texas",Texas,US,0.5,ml,,32.099,-101.935,7.7393,2026-08-03T09:49:16Z,2026-08-06T17:28:20Z,2026-08-06T17:28:20Z
usgs:av94351413,usgs,sismo,"M -0.5 - 59 km WNW of Beluga, Alaska",2026-08-02T01:42:34Z,https://earthquake.usgs.gov/earthquakes/eventpage/av94351413,usgs:av94351413,"59 km WNW of Beluga, Alaska",Alaska,US,-0.47,ml,,61.3361666666667,-152.1125,1.6,2026-08-03T21:38:19Z,2026-08-06T17:28:20Z,2026-08-06T17:28:20Z
usgs:pr71527038,usgs,sismo,"M 3.3 - 91 km NNE of Cruz Bay, U.S. Virgin Islands",2026-08-02T01:38:59Z,https://earthquake.usgs.gov/earthquakes/eventpage/pr71527038,usgs:pr71527038,"91 km NNE of Cruz Bay, U.S. Virgin Islands",U.S. Virgin Islands,VI,3.34,md,,19.035,-64.3385,14.42,2026-08-02T01:58:31Z,2026-08-06T17:28:20Z,2026-08-06T17:28:20Z
usgs:nc75409937,usgs,sismo,"M 1.1 - 6 km NW of The Geysers, CA",2026-08-02T01:37:56Z,https://earthquake.usgs.gov/earthquakes/eventpage/nc75409937,usgs:nc75409937,"6 km NW of The Geysers, CA",CA,US,1.08,md,,38.8223342895508,-122.796333312988,2.5699999332428,2026-08-02T01:39:31Z,2026-08-06T17:28:20Z,2026-08-06T17:28:20Z
usgs:us6000thjv,usgs,sismo,"M 4.2 - 60 km NE of Bandar Abbas, Iran",2026-08-02T01:37:05Z,https://earthquake.usgs.gov/earthquakes/eventpage/us6000thjv,usgs:us6000thjv,"60 km NE of Bandar Abbas, Iran",Iran,IR,4.2,mb,,27.6358,56.6209,10.0,2026-08-02T01:50:09Z,2026-08-06T17:28:20Z,2026-08-06T17:28:20Z
usgs:pr71527023,usgs,sismo,"M 3.1 - 41 km N of Charlotte Amalie, U.S. Virgin Islands",2026-08-02T01:34:19Z,https://earthquake.usgs.gov/earthquakes/eventpage/pr71527023,usgs:pr71527023,"41 km N of Charlotte Amalie, U.S. Virgin Islands",U.S. Virgin Islands,VI,3.14,md,,18.7155,-64.9425,20.65,2026-08-02T01:59:48Z,2026-08-06T17:28:20Z,2026-08-06T17:28:20Z
usgs:ci40664978,usgs,sismo,"M 0.9 - 8 km SSE of Redlands, CA",2026-08-02T01:29:31Z,https://earthquake.usgs.gov/earthquakes/eventpage/ci40664978,usgs:ci40664978,"8 km SSE of Redlands, CA",CA,US,0.92,ml,,33.993,-117.150666666667,15.34,2026-08-02T13:33:30Z,2026-08-06T17:28:20Z,2026-08-06T17:28:20Z
usgs:ci40664970,usgs,sismo,"M 2.2 - 17 km WNW of Progreso, B.C., MX",2026-08-02T01:26:05Z,https://earthquake.usgs.gov/earthquakes/eventpage/ci40664970,usgs:ci40664970,"17 km WNW of Progreso, B.C., MX",MX,MX,2.22,ml,,32.641,-115.746666666667,6.05,2026-08-02T17:12:47Z,2026-08-06T17:28:20Z,2026-08-06T17:28:20Z
usgs:av94351378,usgs,sismo,"M 0.4 - 39 km NE of Adak, Alaska",2026-08-02T01:22:57Z,https://earthquake.usgs.gov/earthquakes/eventpage/av94351378,usgs:av94351378,"39 km NE of Adak, Alaska",Alaska,US,0.44,ml,,52.1028333333333,-176.203333333333,3.95,2026-08-03T21:25:48Z,2026-08-06T17:28:20Z,2026-08-06T17:28:20Z
usgs:nc75409932,usgs,sismo,"M 0.7 - 3 km NW of The Geysers, CA",2026-08-02T01:22:43Z,https://earthquake.usgs.gov/earthquakes/eventpage/nc75409932,usgs:nc75409932,"3 km NW of The Geysers, CA",CA,US,0.72,md,,38.796501159668,-122.777000427246,3.46000003814697,2026-08-02T01:24:21Z,2026-08-06T17:28:20Z,2026-08-06T17:28:20Z
usgs:us6000thjs,usgs,sismo,"M 4.4 - 42 km W of Cartagena, Chile",2026-08-02T01:21:38Z,https://earthquake.usgs.gov/earthquakes/eventpage/us6000thjs,usgs:us6000thjs,"42 km W of Cartagena, Chile",Chile,CL,4.4,mwr,,-33.5262,-72.0649,25.745,2026-08-02T02:43:05Z,2026-08-06T17:28:20Z,2026-08-06T17:28:20Z
usgs:uw714069101,usgs,sismo,"M 1.4 - 4 km NNE of Key Center, Washington",2026-08-02T01:20:48Z,https://earthquake.usgs.gov/earthquakes/eventpage/uw714069101,usgs:uw714069101,"4 km NNE of Key Center, Washington",Washington,US,1.41,ml,,47.3798333333333,-122.722666666667,23.31,2026-08-03T19:17:22Z,2026-08-06T17:28:20Z,2026-08-06T17:28:20Z
usgs:uw714069091,usgs,sismo,"M 0.4 - 22 km ENE of Ashford, Washington",2026-08-02T01:04:46Z,https://earthquake.usgs.gov/earthquakes/eventpage/uw714069091,usgs:uw714069091,"22 km ENE of Ashford, Washington",Washington,US,0.4,ml,,46.8575,-121.769666666667,0.68,2026-08-03T19:08:43Z,2026-08-06T17:28:20Z,2026-08-06T17:28:20Z
usgs:uw714069081,usgs,sismo,"M 0.6 - 22 km ENE of Ashford, Washington",2026-08-02T01:02:11Z,https://earthquake.usgs.gov/earthquakes/eventpage/uw714069081,usgs:uw714069081,"22 km ENE of Ashford, Washington",Washington,US,0.63,ml,,46.8568333333333,-121.769,0.79,2026-08-03T19:06:56Z,2026-08-06T17:28:20Z,2026-08-06T17:28:20Z
gdacs:FL:1104075:1,gdacs,inundacion,Green flood alert in Sri Lanka,2026-08-02T01:00:00Z,https://www.gdacs.org/report.aspx?eventtype=FL&eventid=1104075,gdacs:FL:1104075,Sri Lanka,Sri Lanka,LK,0.0,,verde,7.1636487,80.5702744,,2026-08-06T12:49:36Z,2026-08-06T06:06:09Z,
gdacs:FL:1104071:2,gdacs,inundacion,Green flood alert in Peru,2026-08-02T01:00:00Z,https://www.gdacs.org/report.aspx?eventtype=FL&eventid=1104071,gdacs:FL:1104071,Peru,Peru,PE,0.0,,verde,-7.0,-76.833333,,2026-08-04T13:59:35Z,2026-08-06T09:08:27Z,
gdacs:FL:1104071:1,gdacs,inundacion,Green flood alert in Peru,2026-08-02T01:00:00Z,https://www.gdacs.org/report.aspx?eventtype=FL&eventid=1104071,gdacs:FL:1104071,Peru,Peru,PE,0.0,,verde,-12.2168944,-76.9491496,,2026-08-04T13:59:35Z,2026-08-06T06:06:09Z,
usgs:uu80146891,usgs,sismo,"M 0.8 - 16 km SE of Castle Dale, Utah",2026-08-02T00:56:15Z,https://earthquake.usgs.gov/earthquakes/eventpage/uu80146891,usgs:uu80146891,"16 km SE of Castle Dale, Utah",Utah,US,0.75,ml,,39.1293333333333,-110.8655,5.97,2026-08-03T17:52:37Z,2026-08-06T17:28:20Z,2026-08-06T17:28:20Z
usgs:nc75409927,usgs,sismo,"M 0.8 - 8 km NW of The Geysers, CA",2026-08-02T00:48:26Z,https://earthquake.usgs.gov/earthquakes/eventpage/nc75409927,usgs:nc75409927,"8 km NW of The Geysers, CA",CA,US,0.77,md,,38.8279991149902,-122.825996398926,0.550000011920929,2026-08-02T00:50:00Z,2026-08-06T17:28:20Z,2026-08-06T17:28:20Z
usgs:us6000thjm,usgs,sismo,"M 4.8 - 64 km ENE of Noda, Japan",2026-08-02T00:45:40Z,https://earthquake.usgs.gov/earthquakes/eventpage/us6000thjm,usgs:us6000thjm,"64 km ENE of Noda, Japan",Japan,JP,4.8,mb,,40.302,142.5317,56.352,2026-08-02T01:08:41Z,2026-08-06T17:28:20Z,2026-08-06T17:28:20Z
usgs:hv75011622,usgs,sismo,"M 2.8 - 33 km S of Naalehu, Hawaii",2026-08-02T00:43:59Z,https://earthquake.usgs.gov/earthquakes/eventpage/hv75011622,usgs:hv75011622,"33 km S of Naalehu, Hawaii",Hawaii,US,2.75,ml,,18.772,-155.534,21.25,2026-08-04T01:53:15Z,2026-08-06T17:28:20Z,2026-08-06T17:28:20Z
usgs:uw714069021,usgs,sismo,"M 2.3 - 22 km ENE of Ashford, Washington",2026-08-02T00:42:15Z,https://earthquake.usgs.gov/earthquakes/eventpage/uw714069021,usgs:uw714069021,"22 km ENE of Ashford, Washington",Washington,US,2.29,ml,,46.8596666666667,-121.768833333333,-1.27,2026-08-04T20:43:43Z,2026-08-06T17:28:20Z,2026-08-06T17:28:20Z
usgs:pr71527013,usgs,sismo,"M 3.0 - 48 km N of Charlotte Amalie, U.S. Virgin Islands",2026-08-02T00:41:58Z,https://earthquake.usgs.gov/earthquakes/eventpage/pr71527013,usgs:pr71527013,"48 km N of Charlotte Amalie, U.S. Virgin Islands",U.S. Virgin Islands,VI,3.02,md,,18.7818333333333,-64.9281666666667,17.54,2026-08-02T00:56:45Z,2026-08-06T17:28:20Z,2026-08-06T17:28:20Z
usgs:pr71527003,usgs,sismo,"M 2.7 - 4 km ESE of Maricao, Puerto Rico",2026-08-02T00:37:56Z,https://earthquake.usgs.gov/earthquakes/eventpage/pr71527003,usgs:pr71527003,"4 km ESE of Maricao, Puerto Rico",Puerto Rico,PR,2.68,md,,18.166,-66.9411666666667,17.27,2026-08-02T00:53:19Z,2026-08-06T17:28:20Z,2026-08-06T17:28:20Z
usgs:aka2026pdlvxq,usgs,sismo,"M 1.8 - 12 km NNW of Fishhook, Alaska",2026-08-02T00:35:36Z,https://earthquake.usgs.gov/earthquakes/eventpage/aka2026pdlvxq,usgs:aka2026pdlvxq,"12 km NNW of Fishhook, Alaska",Alaska,US,1.8,ml,,61.852,-149.299,5.0,2026-08-02T00:37:04Z,2026-08-06T17:28:20Z,2026-08-06T17:28:20Z
usgs:av94351318,usgs,sismo,"M 0.4 - 41 km NE of Adak, Alaska",2026-08-02T00:32:08Z,https://earthquake.usgs.gov/earthquakes/eventpage/av94351318,usgs:av94351318,"41 km NE of Adak, Alaska",Alaska,US,0.43,ml,,52.1183333333333,-176.178666666667,8.07,2026-08-03T20:18:46Z,2026-08-06T17:28:20Z,2026-08-06T17:28:20Z
usgs:nc75409922,usgs,sismo,"M 1.3 - 5 km NW of The Geysers, CA",2026-08-02T00:30:05Z,https://earthquake.usgs.gov/earthquakes/eventpage/nc75409922,usgs:nc75409922,"5 km NW of The Geysers, CA",CA,US,1.29,md,,38.8143348693848,-122.792999267578,2.8199999332428,2026-08-02T01:17:24Z,2026-08-06T17:28:20Z,2026-08-06T17:28:20Z
usgs:nc75409917,usgs,sismo,"M 1.0 - 8 km ESE of Cloverdale, CA",2026-08-02T00:21:20Z,https://earthquake.usgs.gov/earthquakes/eventpage/nc75409917,usgs:nc75409917,"8 km ESE of Cloverdale, CA",CA,US,1.04,md,,38.7696647644043,-122.943832397461,1.82000005245209,2026-08-02T00:22:56Z,2026-08-06T17:28:20Z,2026-08-06T17:28:20Z
usgs:av93065354,usgs,sismo,"M 0.5 - 16 km W of Ivanof Bay, Alaska",2026-08-02T00:16:35Z,https://earthquake.usgs.gov/earthquakes/eventpage/av93065354,usgs:av93065354,"16 km W of Ivanof Bay, Alaska",Alaska,US,0.5,ml,,55.9175,-159.7385,11.09,2026-08-05T18:27:35Z,2026-08-06T17:28:20Z,2026-08-06T17:28:20Z
usgs:us6000thj5,usgs,sismo,"M 5.2 - 112 km SW of Severo-Kuril’sk, Russia",2026-08-02T00:13:38Z,https://earthquake.usgs.gov/earthquakes/eventpage/us6000thj5,usgs:us6000thj5,"112 km SW of Severo-Kuril’sk, Russia",Russia,RU,5.2,mb,,49.8672,155.1713,80.691,2026-08-02T00:29:12Z,2026-08-06T17:28:20Z,2026-08-06T17:28:20Z
usgs:ci40664954,usgs,sismo,"M 1.9 - 17 km WNW of Progreso, B.C., MX",2026-08-02T00:09:45Z,https://earthquake.usgs.gov/earthquakes/eventpage/ci40664954,usgs:ci40664954,"17 km WNW of Progreso, B.C., MX",MX,MX,1.86,ml,,32.643,-115.746,6.66,2026-08-02T18:36:13Z,2026-08-06T17:28:20Z,2026-08-06T17:28:20Z
usgs:av94351278,usgs,sismo,"M -0.7 - 59 km ENE of Pedro Bay, Alaska",2026-08-02T00:05:34Z,https://earthquake.usgs.gov/earthquakes/eventpage/av94351278,usgs:av94351278,"59 km ENE of Pedro Bay, Alaska",Alaska,US,-0.73,ml,,59.9815,-153.107333333333,2.95,2026-08-03T17:53:44Z,2026-08-06T17:28:20Z,2026-08-06T17:28:20Z
usgs:ci40664946,usgs,sismo,"M 1.2 - 17 km SW of Lamont, CA",2026-08-02T00:00:45Z,https://earthquake.usgs.gov/earthquakes/eventpage/ci40664946,usgs:ci40664946,"17 km SW of Lamont, CA",CA,US,1.2,ml,,35.1728333333333,-119.0625,14.08,2026-08-03T20:45:15Z,2026-08-06T17:28:20Z,2026-08-06T17:28:20Z
gdacs:WF:1030111:1,gdacs,incendio,Green forest fire notification in The Democratic Republic of Congo,2026-08-02T00:00:00Z,https://www.gdacs.org/report.aspx?eventtype=WF&eventid=1030111,gdacs:WF:1030111,The Democratic Republic of Congo,The Democratic Republic of Congo,CD,5951.0,ha,verde,-8.348858953064413,24.91267752148901,,2026-08-06T15:03:44Z,2026-08-06T06:06:09Z,2026-08-06T17:28:20Z
gdacs:WF:1030098:3,gdacs,incendio,Green forest fire notification in Australia,2026-08-02T00:00:00Z,https://www.gdacs.org/report.aspx?eventtype=WF&eventid=1030098,gdacs:WF:1030098,Australia,Australia,AU,5707.0,ha,verde,-12.603366626380238,131.44383632102878,,2026-08-05T19:02:40Z,2026-08-06T11:34:43Z,
gdacs:WF:1030098:2,gdacs,incendio,Green forest fire notification in Australia,2026-08-02T00:00:00Z,https://www.gdacs.org/report.aspx?eventtype=WF&eventid=1030098,gdacs:WF:1030098,Australia,Australia,AU,5410.0,ha,verde,-12.604777548843336,131.44280005192408,,2026-08-05T19:02:40Z,2026-08-06T06:06:09Z,
gdacs:WF:1030094:9,gdacs,incendio,Green forest fire notification in Russian Federation,2026-08-02T00:00:00Z,https://www.gdacs.org/report.aspx?eventtype=WF&eventid=1030094,gdacs:WF:1030094,Russian Federation,Russian Federation,RU,12050.0,ha,verde,64.37693895664161,115.77003574891958,,2026-08-05T03:01:01Z,2026-08-06T11:34:43Z,
gdacs:WF:1030094:8,gdacs,incendio,Green forest fire notification in Russian Federation,2026-08-02T00:00:00Z,https://www.gdacs.org/report.aspx?eventtype=WF&eventid=1030094,gdacs:WF:1030094,Russian Federation,Russian Federation,RU,11007.0,ha,verde,64.37851892293138,115.76324226285726,,2026-08-05T03:01:01Z,2026-08-06T09:08:27Z,
gdacs:WF:1030094:7,gdacs,incendio,Green forest fire notification in Russian Federation,2026-08-02T00:00:00Z,https://www.gdacs.org/report.aspx?eventtype=WF&eventid=1030094,gdacs:WF:1030094,Russian Federation,Russian Federation,RU,10954.0,ha,verde,64.3785937710698,115.76285017096303,,2026-08-05T03:01:01Z,2026-08-06T06:06:09Z,
gdacs:WF:1030094:10,gdacs,incendio,Green forest fire notification in Russian Federation,2026-08-02T00:00:00Z,https://www.gdacs.org/report.aspx?eventtype=WF&eventid=1030094,gdacs:WF:1030094,Russian Federation,Russian Federation,RU,12168.0,ha,verde,64.377068023016,115.76946345311478,,2026-08-05T03:01:01Z,2026-08-06T17:28:20Z,2026-08-06T17:28:20Z
gdacs:WF:1030085:7,gdacs,incendio,Green forest fire notification in Zambia,2026-08-02T00:00:00Z,https://www.gdacs.org/report.aspx?eventtype=WF&eventid=1030085,gdacs:WF:1030085,Zambia,Zambia,ZM,8501.0,ha,verde,-14.76845144332785,26.52309110028718,,2026-08-05T03:01:16Z,2026-08-06T11:34:43Z,
gdacs:WF:1030085:6,gdacs,incendio,Green forest fire notification in Zambia,2026-08-02T00:00:00Z,https://www.gdacs.org/report.aspx?eventtype=WF&eventid=1030085,gdacs:WF:1030085,Zambia,Zambia,ZM,8469.0,ha,verde,-14.768285700619419,26.52299911058476,,2026-08-05T03:01:16Z,2026-08-06T09:08:27Z,
gdacs:WF:1030085:5,gdacs,incendio,Green forest fire notification in Zambia,2026-08-02T00:00:00Z,https://www.gdacs.org/report.aspx?eventtype=WF&eventid=1030085,gdacs:WF:1030085,Zambia,Zambia,ZM,7968.0,ha,verde,-14.766236788364175,26.521653553353385,,2026-08-05T03:01:16Z,2026-08-06T06:06:09Z,
gdacs:WF:1030084:5,gdacs,incendio,Green forest fire notification in Angola,2026-08-02T00:00:00Z,https://www.gdacs.org/report.aspx?eventtype=WF&eventid=1030084,gdacs:WF:1030084,Angola,Angola,AO,6618.0,ha,verde,-10.008748232827083,20.837820932105057,,2026-08-05T07:01:26Z,2026-08-06T11:34:43Z,
gdacs:WF:1030084:4,gdacs,incendio,Green forest fire notification in Angola,2026-08-02T00:00:00Z,https://www.gdacs.org/report.aspx?eventtype=WF&eventid=1030084,gdacs:WF:1030084,Angola,Angola,AO,6548.0,ha,verde,-10.008297067440939,20.83847542454686,,2026-08-05T07:01:26Z,2026-08-06T09:08:27Z,
gdacs:WF:1030084:3,gdacs,incendio,Green forest fire notification in Angola,2026-08-02T00:00:00Z,https://www.gdacs.org/report.aspx?eventtype=WF&eventid=1030084,gdacs:WF:1030084,Angola,Angola,AO,6548.0,ha,verde,-10.00829377877879,20.838478701477875,,2026-08-05T07:01:26Z,2026-08-06T06:06:09Z,
gdacs:WF:1030044:4,gdacs,incendio,Green forest fire notification in Australia,2026-08-02T00:00:00Z,https://www.gdacs.org/report.aspx?eventtype=WF&eventid=1030044,gdacs:WF:1030044,Australia,Australia,AU,11005.0,ha,verde,-19.808998902135382,137.16915326693425,,2026-08-03T19:00:42Z,2026-08-06T06:06:09Z,
gdacs:WF:1030029:24,gdacs,incendio,Green forest fire notification in United States,2026-08-02T00:00:00Z,https://www.gdacs.org/report.aspx?eventtype=WF&eventid=1030029,gdacs:WF:1030029,United States,United States,US,50906.0,ha,verde,38.808127314263054,-112.31900823253568,,2026-08-02T11:00:16Z,2026-08-06T17:28:20Z,2026-08-06T17:28:20Z
gdacs:WF:1030029:23,gdacs,incendio,Green forest fire notification in United States,2026-08-02T00:00:00Z,https://www.gdacs.org/report.aspx?eventtype=WF&eventid=1030029,gdacs:WF:1030029,United States,United States,US,50357.0,ha,verde,38.80737601918639,-112.31982694756545,,2026-08-02T11:00:16Z,2026-08-06T11:34:43Z,
gdacs:WF:1030029:22,gdacs,incendio,Green forest fire notification in United States,2026-08-02T00:00:00Z,https://www.gdacs.org/report.aspx?eventtype=WF&eventid=1030029,gdacs:WF:1030029,United States,United States,US,48509.0,ha,verde,38.80387970816008,-112.32290054664935,,2026-08-02T11:00:16Z,2026-08-06T09:08:27Z,
gdacs:WF:1030029:21,gdacs,incendio,Green forest fire notification in United States,2026-08-02T00:00:00Z,https://www.gdacs.org/report.aspx?eventtype=WF&eventid=1030029,gdacs:WF:1030029,United States,United States,US,48646.0,ha,verde,38.80475997245713,-112.32202940011383,,2026-08-02T11:00:16Z,2026-08-06T06:06:09Z,
usgs:us6000tht2,usgs,sismo,"M 3.3 - 53 km SSE of Atka, Alaska",2026-08-01T23:59:21Z,https://earthquake.usgs.gov/earthquakes/eventpage/us6000tht2,usgs:us6000tht2,"53 km SSE of Atka, Alaska",Alaska,US,3.3,mb,,51.7582,-173.8753,35.0,2026-08-03T21:46:20Z,2026-08-06T17:28:20Z,2026-08-06T17:28:20Z
usgs:tx2026pazlhq,usgs,sismo,"M 1.8 - 17 km ESE of Pearsall, Texas",2026-08-01T23:52:48Z,https://earthquake.usgs.gov/earthquakes/eventpage/tx2026pazlhq,usgs:tx2026pazlhq,"17 km ESE of Pearsall, Texas",Texas,US,1.8,ml,,28.813,-98.944,8.416,2026-08-03T16:02:03Z,2026-08-06T17:28:20Z,2026-08-06T17:28:20Z
usgs:aka2026pdkaqo,usgs,sismo,"M 1.5 - 22 km WNW of Clam Gulch, Alaska",2026-08-01T23:41:08Z,https://earthquake.usgs.gov/earthquakes/eventpage/aka2026pdkaqo,usgs:aka2026pdkaqo,"22 km WNW of Clam Gulch, Alaska",Alaska,US,1.5,ml,,60.304,-151.766,79.1,2026-08-06T16:18:14Z,2026-08-06T17:28:20Z,2026-08-06T17:28:20Z
usgs:us6000thj0,usgs,sismo,"M 4.2 - 7 km S of El Arenal, Mexico",2026-08-01T23:39:57Z,https://earthquake.usgs.gov/earthquakes/eventpage/us6000thj0,usgs:us6000thj0,"7 km S of El Arenal, Mexico",Mexico,US,4.2,mb,,15.1043,-92.6988,79.674,2026-08-02T02:26:47Z,2026-08-06T17:28:20Z,2026-08-06T17:28:20Z
usgs:aka2026pdjzrl,usgs,sismo,"M 2.0 - 116 km N of Yakutat, Alaska",2026-08-01T23:39:57Z,https://earthquake.usgs.gov/earthquakes/eventpage/aka2026pdjzrl,usgs:aka2026pdjzrl,"116 km N of Yakutat, Alaska",Alaska,US,2.0,ml,,60.576,-140.054,11.4,2026-08-06T16:14:55Z,2026-08-06T17:28:20Z,2026-08-06T17:28:20Z
usgs:us6000thit,usgs,sismo,"M 4.4 - 107 km SW of El Arenal, Mexico",2026-08-01T23:35:26Z,https://earthquake.usgs.gov/earthquakes/eventpage/us6000thit,usgs:us6000thit,"107 km SW of El Arenal, Mexico",Mexico,US,4.4,mb,,14.4998,-93.4141,35.0,2026-08-02T00:16:08Z,2026-08-06T17:28:20Z,2026-08-06T17:28:20Z
usgs:aka2026pdjvar,usgs,sismo,"M 1.6 - 54 km SE of Ugashik, Alaska",2026-08-01T23:34:37Z,https://earthquake.usgs.gov/earthquakes/eventpage/aka2026pdjvar,usgs:aka2026pdjvar,"54 km SE of Ugashik, Alaska",Alaska,US,1.6,ml,,57.131,-156.842,13.2,2026-08-06T16:12:53Z,2026-08-06T17:28:20Z,2026-08-06T17:28:20Z
usgs:tx2026paypra,usgs,sismo,"M 1.3 - 15 km NNE of Midland, Texas",2026-08-01T23:29:02Z,https://earthquake.usgs.gov/earthquakes/eventpage/tx2026paypra,usgs:tx2026paypra,"15 km NNE of Midland, Texas",Texas,US,1.3,ml,,32.132,-102.025,8.374,2026-08-03T18:36:34Z,2026-08-06T17:28:20Z,2026-08-06T17:28:20Z
usgs:ci40664938,usgs,sismo,"M 1.2 - 13 km SE of Bodfish, CA",2026-08-01T23:29:02Z,https://earthquake.usgs.gov/earthquakes/eventpage/ci40664938,usgs:ci40664938,"13 km SE of Bodfish, CA",CA,US,1.16,ml,,35.4996666666667,-118.404333333333,5.56,2026-08-03T20:08:56Z,2026-08-06T17:28:20Z,2026-08-06T17:28:20Z
usgs:tx2026paynyf,usgs,sismo,"M 1.5 - 19 km SW of Jal, New Mexico",2026-08-01T23:25:45Z,https://earthquake.usgs.gov/earthquakes/eventpage/tx2026paynyf,usgs:tx2026paynyf,"19 km SW of Jal, New Mexico",New Mexico,US,1.5,ml,,31.973,-103.318,6.0999,2026-08-03T18:27:19Z,2026-08-06T17:28:20Z,2026-08-06T17:28:20Z
usgs:us6000thin,usgs,sismo,"M 4.3 - 73 km WSW of Puerto Madero, Mexico",2026-08-01T23:22:41Z,https://earthquake.usgs.gov/earthquakes/eventpage/us6000thin,usgs:us6000thin,"73 km WSW of Puerto Madero, Mexico",Mexico,US,4.3,mb,,14.4155,-93.0308,35.0,2026-08-02T00:01:50Z,2026-08-06T17:28:20Z,2026-08-06T17:28:20Z
usgs:ci40664930,usgs,sismo,"M 1.1 - 10 km E of Yorba Linda, CA",2026-08-01T23:16:22Z,https://earthquake.usgs.gov/earthquakes/eventpage/ci40664930,usgs:ci40664930,"10 km E of Yorba Linda, CA",CA,US,1.13,ml,,33.8918333333333,-117.701,11.11,2026-08-03T19:56:28Z,2026-08-06T17:28:20Z,2026-08-06T17:28:20Z
usgs:nc75409897,usgs,sismo,"M 1.4 - 8 km ESE of Cloverdale, CA",2026-08-01T23:12:37Z,https://earthquake.usgs.gov/earthquakes/eventpage/nc75409897,usgs:nc75409897,"8 km ESE of Cloverdale, CA",CA,US,1.39,md,,38.7681655883789,-122.938835144043,6.17999982833862,2026-08-02T00:17:28Z,2026-08-06T17:28:20Z,2026-08-06T17:28:20Z
usgs:pr71526998,usgs,sismo,"M 2.5 - 47 km N of Charlotte Amalie, U.S. Virgin Islands",2026-08-01T23:12:06Z,https://earthquake.usgs.gov/earthquakes/eventpage/pr71526998,usgs:pr71526998,"47 km N of Charlotte Amalie, U.S. Virgin Islands",U.S. Virgin Islands,VI,2.51,md,,18.7733333333333,-64.9056666666667,15.19,2026-08-01T23:26:14Z,2026-08-06T17:28:20Z,2026-08-06T17:28:20Z
usgs:hv75011607,usgs,sismo,"M 1.7 - 11 km NE of Pāhala, Hawaii",2026-08-01T23:08:28Z,https://earthquake.usgs.gov/earthquakes/eventpage/hv75011607,usgs:hv75011607,"11 km NE of Pāhala, Hawaii",Hawaii,US,1.72,md,,19.2768325805664,-155.400161743164,30.4500007629395,2026-08-01T23:11:53Z,2026-08-06T17:28:20Z,2026-08-06T17:28:20Z
usgs:us6000thii,usgs,sismo,"M 4.9 - 83 km SSE of Atka, Alaska",2026-08-01T23:07:03Z,https://earthquake.usgs.gov/earthquakes/eventpage/us6000thii,usgs:us6000thii,"83 km SSE of Atka, Alaska",Alaska,US,4.9,mb,,51.5554,-173.5639,35.0,2026-08-01T23:33:05Z,2026-08-06T17:28:20Z,2026-08-06T17:28:20Z
usgs:nc75409887,usgs,sismo,"M 2.8 - 7 km E of Wilkerson, CA",2026-08-01T22:58:29Z,https://earthquake.usgs.gov/earthquakes/eventpage/nc75409887,usgs:nc75409887,"7 km E of Wilkerson, CA",CA,US,2.76,md,,37.2661666870117,-118.303833007812,4.90000009536743,2026-08-03T18:55:52Z,2026-08-06T17:28:20Z,2026-08-06T17:28:20Z
usgs:ci40664922,usgs,sismo,"M -0.3 - 6 km NE of Coso Junction, CA",2026-08-01T22:58:21Z,https://earthquake.usgs.gov/earthquakes/eventpage/ci40664922,usgs:ci40664922,"6 km NE of Coso Junction, CA",CA,US,-0.34,ml,,36.0861666666667,-117.900333333333,1.6,2026-08-03T20:51:19Z,2026-08-06T17:28:20Z,2026-08-06T17:28:20Z
usgs:aka2026pdinoy,usgs,sismo,"M 2.7 - 263 km WSW of Adak, Alaska",2026-08-01T22:56:01Z,https://earthquake.usgs.gov/earthquakes/eventpage/aka2026pdinoy,usgs:aka2026pdinoy,"263 km WSW of Adak, Alaska",Alaska,US,2.7,ml,,51.102,179.777,2.1,2026-08-06T04:58:51Z,2026-08-06T17:28:20Z,2026-08-06T17:28:20Z
usgs:aka2026pdiicx,usgs,sismo,"M 1.3 - 69 km ENE of Port Alsworth, Alaska",2026-08-01T22:49:40Z,https://earthquake.usgs.gov/earthquakes/eventpage/aka2026pdiicx,usgs:aka2026pdiicx,"69 km ENE of Port Alsworth, Alaska",Alaska,US,1.3,ml,,60.337,-153.084,138.7,2026-08-06T04:57:55Z,2026-08-06T17:28:20Z,2026-08-06T17:28:20Z
usgs:aka2026pdhygm,usgs,sismo,"M 1.8 - 63 km ENE of Pedro Bay, Alaska",2026-08-01T22:38:20Z,https://earthquake.usgs.gov/earthquakes/eventpage/aka2026pdhygm,usgs:aka2026pdhygm,"63 km ENE of Pedro Bay, Alaska",Alaska,US,1.8,ml,,60.023,-153.077,127.1,2026-08-06T05:01:41Z,2026-08-06T17:28:20Z,2026-08-06T17:28:20Z
usgs:uu80146886,usgs,sismo,"M 1.2 - 14 km NE of West Yellowstone, Montana",2026-08-01T22:37:45Z,https://earthquake.usgs.gov/earthquakes/eventpage/uu80146886,usgs:uu80146886,"14 km NE of West Yellowstone, Montana",Montana,US,1.22,ml,,44.7406666666667,-110.953166666667,10.87,2026-08-03T17:50:39Z,2026-08-06T17:28:20Z,2026-08-06T17:28:20Z
usgs:ci40664914,usgs,sismo,"M 2.3 - 6 km NNE of Progreso, B.C., MX",2026-08-01T22:33:21Z,https://earthquake.usgs.gov/earthquakes/eventpage/ci40664914,usgs:ci40664914,"6 km NNE of Progreso, B.C., MX",MX,MX,2.27,ml,,32.6306666666667,-115.569,5.84,2026-08-02T16:51:04Z,2026-08-06T17:28:20Z,2026-08-06T17:28:20Z
usgs:ci40664906,usgs,sismo,"M 1.6 - 17 km SW of Lamont, CA",2026-08-01T22:30:16Z,https://earthquake.usgs.gov/earthquakes/eventpage/ci40664906,usgs:ci40664906,"17 km SW of Lamont, CA",CA,US,1.56,ml,,35.1618333333333,-119.055666666667,12.08,2026-08-02T19:46:55Z,2026-08-06T17:28:20Z,2026-08-06T17:28:20Z
usgs:us6000thid,usgs,sismo,M 4.4 - Fiji region,2026-08-01T22:29:39Z,https://earthquake.usgs.gov/earthquakes/eventpage/us6000thid,usgs:us6000thid,Fiji region,,,4.4,mb,,-20.1867,-177.9988,522.669,2026-08-01T22:47:15Z,2026-08-06T17:28:20Z,2026-08-06T17:28:20Z
usgs:uu80146881,usgs,sismo,"M 0.9 - 14 km NE of West Yellowstone, Montana",2026-08-01T22:28:07Z,https://earthquake.usgs.gov/earthquakes/eventpage/uu80146881,usgs:uu80146881,"14 km NE of West Yellowstone, Montana",Montana,US,0.87,md,,44.75,-110.963,11.6,2026-08-03T16:47:58Z,2026-08-06T17:28:20Z,2026-08-06T17:28:20Z
usgs:uu80146876,usgs,sismo,"M 0.8 - 13 km NE of West Yellowstone, Montana",2026-08-01T22:24:39Z,https://earthquake.usgs.gov/earthquakes/eventpage/uu80146876,usgs:uu80146876,"13 km NE of West Yellowstone, Montana",Montana,US,0.83,md,,44.7366666666667,-110.966166666667,11.64,2026-08-03T16:49:44Z,2026-08-06T17:28:20Z,2026-08-06T17:28:20Z
usgs:ci40664898,usgs,sismo,"M 1.8 - 16 km WNW of Progreso, B.C., MX",2026-08-01T22:10:36Z,https://earthquake.usgs.gov/earthquakes/eventpage/ci40664898,usgs:ci40664898,"16 km WNW of Progreso, B.C., MX",MX,MX,1.78,ml,,32.6426666666667,-115.742333333333,6.97,2026-08-02T18:56:26Z,2026-08-06T17:28:20Z,2026-08-06T17:28:20Z
usgs:ci40664890,usgs,sismo,"M 2.2 - 18 km NE of Avalon, CA",2026-08-01T22:10:19Z,https://earthquake.usgs.gov/earthquakes/eventpage/ci40664890,usgs:ci40664890,"18 km NE of Avalon, CA",CA,US,2.18,ml,,33.4761666666667,-118.213833333333,8.88,2026-08-02T18:20:12Z,2026-08-06T17:28:20Z,2026-08-06T17:28:20Z
usgs:ci40664882,usgs,sismo,"M 0.8 - 9 km NW of Anza, CA",2026-08-01T22:00:19Z,https://earthquake.usgs.gov/earthquakes/eventpage/ci40664882,usgs:ci40664882,"9 km NW of Anza, CA",CA,US,0.8,ml,,33.6028333333333,-116.755,10.46,2026-08-02T13:35:01Z,2026-08-06T17:28:20Z,2026-08-06T17:28:20Z
usgs:ci40664874,usgs,sismo,"M 1.6 - 16 km WNW of Progreso, B.C., MX",2026-08-01T21:56:39Z,https://earthquake.usgs.gov/earthquakes/eventpage/ci40664874,usgs:ci40664874,"16 km WNW of Progreso, B.C., MX",MX,MX,1.62,ml,,32.6343333333333,-115.741333333333,7.14,2026-08-02T19:15:03Z,2026-08-06T17:28:20Z,2026-08-06T17:28:20Z
usgs:tx2026pavkyj,usgs,sismo,"M 1.8 - 36 km NNW of Toyah, Texas",2026-08-01T21:52:22Z,https://earthquake.usgs.gov/earthquakes/eventpage/tx2026pavkyj,usgs:tx2026pavkyj,"36 km NNW of Toyah, Texas",Texas,US,1.8,ml,,31.599,-103.996,5.8435,2026-08-03T16:09:04Z,2026-08-06T17:28:20Z,2026-08-06T17:28:20Z
usgs:hv75011592,usgs,sismo,"M 2.5 - 25 km NE of Honomu, Hawaii",2026-08-01T21:40:37Z,https://earthquake.usgs.gov/earthquakes/eventpage/hv75011592,usgs:hv75011592,"25 km NE of Honomu, Hawaii",Hawaii,US,2.52,ml,,20.0285,-154.942833333333,12.27,2026-08-04T01:42:42Z,2026-08-06T17:28:20Z,2026-08-06T17:28:20Z
usgs:aka2026pdfpei,usgs,sismo,"M 1.9 - 59 km SE of Ugashik, Alaska",2026-08-01T21:27:56Z,https://earthquake.usgs.gov/earthquakes/eventpage/aka2026pdfpei,usgs:aka2026pdfpei,"59 km SE of Ugashik, Alaska",Alaska,US,1.9,ml,,57.098,-156.769,5.0,2026-08-01T21:29:25Z,2026-08-06T17:28:20Z,2026-08-06T17:28:20Z
usgs:us6000thi4,usgs,sismo,"M 4.5 - 188 km W of Abepura, Indonesia",2026-08-01T21:26:07Z,https://earthquake.usgs.gov/earthquakes/eventpage/us6000thi4,usgs:us6000thi4,"188 km W of Abepura, Indonesia",Indonesia,ID,4.5,mb,,-2.6121,138.9386,10.0,2026-08-01T23:49:55Z,2026-08-06T17:28:20Z,2026-08-06T17:28:20Z
usgs:uw714068451,usgs,sismo,"M 1.6 - 1 km ENE of Alderwood Manor, Washington",2026-08-01T21:21:05Z,https://earthquake.usgs.gov/earthquakes/eventpage/uw714068451,usgs:uw714068451,"1 km ENE of Alderwood Manor, Washington",Washington,US,1.58,ml,,47.8271666666667,-122.262333333333,22.26,2026-08-03T18:53:33Z,2026-08-06T17:28:20Z,2026-08-06T17:28:20Z
usgs:tx2026paucks,usgs,sismo,"M 2.0 - 15 km ESE of Pearsall, Texas",2026-08-01T21:11:39Z,https://earthquake.usgs.gov/earthquakes/eventpage/tx2026paucks,usgs:tx2026paucks,"15 km ESE of Pearsall, Texas",Texas,US,2.0,ml,,28.819,-98.963,7.214,2026-08-03T14:03:57Z,2026-08-06T17:28:20Z,2026-08-06T17:28:20Z
usgs:uw714068371,usgs,sismo,"M -0.5 - 7 km E of Ashford, Washington",2026-08-01T21:05:57Z,https://earthquake.usgs.gov/earthquakes/eventpage/uw714068371,usgs:uw714068371,"7 km E of Ashford, Washington",Washington,US,-0.46,md,,46.7495,-121.928166666667,4.16,2026-08-03T18:48:41Z,2026-08-06T17:28:20Z,2026-08-06T17:28:20Z
usgs:ci40664858,usgs,sismo,"M 1.5 - 6 km NNE of Progreso, B.C., MX",2026-08-01T21:02:31Z,https://earthquake.usgs.gov/earthquakes/eventpage/ci40664858,usgs:ci40664858,"6 km NNE of Progreso, B.C., MX",MX,MX,1.47,ml,,32.6333333333333,-115.565833333333,6.44,2026-08-02T20:12:04Z,2026-08-06T17:28:20Z,2026-08-06T17:28:20Z
usgs:tx2026patiqk,usgs,sismo,"M 1.6 - 58 km S of Whites City, New Mexico",2026-08-01T20:49:02Z,https://earthquake.usgs.gov/earthquakes/eventpage/tx2026patiqk,usgs:tx2026patiqk,"58 km S of Whites City, New Mexico",New Mexico,US,1.6,ml,,31.65,-104.393,6.1511,2026-08-03T16:59:07Z,2026-08-06T17:28:20Z,2026-08-06T17:28:20Z
usgs:nc75409832,usgs,sismo,"M 1.0 - 8 km SSW of Atascadero, CA",2026-08-01T20:49:02Z,https://earthquake.usgs.gov/earthquakes/eventpage/nc75409832,usgs:nc75409832,"8 km SSW of Atascadero, CA",CA,US,1.0,md,,35.4188346862793,-120.699996948242,6.75,2026-08-01T20:50:45Z,2026-08-06T17:28:20Z,2026-08-06T17:28:20Z
usgs:tx2026pateev,usgs,sismo,"M 1.1 - 12 km W of Forsan, Texas",2026-08-01T20:43:38Z,https://earthquake.usgs.gov/earthquakes/eventpage/tx2026pateev,usgs:tx2026pateev,"12 km W of Forsan, Texas",Texas,US,1.1,ml,,32.099,-101.498,8.6182,2026-08-03T21:37:19Z,2026-08-06T17:28:20Z,2026-08-06T17:28:20Z
usgs:nc75409822,usgs,sismo,"M 1.6 - 0 km SSE of Albany, CA",2026-08-01T20:42:20Z,https://earthquake.usgs.gov/earthquakes/eventpage/nc75409822,usgs:nc75409822,"0 km SSE of Albany, CA",CA,US,1.63,md,,37.8851661682129,-122.297164916992,7.07999992370605,2026-08-01T21:17:23Z,2026-08-06T17:28:20Z,2026-08-06T17:28:20Z
usgs:ci40664850,usgs,sismo,"M 2.4 - 6 km NNE of Progreso, B.C., MX",2026-08-01T20:41:55Z,https://earthquake.usgs.gov/earthquakes/eventpage/ci40664850,usgs:ci40664850,"6 km NNE of Progreso, B.C., MX",MX,MX,2.43,ml,,32.6295,-115.560833333333,7.66,2026-08-02T15:04:15Z,2026-08-06T17:28:20Z,2026-08-06T17:28:20Z
usgs:mb90204043,usgs,sismo,"M 0.5 - 17 km W of Hebgen Lake Estates, Montana",2026-08-01T20:40:50Z,https://earthquake.usgs.gov/earthquakes/eventpage/mb90204043,usgs:mb90204043,"17 km W of Hebgen Lake Estates, Montana",Montana,US,0.47,ml,,44.7938333333333,-111.4045,5.25,2026-08-05T14:37:22Z,2026-08-06T17:28:20Z,2026-08-06T17:28:20Z
usgs:aka2026pddzte,usgs,sismo,"M 2.6 - 38 km WNW of Ninilchik, Alaska",2026-08-01T20:40:05Z,https://earthquake.usgs.gov/earthquakes/eventpage/aka2026pddzte,usgs:aka2026pddzte,"38 km WNW of Ninilchik, Alaska",Alaska,US,2.6,ml,,60.208,-152.282,95.3,2026-08-06T04:54:21Z,2026-08-06T17:28:20Z,2026-08-06T17:28:20Z
usgs:ci40664842,usgs,sismo,"M 1.0 - 17 km NNE of Indio, CA",2026-08-01T20:38:06Z,https://earthquake.usgs.gov/earthquakes/eventpage/ci40664842,usgs:ci40664842,"17 km NNE of Indio, CA",CA,US,0.95,ml,,33.8726666666667,-116.174333333333,3.07,2026-08-02T13:35:32Z,2026-08-06T17:28:20Z,2026-08-06T17:28:20Z
usgs:pr71526963,usgs,sismo,"M 3.4 - 48 km N of Charlotte Amalie, U.S. Virgin Islands",2026-08-01T20:37:47Z,https://earthquake.usgs.gov/earthquakes/eventpage/pr71526963,usgs:pr71526963,"48 km N of Charlotte Amalie, U.S. Virgin Islands",U.S. Virgin Islands,VI,3.37,md,,18.7776666666667,-64.937,7.0,2026-08-01T21:32:35Z,2026-08-06T17:28:20Z,2026-08-06T17:28:20Z
usgs:aka2026pddher,usgs,sismo,"M 0.5 - 82 km NW of Karluk, Alaska",2026-08-01T20:18:42Z,https://earthquake.usgs.gov/earthquakes/eventpage/aka2026pddher,usgs:aka2026pddher,"82 km NW of Karluk, Alaska",Alaska,US,0.5,ml,,58.164,-155.279,5.0,2026-08-02T22:45:51Z,2026-08-06T17:28:20Z,2026-08-06T17:28:20Z
usgs:aka2026pddfaz,usgs,sismo,"M 1.6 - 56 km SE of Pedro Bay, Alaska",2026-08-01T20:16:15Z,https://earthquake.usgs.gov/earthquakes/eventpage/aka2026pddfaz,usgs:aka2026pddfaz,"56 km SE of Pedro Bay, Alaska",Alaska,US,1.6,ml,,59.449,-153.356,125.7,2026-08-06T04:49:56Z,2026-08-06T17:28:20Z,2026-08-06T17:28:20Z
usgs:uw714068221,usgs,sismo,"M 1.1 - 8 km NNE of Government Camp, Oregon",2026-08-01T20:15:41Z,https://earthquake.usgs.gov/earthquakes/eventpage/uw714068221,usgs:uw714068221,"8 km NNE of Government Camp, Oregon",Oregon,US,1.09,md,,45.3726666666667,-121.699166666667,0.88,2026-08-03T18:38:32Z,2026-08-06T17:28:20Z,2026-08-06T17:28:20Z
usgs:pr71526988,usgs,sismo,"M 3.0 - 44 km N of Charlotte Amalie, U.S. Virgin Islands",2026-08-01T20:08:28Z,https://earthquake.usgs.gov/earthquakes/eventpage/pr71526988,usgs:pr71526988,"44 km N of Charlotte Amalie, U.S. Virgin Islands",U.S. Virgin Islands,VI,3.01,md,,18.747,-64.9308333333333,17.25,2026-08-01T21:28:46Z,2026-08-06T17:28:20Z,2026-08-06T17:28:20Z
usgs:aka2026pdcynb,usgs,sismo,"M 3.3 - 235 km ESE of Attu Station, Alaska",2026-08-01T20:08:20Z,https://earthquake.usgs.gov/earthquakes/eventpage/aka2026pdcynb,usgs:aka2026pdcynb,"235 km ESE of Attu Station, Alaska",Alaska,US,3.3,ml,,51.795,176.181,5.0,2026-08-06T04:47:57Z,2026-08-06T17:28:20Z,2026-08-06T17:28:20Z
usgs:ci40664834,usgs,sismo,"M 0.6 - 13 km NE of Ridgecrest, CA",2026-08-01T20:05:18Z,https://earthquake.usgs.gov/earthquakes/eventpage/ci40664834,usgs:ci40664834,"13 km NE of Ridgecrest, CA",CA,US,0.57,ml,,35.7016666666667,-117.564666666667,2.27,2026-08-02T13:35:36Z,2026-08-06T17:28:20Z,2026-08-06T17:28:20Z
usgs:tx2026parwxe,usgs,sismo,"M 1.0 - 16 km NE of Midland, Texas",2026-08-01T20:04:58Z,https://earthquake.usgs.gov/earthquakes/eventpage/tx2026parwxe,usgs:tx2026parwxe,"16 km NE of Midland, Texas",Texas,US,1.0,ml,,32.11,-101.963,7.251,2026-08-04T16:59:03Z,2026-08-06T17:28:20Z,2026-08-06T17:28:20Z
usgs:us6000thhr,usgs,sismo,"M 5.2 - 160 km SSW of Severo-Kuril’sk, Russia",2026-08-01T20:02:46Z,https://earthquake.usgs.gov/earthquakes/eventpage/us6000thhr,usgs:us6000thhr,"160 km SSW of Severo-Kuril’sk, Russia",Russia,RU,5.2,mb,,49.3239,155.327,49.724,2026-08-01T20:22:22Z,2026-08-06T17:28:20Z,2026-08-06T17:28:20Z
usgs:aka2026pdcrxg,usgs,sismo,"M 3.7 - 233 km ESE of Attu Station, Alaska",2026-08-01T20:01:03Z,https://earthquake.usgs.gov/earthquakes/eventpage/aka2026pdcrxg,usgs:aka2026pdcrxg,"233 km ESE of Attu Station, Alaska",Alaska,US,3.7,ml,,51.851,176.199,16.1,2026-08-06T04:47:33Z,2026-08-06T17:28:20Z,2026-08-06T17:28:20Z
usgs:pr2026213000,usgs,sismo,"M 4.1 - 49 km N of Charlotte Amalie, U.S. Virgin Islands",2026-08-01T20:00:41Z,https://earthquake.usgs.gov/earthquakes/eventpage/pr2026213000,usgs:pr2026213000,"49 km N of Charlotte Amalie, U.S. Virgin Islands",U.S. Virgin Islands,VI,4.07,md,,18.7861,-64.9225,19.0,2026-08-02T00:03:11Z,2026-08-06T17:28:20Z,2026-08-06T17:28:20Z
usgs:nc75409797,usgs,sismo,"M 1.8 - 17 km SE of Petrolia, CA",2026-08-01T19:59:40Z,https://earthquake.usgs.gov/earthquakes/eventpage/nc75409797,usgs:nc75409797,"17 km SE of Petrolia, CA",CA,US,1.8,md,,40.214168548584,-124.141998291016,14.4200000762939,2026-08-01T20:32:20Z,2026-08-06T17:28:20Z,2026-08-06T17:28:20Z
usgs:ci40664826,usgs,sismo,"M 1.2 - 15 km WSW of Searles Valley, CA",2026-08-01T19:39:41Z,https://earthquake.usgs.gov/earthquakes/eventpage/ci40664826,usgs:ci40664826,"15 km WSW of Searles Valley, CA",CA,US,1.24,ml,,35.7291666666667,-117.561,2.58,2026-08-02T13:35:48Z,2026-08-06T17:28:20Z,2026-08-06T17:28:20Z
usgs:av94350828,usgs,sismo,"M -0.8 - 79 km NW of Ninilchik, Alaska",2026-08-01T19:35:02Z,https://earthquake.usgs.gov/earthquakes/eventpage/av94350828,usgs:av94350828,"79 km NW of Ninilchik, Alaska",Alaska,US,-0.76,ml,,60.5031666666667,-152.769,2.0,2026-08-02T21:45:17Z,2026-08-06T17:28:20Z,2026-08-06T17:28:20Z
usgs:aka2026pdbsqw,usgs,sismo,"M 3.1 - 49 km SSW of Adak, Alaska",2026-08-01T19:31:59Z,https://earthquake.usgs.gov/earthquakes/eventpage/aka2026pdbsqw,usgs:aka2026pdbsqw,"49 km SSW of Adak, Alaska",Alaska,US,3.1,ml,,51.48,-176.981,52.9,2026-08-06T04:45:00Z,2026-08-06T17:28:20Z,2026-08-06T17:28:20Z
usgs:tx2026paqngl,usgs,sismo,"M 0.9 - 24 km SW of Garden City, Texas",2026-08-01T19:23:54Z,https://earthquake.usgs.gov/earthquakes/eventpage/tx2026paqngl,usgs:tx2026paqngl,"24 km SW of Garden City, Texas",Texas,US,0.9,ml,,31.727,-101.685,8.8379,2026-08-04T17:04:35Z,2026-08-06T17:28:20Z,2026-08-06T17:28:20Z
usgs:uu80146861,usgs,sismo,"M 1.3 - 51 km SE of Mammoth, Wyoming",2026-08-01T19:22:01Z,https://earthquake.usgs.gov/earthquakes/eventpage/uu80146861,usgs:uu80146861,"51 km SE of Mammoth, Wyoming",Wyoming,US,1.28,ml,,44.599,-110.3215,5.22,2026-08-03T16:45:06Z,2026-08-06T17:28:20Z,2026-08-06T17:28:20Z
usgs:tx2026paqhue,usgs,sismo,"M 1.5 - 14 km SE of Pearsall, Texas",2026-08-01T19:17:11Z,https://earthquake.usgs.gov/earthquakes/eventpage/tx2026paqhue,usgs:tx2026paqhue,"14 km SE of Pearsall, Texas",Texas,US,1.5,ml,,28.806,-98.986,6.7433,2026-08-04T18:58:29Z,2026-08-06T17:28:20Z,2026-08-06T17:28:20Z
usgs:nc75409777,usgs,sismo,"M 1.3 - 4 km NNW of The Geysers, CA",2026-08-01T19:16:50Z,https://earthquake.usgs.gov/earthquakes/eventpage/nc75409777,usgs:nc75409777,"4 km NNW of The Geysers, CA",CA,US,1.27,md,,38.8061676025391,-122.776664733887,2.49000000953674,2026-08-01T20:07:20Z,2026-08-06T17:28:20Z,2026-08-06T17:28:20Z
usgs:aka2026pdbemm,usgs,sismo,"M 2.3 - 81 km SSE of Adak, Alaska",2026-08-01T19:15:36Z,https://earthquake.usgs.gov/earthquakes/eventpage/aka2026pdbemm,usgs:aka2026pdbemm,"81 km SSE of Adak, Alaska",Alaska,US,2.3,ml,,51.185,-176.255,16.1,2026-08-06T04:43:57Z,2026-08-06T17:28:20Z,2026-08-06T17:28:20Z
usgs:ci10247574,usgs,sismo,"M 0.4 - 2 km SSE of San Jacinto, CA",2026-08-01T19:13:25Z,https://earthquake.usgs.gov/earthquakes/eventpage/ci10247574,usgs:ci10247574,"2 km SSE of San Jacinto, CA",CA,US,0.39,ml,,33.7671666666667,-116.952,13.99,2026-08-02T19:57:55Z,2026-08-06T17:28:20Z,2026-08-06T17:28:20Z
usgs:us6000thhk,usgs,sismo,"M 5.2 - 48 km ESE of Tsunō, Japan",2026-08-01T19:10:52Z,https://earthquake.usgs.gov/earthquakes/eventpage/us6000thhk,usgs:us6000thhk,"48 km ESE of Tsunō, Japan",Japan,JP,5.2,mww,,32.0078,131.9999,26.229,2026-08-03T13:31:58Z,2026-08-06T17:28:20Z,2026-08-06T17:28:20Z
usgs:uu80146856,usgs,sismo,"M 1.4 - 13 km NE of Milford, Utah",2026-08-01T19:09:35Z,https://earthquake.usgs.gov/earthquakes/eventpage/uu80146856,usgs:uu80146856,"13 km NE of Milford, Utah",Utah,US,1.4,md,,38.482,-112.902833333333,3.08,2026-08-03T17:41:22Z,2026-08-06T17:28:20Z,2026-08-06T17:28:20Z
usgs:nc75409767,usgs,sismo,"M 1.1 - 7 km SE of Cloverdale, CA",2026-08-01T19:07:42Z,https://earthquake.usgs.gov/earthquakes/eventpage/nc75409767,usgs:nc75409767,"7 km SE of Cloverdale, CA",CA,US,1.06,md,,38.7686653137207,-122.947830200195,3.57999992370605,2026-08-01T19:09:21Z,2026-08-06T17:28:20Z,2026-08-06T17:28:20Z
usgs:nc75409762,usgs,sismo,"M 1.1 - 8 km ESE of Cloverdale, CA",2026-08-01T19:02:22Z,https://earthquake.usgs.gov/earthquakes/eventpage/nc75409762,usgs:nc75409762,"8 km ESE of Cloverdale, CA",CA,US,1.13,md,,38.7714996337891,-122.938003540039,4.26999998092651,2026-08-01T19:37:22Z,2026-08-06T17:28:20Z,2026-08-06T17:28:20Z
usgs:av93065244,usgs,sismo,"M -0.1 - 74 km NNE of Chignik Lagoon, Alaska",2026-08-01T18:59:45Z,https://earthquake.usgs.gov/earthquakes/eventpage/av93065244,usgs:av93065244,"74 km NNE of Chignik Lagoon, Alaska",Alaska,US,-0.14,ml,,56.9593333333333,-158.246833333333,17.46,2026-08-02T22:29:50Z,2026-08-06T17:28:20Z,2026-08-06T17:28:20Z
usgs:aka2026pdanmx,usgs,sismo,"M 1.5 - 106 km N of Yakutat, Alaska",2026-08-01T18:56:22Z,https://earthquake.usgs.gov/earthquakes/eventpage/aka2026pdanmx,usgs:aka2026pdanmx,"106 km N of Yakutat, Alaska",Alaska,US,1.5,ml,,60.505,-139.653,2.1,2026-08-06T04:41:40Z,2026-08-06T17:28:20Z,2026-08-06T17:28:20Z
usgs:ci40664810,usgs,sismo,"M 0.8 - 17 km ESE of Anza, CA",2026-08-01T18:55:46Z,https://earthquake.usgs.gov/earthquakes/eventpage/ci40664810,usgs:ci40664810,"17 km ESE of Anza, CA",CA,US,0.78,ml,,33.5,-116.506333333333,12.92,2026-08-02T13:35:55Z,2026-08-06T17:28:20Z,2026-08-06T17:28:20Z
usgs:av93065239,usgs,sismo,"M -0.9 - 68 km NNE of Chignik, Alaska",2026-08-01T18:55:40Z,https://earthquake.usgs.gov/earthquakes/eventpage/av93065239,usgs:av93065239,"68 km NNE of Chignik, Alaska",Alaska,US,-0.85,ml,,56.8895,-158.115,12.54,2026-08-02T22:32:20Z,2026-08-06T17:28:20Z,2026-08-06T17:28:20Z
usgs:av93065229,usgs,sismo,"M -0.9 - 67 km NNE of Chignik, Alaska",2026-08-01T18:51:59Z,https://earthquake.usgs.gov/earthquakes/eventpage/av93065229,usgs:av93065229,"67 km NNE of Chignik, Alaska",Alaska,US,-0.89,ml,,56.8838333333333,-158.152166666667,10.92,2026-08-02T21:53:49Z,2026-08-06T17:28:20Z,2026-08-06T17:28:20Z
usgs:ci40664802,usgs,sismo,"M 0.7 - 16 km SE of Anza, CA",2026-08-01T18:48:05Z,https://earthquake.usgs.gov/earthquakes/eventpage/ci40664802,usgs:ci40664802,"16 km SE of Anza, CA",CA,US,0.65,ml,,33.4615,-116.544166666667,10.6,2026-08-02T13:37:08Z,2026-08-06T17:28:20Z,2026-08-06T17:28:20Z
usgs:hv75011557,usgs,sismo,"M 2.0 - 19 km ESE of Pāhala, Hawaii",2026-08-01T18:44:05Z,https://earthquake.usgs.gov/earthquakes/eventpage/hv75011557,usgs:hv75011557,"19 km ESE of Pāhala, Hawaii",Hawaii,US,1.98,md,,19.1313333333333,-155.310833333333,40.82,2026-08-04T01:32:11Z,2026-08-06T17:28:20Z,2026-08-06T17:28:20Z
usgs:ci40664794,usgs,sismo,"M 0.8 - 26 km ENE of Pine Valley, CA",2026-08-01T18:42:24Z,https://earthquake.usgs.gov/earthquakes/eventpage/ci40664794,usgs:ci40664794,"26 km ENE of Pine Valley, CA",CA,US,0.8,ml,,32.9078333333333,-116.2715,12.77,2026-08-02T13:42:17Z,2026-08-06T17:28:20Z,2026-08-06T17:28:20Z
usgs:aka2026pczsck,usgs,sismo,"M 2.6 - 18 km SW of Point Possession, Alaska",2026-08-01T18:31:21Z,https://earthquake.usgs.gov/earthquakes/eventpage/aka2026pczsck,usgs:aka2026pczsck,"18 km SW of Point Possession, Alaska",Alaska,US,2.6,ml,,60.792,-150.906,60.1,2026-08-06T04:40:03Z,2026-08-06T17:28:20Z,2026-08-06T17:28:20Z
usgs:nc75409752,usgs,sismo,"M 1.3 - 8 km ESE of Cloverdale, CA",2026-08-01T18:27:56Z,https://earthquake.usgs.gov/earthquakes/eventpage/nc75409752,usgs:nc75409752,"8 km ESE of Cloverdale, CA",CA,US,1.34,md,,38.7743339538574,-122.932502746582,4.09999990463257,2026-08-01T19:07:20Z,2026-08-06T17:28:20Z,2026-08-06T17:28:20Z
usgs:ci40664786,usgs,sismo,"M 1.5 - 19 km NNE of Indio, CA",2026-08-01T18:26:56Z,https://earthquake.usgs.gov/earthquakes/eventpage/ci40664786,usgs:ci40664786,"19 km NNE of Indio, CA",CA,US,1.45,ml,,33.8886666666667,-116.167166666667,5.42,2026-08-02T13:37:02Z,2026-08-06T17:28:20Z,2026-08-06T17:28:20Z
usgs:av94350728,usgs,sismo,"M 0.2 - 88 km W of Salamatof, Alaska",2026-08-01T18:25:15Z,https://earthquake.usgs.gov/earthquakes/eventpage/av94350728,usgs:av94350728,"88 km W of Salamatof, Alaska",Alaska,US,0.18,ml,,60.6158333333333,-152.933166666667,6.37,2026-08-02T21:40:17Z,2026-08-06T17:28:20Z,2026-08-06T17:28:20Z
usgs:aka2026pcyyjn,usgs,sismo,"M 1.6 - 87 km NNW of Aleneva, Alaska",2026-08-01T18:08:38Z,https://earthquake.usgs.gov/earthquakes/eventpage/aka2026pcyyjn,usgs:aka2026pcyyjn,"87 km NNW of Aleneva, Alaska",Alaska,US,1.6,ml,,58.825,-153.27,73.2,2026-08-06T04:36:37Z,2026-08-06T17:28:20Z,2026-08-06T17:28:20Z
usgs:tx2026panzks,usgs,sismo,"M 1.6 - 13 km SE of Pearsall, Texas",2026-08-01T18:07:06Z,https://earthquake.usgs.gov/earthquakes/eventpage/tx2026panzks,usgs:tx2026panzks,"13 km SE of Pearsall, Texas",Texas,US,1.6,ml,,28.809,-98.989,6.3231,2026-08-04T17:52:47Z,2026-08-06T17:28:20Z,2026-08-06T17:28:20Z
usgs:tx2026panzfe,usgs,sismo,"M 1.7 - 49 km NW of Toyah, Texas",2026-08-01T18:06:54Z,https://earthquake.usgs.gov/earthquakes/eventpage/tx2026panzfe,usgs:tx2026panzfe,"49 km NW of Toyah, Texas",Texas,US,1.7,ml,,31.633,-104.166,2.1265,2026-08-03T16:27:21Z,2026-08-06T17:28:20Z,2026-08-06T17:28:20Z
usgs:ci40664778,usgs,sismo,"M 1.0 - 2 km E of Progreso, B.C., MX",2026-08-01T17:55:13Z,https://earthquake.usgs.gov/earthquakes/eventpage/ci40664778,usgs:ci40664778,"2 km E of Progreso, B.C., MX",MX,MX,1.04,ml,,32.581,-115.559166666667,4.93,2026-08-03T19:33:04Z,2026-08-06T17:28:20Z,2026-08-06T17:28:20Z
usgs:ci40664770,usgs,sismo,"M 1.5 - 17 km W of Simmler, CA",2026-08-01T17:41:57Z,https://earthquake.usgs.gov/earthquakes/eventpage/ci40664770,usgs:ci40664770,"17 km W of Simmler, CA",CA,US,1.48,ml,,35.3253333333333,-120.187166666667,4.18,2026-08-02T13:36:41Z,2026-08-06T17:28:20Z,2026-08-06T17:28:20Z
usgs:ci40664762,usgs,sismo,"M 0.9 - 10 km N of Banning, CA",2026-08-01T17:36:30Z,https://earthquake.usgs.gov/earthquakes/eventpage/ci40664762,usgs:ci40664762,"10 km N of Banning, CA",CA,US,0.93,ml,,34.0143333333333,-116.857833333333,18.11,2026-08-02T13:42:32Z,2026-08-06T17:28:20Z,2026-08-06T17:28:20Z
usgs:uu80146851,usgs,sismo,"M 0.9 - 4 km N of New Harmony, Utah",2026-08-01T17:35:31Z,https://earthquake.usgs.gov/earthquakes/eventpage/uu80146851,usgs:uu80146851,"4 km N of New Harmony, Utah",Utah,US,0.9,ml,,37.5185,-113.317333333333,3.8,2026-08-03T14:22:10Z,2026-08-06T17:28:20Z,2026-08-06T17:28:20Z
usgs:ci40664754,usgs,sismo,"M 1.2 - 12 km E of Desert Hot Springs, CA",2026-08-01T17:32:38Z,https://earthquake.usgs.gov/earthquakes/eventpage/ci40664754,usgs:ci40664754,"12 km E of Desert Hot Springs, CA",CA,US,1.2,ml,,33.9561666666667,-116.374,5.8,2026-08-02T13:38:15Z,2026-08-06T17:28:20Z,2026-08-06T17:28:20Z
usgs:nc75409737,usgs,sismo,"M 1.0 - 6 km W of Cobb, CA",2026-08-01T17:30:21Z,https://earthquake.usgs.gov/earthquakes/eventpage/nc75409737,usgs:nc75409737,"6 km W of Cobb, CA",CA,US,1.02,md,,38.8328323364258,-122.793502807617,1.77999997138977,2026-08-01T17:31:55Z,2026-08-06T17:28:20Z,2026-08-06T17:28:20Z
usgs:uu80146846,usgs,sismo,"M 0.5 - 52 km SSW of Silver Gate, Montana",2026-08-01T17:20:44Z,https://earthquake.usgs.gov/earthquakes/eventpage/uu80146846,usgs:uu80146846,"52 km SSW of Silver Gate, Montana",Montana,US,0.52,md,,44.5923333333333,-110.309666666667,2.46,2026-08-03T14:01:49Z,2026-08-06T17:28:20Z,2026-08-06T17:28:20Z
usgs:nc75409727,usgs,sismo,"M 1.0 - 3 km ENE of Larkfield-Wikiup, CA",2026-08-01T17:14:48Z,https://earthquake.usgs.gov/earthquakes/eventpage/nc75409727,usgs:nc75409727,"3 km ENE of Larkfield-Wikiup, CA",CA,US,1.04,md,,38.52783203125,-122.71516418457,8.46000003814697,2026-08-01T17:16:26Z,2026-08-06T17:28:20Z,2026-08-06T17:28:20Z
usgs:nc75409722,usgs,sismo,"M 1.0 - 7 km W of Cobb, CA",2026-08-01T17:12:43Z,https://earthquake.usgs.gov/earthquakes/eventpage/nc75409722,usgs:nc75409722,"7 km W of Cobb, CA",CA,US,1.03,md,,38.8315010070801,-122.808334350586,2.20000004768372,2026-08-01T17:14:21Z,2026-08-06T17:28:20Z,2026-08-06T17:28:20Z
usgs:av94350583,usgs,sismo,"M 0.4 - 14 km N of Atka, Alaska",2026-08-01T17:00:39Z,https://earthquake.usgs.gov/earthquakes/eventpage/av94350583,usgs:av94350583,"14 km N of Atka, Alaska",Alaska,US,0.44,ml,,52.3281666666667,-174.171,6.23,2026-08-02T21:27:17Z,2026-08-06T17:28:20Z,2026-08-06T17:28:20Z
usgs:uw714067971,usgs,sismo,"M 1.5 - 5 km WSW of Mercer Island, Washington",2026-08-01T17:00:33Z,https://earthquake.usgs.gov/earthquakes/eventpage/uw714067971,usgs:uw714067971,"5 km WSW of Mercer Island, Washington",Washington,US,1.51,ml,,47.5458333333333,-122.2795,25.76,2026-08-03T18:34:33Z,2026-08-06T17:28:20Z,2026-08-06T17:28:20Z
usgs:nc75409717,usgs,sismo,"M 0.7 - 7 km NW of The Geysers, CA",2026-08-01T16:55:47Z,https://earthquake.usgs.gov/earthquakes/eventpage/nc75409717,usgs:nc75409717,"7 km NW of The Geysers, CA",CA,US,0.69,md,,38.8208351135254,-122.811668395996,3.11999988555908,2026-08-01T16:57:26Z,2026-08-06T17:28:20Z,2026-08-06T17:28:20Z
usgs:ci40664738,usgs,sismo,"M 3.2 - 17 km E of Desert Hot Springs, CA",2026-08-01T16:51:06Z,https://earthquake.usgs.gov/earthquakes/eventpage/ci40664738,usgs:ci40664738,"17 km E of Desert Hot Springs, CA",CA,US,3.22,ml,,33.9781666666667,-116.322,8.18,2026-08-02T14:41:04Z,2026-08-06T17:28:20Z,2026-08-06T17:28:20Z
usgs:nn00922691,usgs,sismo,"M 1.8 - 20 km ESE of Silver Springs, Nevada",2026-08-01T16:45:50Z,https://earthquake.usgs.gov/earthquakes/eventpage/nn00922691,usgs:nn00922691,"20 km ESE of Silver Springs, Nevada",Nevada,US,1.78,ml,,39.3482,-119.0063,8.0467,2026-08-03T19:12:05Z,2026-08-06T17:28:20Z,2026-08-06T17:28:20Z
usgs:aka2026pcwcaa,usgs,sismo,"M 1.7 - 52 km WSW of Cantwell, Alaska",2026-08-01T16:42:49Z,https://earthquake.usgs.gov/earthquakes/eventpage/aka2026pcwcaa,usgs:aka2026pcwcaa,"52 km WSW of Cantwell, Alaska",Alaska,US,1.7,ml,,63.258,-149.948,100.6,2026-08-06T04:33:54Z,2026-08-06T17:28:20Z,2026-08-06T17:28:20Z
usgs:aka2026pcwaef,usgs,sismo,"M 1.7 - 29 km N of Skwentna, Alaska",2026-08-01T16:40:42Z,https://earthquake.usgs.gov/earthquakes/eventpage/aka2026pcwaef,usgs:aka2026pcwaef,"29 km N of Skwentna, Alaska",Alaska,US,1.7,ml,,62.255,-151.414,85.4,2026-08-06T04:30:41Z,2026-08-06T17:28:20Z,2026-08-06T17:28:20Z
usgs:ci40664730,usgs,sismo,"M 1.2 - 15 km SW of Searles Valley, CA",2026-08-01T16:40:22Z,https://earthquake.usgs.gov/earthquakes/eventpage/ci40664730,usgs:ci40664730,"15 km SW of Searles Valley, CA",CA,US,1.2,ml,,35.689,-117.533,7.11,2026-08-02T13:37:26Z,2026-08-06T17:28:20Z,2026-08-06T17:28:20Z
usgs:tx2026palcal,usgs,sismo,"M 1.8 - 12 km SE of Pearsall, Texas",2026-08-01T16:39:37Z,https://earthquake.usgs.gov/earthquakes/eventpage/tx2026palcal,usgs:tx2026palcal,"12 km SE of Pearsall, Texas",Texas,US,1.8,ml,,28.826,-98.991,8.4144,2026-08-03T20:22:34Z,2026-08-06T17:28:20Z,2026-08-06T17:28:20Z
usgs:nc75409702,usgs,sismo,"M 1.7 - 22 km SW of New Idria, CA",2026-08-01T16:37:29Z,https://earthquake.usgs.gov/earthquakes/eventpage/nc75409702,usgs:nc75409702,"22 km SW of New Idria, CA",CA,US,1.67,md,,36.2676658630371,-120.838668823242,7.8600001335144,2026-08-01T17:27:23Z,2026-08-06T17:28:20Z,2026-08-06T17:28:20Z
usgs:aka2026pcvwbf,usgs,sismo,"M 3.7 - 233 km ESE of Attu Station, Alaska",2026-08-01T16:35:55Z,https://earthquake.usgs.gov/earthquakes/eventpage/aka2026pcvwbf,usgs:aka2026pcvwbf,"233 km ESE of Attu Station, Alaska",Alaska,US,3.7,ml,,51.894,176.242,5.0,2026-08-06T02:53:06Z,2026-08-06T17:28:20Z,2026-08-06T17:28:20Z
usgs:uw714067901,usgs,sismo,"M 1.0 - 11 km NNE of Mossyrock, Washington",2026-08-01T16:33:48Z,https://earthquake.usgs.gov/earthquakes/eventpage/uw714067901,usgs:uw714067901,"11 km NNE of Mossyrock, Washington",Washington,US,1.03,ml,,46.6191666666667,-122.422833333333,21.24,2026-08-03T18:28:43Z,2026-08-06T17:28:20Z,2026-08-06T17:28:20Z
usgs:nn00922689,usgs,sismo,"M 2.4 - 31 km SE of Mina, Nevada",2026-08-01T16:31:02Z,https://earthquake.usgs.gov/earthquakes/eventpage/nn00922689,usgs:nn00922689,"31 km SE of Mina, Nevada",Nevada,US,2.42,ml,,38.1823,-117.8664,11.785,2026-08-03T18:23:52Z,2026-08-06T17:28:20Z,2026-08-06T17:28:20Z
usgs:aka2026pcvmvd,usgs,sismo,"M 2.3 - 140 km WSW of Adak, Alaska",2026-08-01T16:25:26Z,https://earthquake.usgs.gov/earthquakes/eventpage/aka2026pcvmvd,usgs:aka2026pcvmvd,"140 km WSW of Adak, Alaska",Alaska,US,2.3,ml,,51.308,-178.441,22.3,2026-08-06T02:34:48Z,2026-08-06T17:28:20Z,2026-08-06T17:28:20Z
usgs:ci40664698,usgs,sismo,"M 1.5 - 5 km NNE of Progreso, B.C., MX",2026-08-01T16:19:34Z,https://earthquake.usgs.gov/earthquakes/eventpage/ci40664698,usgs:ci40664698,"5 km NNE of Progreso, B.C., MX",MX,MX,1.45,ml,,32.6238333333333,-115.568,3.77,2026-08-03T19:22:56Z,2026-08-06T17:28:20Z,2026-08-06T17:28:20Z
usgs:aka2026pcvcqe,usgs,sismo,"M 2.1 - 64 km SSW of Adak, Alaska",2026-08-01T16:13:34Z,https://earthquake.usgs.gov/earthquakes/eventpage/aka2026pcvcqe,usgs:aka2026pcvcqe,"64 km SSW of Adak, Alaska",Alaska,US,2.1,ml,,51.374,-177.101,31.5,2026-08-06T02:32:02Z,2026-08-06T17:28:20Z,2026-08-06T17:28:20Z
usgs:av94350483,usgs,sismo,"M 0.2 - 94 km WNW of Aleneva, Alaska",2026-08-01T16:08:52Z,https://earthquake.usgs.gov/earthquakes/eventpage/av94350483,usgs:av94350483,"94 km WNW of Aleneva, Alaska",Alaska,US,0.18,ml,,58.4148333333333,-154.367333333333,4.38,2026-08-02T21:24:16Z,2026-08-06T17:28:20Z,2026-08-06T17:28:20Z
usgs:aka2026pcuxyl,usgs,sismo,"M 2.5 - 96 km SSE of Sand Point, Alaska",2026-08-01T16:08:05Z,https://earthquake.usgs.gov/earthquakes/eventpage/aka2026pcuxyl,usgs:aka2026pcuxyl,"96 km SSE of Sand Point, Alaska",Alaska,US,2.5,ml,,54.486,-160.177,3.8,2026-08-06T02:30:34Z,2026-08-06T17:28:20Z,2026-08-06T17:28:20Z
usgs:nc75409682,usgs,sismo,"M 0.7 - 7 km NW of The Geysers, CA",2026-08-01T16:07:50Z,https://earthquake.usgs.gov/earthquakes/eventpage/nc75409682,usgs:nc75409682,"7 km NW of The Geysers, CA",CA,US,0.73,md,,38.8211669921875,-122.811332702637,3.09999990463257,2026-08-01T16:09:25Z,2026-08-06T17:28:20Z,2026-08-06T17:28:20Z
usgs:us6000thgz,usgs,sismo,"M 4.6 - 14 km WSW of Honmachi, Japan",2026-08-01T16:07:21Z,https://earthquake.usgs.gov/earthquakes/eventpage/us6000thgz,usgs:us6000thgz,"14 km WSW of Honmachi, Japan",Japan,JP,4.6,mb,,32.4488,130.4599,10.0,2026-08-01T22:19:05Z,2026-08-06T17:28:20Z,2026-08-06T17:28:20Z
usgs:aka2026pcuvpj,usgs,sismo,"M 0.9 - 88 km WNW of Aleneva, Alaska",2026-08-01T16:05:27Z,https://earthquake.usgs.gov/earthquakes/eventpage/aka2026pcuvpj,usgs:aka2026pcuvpj,"88 km WNW of Aleneva, Alaska",Alaska,US,0.9,ml,,58.42,-154.247,5.0,2026-08-02T21:19:17Z,2026-08-06T17:28:20Z,2026-08-06T17:28:20Z
usgs:aka2026pcureq,usgs,sismo,"M 1.7 - 86 km SW of Nanwalek, Alaska",2026-08-01T16:00:22Z,https://earthquake.usgs.gov/earthquakes/eventpage/aka2026pcureq,usgs:aka2026pcureq,"86 km SW of Nanwalek, Alaska",Alaska,US,1.7,ml,,58.887,-153.122,69.0,2026-08-06T02:29:09Z,2026-08-06T17:28:20Z,2026-08-06T17:28:20Z
usgs:uu80146836,usgs,sismo,"M 0.5 - 14 km NNE of West Yellowstone, Montana",2026-08-01T15:57:52Z,https://earthquake.usgs.gov/earthquakes/eventpage/uu80146836,usgs:uu80146836,"14 km NNE of West Yellowstone, Montana",Montana,US,0.52,ml,,44.7721666666667,-111.003833333333,7.65,2026-08-03T13:10:47Z,2026-08-06T17:28:20Z,2026-08-06T17:28:20Z
usgs:us6000thgx,usgs,sismo,M 5.1 - south of the Fiji Islands,2026-08-01T15:51:11Z,https://earthquake.usgs.gov/earthquakes/eventpage/us6000thgx,usgs:us6000thgx,south of the Fiji Islands,,,5.1,mww,,-24.3942,-176.7959,69.752,2026-08-01T16:10:25Z,2026-08-06T17:28:20Z,2026-08-06T17:28:20Z
usgs:ci40664690,usgs,sismo,"M 0.8 - 9 km NNE of Borrego Springs, CA",2026-08-01T15:49:07Z,https://earthquake.usgs.gov/earthquakes/eventpage/ci40664690,usgs:ci40664690,"9 km NNE of Borrego Springs, CA",CA,US,0.77,ml,,33.3321666666667,-116.356833333333,10.53,2026-08-02T13:37:43Z,2026-08-06T17:28:20Z,2026-08-06T17:28:20Z
usgs:uw714067791,usgs,sismo,"M 2.2 - 2 km E of Oak Harbor, Washington",2026-08-01T15:38:10Z,https://earthquake.usgs.gov/earthquakes/eventpage/uw714067791,usgs:uw714067791,"2 km E of Oak Harbor, Washington",Washington,US,2.15,ml,,48.2928333333333,-122.602833333333,26.42,2026-08-02T16:57:00Z,2026-08-06T17:28:20Z,2026-08-06T17:28:20Z
usgs:aka2026pctvdm,usgs,sismo,"M 2.5 - 102 km SSE of Sand Point, Alaska",2026-08-01T15:34:51Z,https://earthquake.usgs.gov/earthquakes/eventpage/aka2026pctvdm,usgs:aka2026pctvdm,"102 km SSE of Sand Point, Alaska",Alaska,US,2.5,ml,,54.492,-159.854,14.5,2026-08-06T02:27:49Z,2026-08-06T17:28:20Z,2026-08-06T17:28:20Z
usgs:us6000ti5z,usgs,sismo,"M 1.3 - 15 km SSW of La Malbaie, Canada",2026-08-01T15:33:42Z,https://earthquake.usgs.gov/earthquakes/eventpage/us6000ti5z,usgs:us6000ti5z,"15 km SSW of La Malbaie, Canada",Canada,CA,1.3,ml,,47.5372,-70.2544,15.532,2026-08-05T00:59:36Z,2026-08-06T17:28:20Z,2026-08-06T17:28:20Z
usgs:tx2026paiwsi,usgs,sismo,"M 1.7 - 58 km S of Whites City, New Mexico",2026-08-01T15:33:27Z,https://earthquake.usgs.gov/earthquakes/eventpage/tx2026paiwsi,usgs:tx2026paiwsi,"58 km S of Whites City, New Mexico",New Mexico,US,1.7,ml,,31.646,-104.427,6.0999,2026-08-03T17:28:34Z,2026-08-06T17:28:20Z,2026-08-06T17:28:20Z
usgs:aka2026pctnlp,usgs,sismo,"M 2.3 - 69 km SSE of Atka, Alaska",2026-08-01T15:26:05Z,https://earthquake.usgs.gov/earthquakes/eventpage/aka2026pctnlp,usgs:aka2026pctnlp,"69 km SSE of Atka, Alaska",Alaska,US,2.3,ml,,51.632,-173.768,10.5,2026-08-06T01:54:07Z,2026-08-06T17:28:20Z,2026-08-06T17:28:20Z
usgs:ci40664674,usgs,sismo,"M 2.1 - 38 km WSW of Stovepipe Wells, CA",2026-08-01T15:17:29Z,https://earthquake.usgs.gov/earthquakes/eventpage/ci40664674,usgs:ci40664674,"38 km WSW of Stovepipe Wells, CA",CA,US,2.1,ml,,36.4265,-117.508666666667,0.38,2026-08-03T19:05:45Z,2026-08-06T17:28:20Z,2026-08-06T17:28:20Z
usgs:uw714067771,usgs,sismo,"M 2.3 - 18 km SW of Nile, Washington",2026-08-01T15:05:55Z,https://earthquake.usgs.gov/earthquakes/eventpage/uw714067771,usgs:uw714067771,"18 km SW of Nile, Washington",Washington,US,2.33,ml,,46.7211666666667,-121.128166666667,8.97,2026-08-01T15:22:58Z,2026-08-06T17:28:20Z,2026-08-06T17:28:20Z
usgs:nc75409662,usgs,sismo,"M 0.3 - 3 km NNW of The Geysers, CA",2026-08-01T15:01:06Z,https://earthquake.usgs.gov/earthquakes/eventpage/nc75409662,usgs:nc75409662,"3 km NNW of The Geysers, CA",CA,US,0.25,md,,38.798999786377,-122.76782989502,3.63000011444092,2026-08-01T15:02:41Z,2026-08-06T17:28:20Z,2026-08-06T17:28:20Z
usgs:ci40664666,usgs,sismo,"M 0.3 - 7 km SE of Valle Vista, CA",2026-08-01T14:37:03Z,https://earthquake.usgs.gov/earthquakes/eventpage/ci40664666,usgs:ci40664666,"7 km SE of Valle Vista, CA",CA,US,0.34,ml,,33.7083333333333,-116.840833333333,14.69,2026-08-02T13:38:16Z,2026-08-06T17:28:20Z,2026-08-06T17:28:20Z
usgs:us6000thgp,usgs,sismo,M 4.2 - Banda Sea,2026-08-01T14:35:11Z,https://earthquake.usgs.gov/earthquakes/eventpage/us6000thgp,usgs:us6000thgp,Banda Sea,,,4.2,mb,,-6.7517,129.7032,139.529,2026-08-01T17:19:46Z,2026-08-06T17:28:20Z,2026-08-06T17:28:20Z
usgs:ci40664658,usgs,sismo,"M 0.5 - 16 km W of Searles Valley, CA",2026-08-01T14:31:35Z,https://earthquake.usgs.gov/earthquakes/eventpage/ci40664658,usgs:ci40664658,"16 km W of Searles Valley, CA",CA,US,0.45,ml,,35.7631666666667,-117.585666666667,5.48,2026-08-01T14:56:30Z,2026-08-06T17:28:20Z,2026-08-06T17:28:20Z
usgs:av94350323,usgs,sismo,"M -0.7 - 63 km ENE of Pedro Bay, Alaska",2026-08-01T14:31:15Z,https://earthquake.usgs.gov/earthquakes/eventpage/av94350323,usgs:av94350323,"63 km ENE of Pedro Bay, Alaska",Alaska,US,-0.69,ml,,60.0291666666667,-153.084666666667,0.49,2026-08-02T21:10:15Z,2026-08-06T17:28:20Z,2026-08-06T17:28:20Z
usgs:hv75011507,usgs,sismo,"M 1.7 - 13 km E of Pāhala, Hawaii",2026-08-01T14:25:41Z,https://earthquake.usgs.gov/earthquakes/eventpage/hv75011507,usgs:hv75011507,"13 km E of Pāhala, Hawaii",Hawaii,US,1.71,ml,,19.2186666666667,-155.351,29.35,2026-08-04T01:27:12Z,2026-08-06T17:28:20Z,2026-08-06T17:28:20Z
usgs:aka2026pcrcxp,usgs,sismo,"M 2.9 - 99 km SE of Unalaska, Alaska",2026-08-01T14:13:57Z,https://earthquake.usgs.gov/earthquakes/eventpage/aka2026pcrcxp,usgs:aka2026pcrcxp,"99 km SE of Unalaska, Alaska",Alaska,US,2.9,ml,,53.19,-165.566,8.6,2026-08-06T00:50:09Z,2026-08-06T17:28:20Z,2026-08-06T17:28:20Z
usgs:aka2026pcrbqu,usgs,sismo,"M 2.7 - 21 km SE of Sand Point, Alaska",2026-08-01T14:12:26Z,https://earthquake.usgs.gov/earthquakes/eventpage/aka2026pcrbqu,usgs:aka2026pcrbqu,"21 km SE of Sand Point, Alaska",Alaska,US,2.7,ml,,55.175,-160.309,28.6,2026-08-06T00:48:52Z,2026-08-06T17:28:20Z,2026-08-06T17:28:20Z
usgs:hv75011497,usgs,sismo,"M 2.0 - 7 km S of Leilani Estates, Hawaii",2026-08-01T14:09:23Z,https://earthquake.usgs.gov/earthquakes/eventpage/hv75011497,usgs:hv75011497,"7 km S of Leilani Estates, Hawaii",Hawaii,US,2.02,ml,,19.4011666666667,-154.925666666667,1.82,2026-08-03T23:18:30Z,2026-08-06T17:28:20Z,2026-08-06T17:28:20Z
usgs:av94350278,usgs,sismo,"M -0.9 - 61 km ENE of Pedro Bay, Alaska",2026-08-01T14:03:47Z,https://earthquake.usgs.gov/earthquakes/eventpage/av94350278,usgs:av94350278,"61 km ENE of Pedro Bay, Alaska",Alaska,US,-0.91,ml,,59.9973333333333,-153.091166666667,-2.0,2026-08-02T21:04:16Z,2026-08-06T17:28:20Z,2026-08-06T17:28:20Z
usgs:uw714067731,usgs,otro,"M 1.4 Explosion - 8 km SE of La Pine, Oregon",2026-08-01T14:00:30Z,https://earthquake.usgs.gov/earthquakes/eventpage/uw714067731,usgs:uw714067731,"8 km SE of La Pine, Oregon",Oregon,US,1.35,md,,43.6115,-121.429333333333,-1.57,2026-08-03T17:26:18Z,2026-08-06T17:28:20Z,2026-08-06T17:28:20Z
usgs:av94350268,usgs,sismo,"M -0.2 - 58 km WNW of Tyonek, Alaska",2026-08-01T13:58:42Z,https://earthquake.usgs.gov/earthquakes/eventpage/av94350268,usgs:av94350268,"58 km WNW of Tyonek, Alaska",Alaska,US,-0.16,ml,,61.1775,-152.199,5.34,2026-08-02T20:55:45Z,2026-08-06T17:28:20Z,2026-08-06T17:28:20Z
usgs:ci40664650,usgs,sismo,"M 1.2 - 12 km WNW of Calipatria, CA",2026-08-01T13:55:54Z,https://earthquake.usgs.gov/earthquakes/eventpage/ci40664650,usgs:ci40664650,"12 km WNW of Calipatria, CA",CA,US,1.17,ml,,33.1621666666667,-115.631166666667,3.2,2026-08-03T19:13:53Z,2026-08-06T17:28:20Z,2026-08-06T17:28:20Z
usgs:aka2026pcqiud,usgs,sismo,"M 1.9 - 70 km S of Akhiok, Alaska",2026-08-01T13:50:35Z,https://earthquake.usgs.gov/earthquakes/eventpage/aka2026pcqiud,usgs:aka2026pcqiud,"70 km S of Akhiok, Alaska",Alaska,US,1.9,ml,,56.313,-154.302,36.5,2026-08-06T00:47:16Z,2026-08-06T17:28:20Z,2026-08-06T17:28:20Z
usgs:tx2026pafhvr,usgs,sismo,"M 1.4 - 3 km S of Forsan, Texas",2026-08-01T13:45:23Z,https://earthquake.usgs.gov/earthquakes/eventpage/tx2026pafhvr,usgs:tx2026pafhvr,"3 km S of Forsan, Texas",Texas,US,1.4,ml,,32.079,-101.373,9.3018,2026-08-03T17:20:28Z,2026-08-06T17:28:20Z,2026-08-06T17:28:20Z
usgs:ci10247558,usgs,sismo,"M 0.9 - 15 km WNW of Progreso, B.C., MX",2026-08-01T13:45:01Z,https://earthquake.usgs.gov/earthquakes/eventpage/ci10247558,usgs:ci10247558,"15 km WNW of Progreso, B.C., MX",MX,MX,0.87,ml,,32.6416666666667,-115.731333333333,8.99,2026-08-03T19:05:03Z,2026-08-06T17:28:20Z,2026-08-06T17:28:20Z
usgs:ci40664642,usgs,sismo,"M 1.1 - 17 km WNW of Progreso, B.C., MX",2026-08-01T13:44:46Z,https://earthquake.usgs.gov/earthquakes/eventpage/ci40664642,usgs:ci40664642,"17 km WNW of Progreso, B.C., MX",MX,MX,1.1,ml,,32.648,-115.743,6.25,2026-08-03T19:07:35Z,2026-08-06T17:28:20Z,2026-08-06T17:28:20Z
usgs:tx2026pafacj,usgs,sismo,"M 1.0 - 24 km SW of Garden City, Texas",2026-08-01T13:36:30Z,https://earthquake.usgs.gov/earthquakes/eventpage/tx2026pafacj,usgs:tx2026pafacj,"24 km SW of Garden City, Texas",Texas,US,1.0,ml,,31.72,-101.682,7.1045,2026-08-03T19:36:08Z,2026-08-06T17:28:20Z,2026-08-06T17:28:20Z
usgs:hv75011492,usgs,sismo,"M 1.9 - 2 km SW of Pāhala, Hawaii",2026-08-01T13:34:20Z,https://earthquake.usgs.gov/earthquakes/eventpage/hv75011492,usgs:hv75011492,"2 km SW of Pāhala, Hawaii",Hawaii,US,1.92,md,,19.1891670227051,-155.492340087891,31.0599994659424,2026-08-01T13:37:52Z,2026-08-06T17:28:20Z,2026-08-06T17:28:20Z
usgs:tx2026paexmk,usgs,sismo,"M 1.5 - 24 km SW of Garden City, Texas",2026-08-01T13:33:21Z,https://earthquake.usgs.gov/earthquakes/eventpage/tx2026paexmk,usgs:tx2026paexmk,"24 km SW of Garden City, Texas",Texas,US,1.5,ml,,31.724,-101.684,8.3252,2026-08-03T17:11:11Z,2026-08-06T17:28:20Z,2026-08-06T17:28:20Z
usgs:aka2026pcpqyg,usgs,sismo,"M 2.0 - 47 km SSE of Unalaska, Alaska",2026-08-01T13:30:09Z,https://earthquake.usgs.gov/earthquakes/eventpage/aka2026pcpqyg,usgs:aka2026pcpqyg,"47 km SSE of Unalaska, Alaska",Alaska,US,2.0,ml,,53.5,-166.188,70.8,2026-08-06T00:45:38Z,2026-08-06T17:28:20Z,2026-08-06T17:28:20Z
usgs:nc75409647,usgs,sismo,"M 0.7 - 9 km WNW of Cobb, CA",2026-08-01T13:26:53Z,https://earthquake.usgs.gov/earthquakes/eventpage/nc75409647,usgs:nc75409647,"9 km WNW of Cobb, CA",CA,US,0.68,md,,38.8624992370605,-122.81266784668,1.26999998092651,2026-08-01T13:28:30Z,2026-08-06T17:28:20Z,2026-08-06T17:28:20Z
usgs:nc75409642,usgs,sismo,"M 0.6 - 10 km NW of The Geysers, CA",2026-08-01T13:19:20Z,https://earthquake.usgs.gov/earthquakes/eventpage/nc75409642,usgs:nc75409642,"10 km NW of The Geysers, CA",CA,US,0.63,md,,38.8370018005371,-122.836334228516,1.88999998569489,2026-08-01T13:20:55Z,2026-08-06T17:28:20Z,2026-08-06T17:28:20Z
usgs:tx2026paeiaz,usgs,sismo,"M 2.1 - 56 km S of Whites City, New Mexico",2026-08-01T13:15:26Z,https://earthquake.usgs.gov/earthquakes/eventpage/tx2026paeiaz,usgs:tx2026paeiaz,"56 km S of Whites City, New Mexico",New Mexico,US,2.1,ml,,31.664,-104.416,5.8948,2026-08-03T14:09:20Z,2026-08-06T17:28:20Z,2026-08-06T17:28:20Z
usgs:hv75011487,usgs,sismo,"M 1.9 - 16 km E of Pāhala, Hawaii",2026-08-01T13:12:43Z,https://earthquake.usgs.gov/earthquakes/eventpage/hv75011487,usgs:hv75011487,"16 km E of Pāhala, Hawaii",Hawaii,US,1.9,md,,19.1996669769287,-155.32633972168,31.7700004577637,2026-08-01T13:16:20Z,2026-08-06T17:28:20Z,2026-08-06T17:28:20Z
usgs:aka2026pcovlv,usgs,sismo,"M 1.9 - 86 km NNE of Yakutat, Alaska",2026-08-01T13:06:53Z,https://earthquake.usgs.gov/earthquakes/eventpage/aka2026pcovlv,usgs:aka2026pcovlv,"86 km NNE of Yakutat, Alaska",Alaska,US,1.9,ml,,60.312,-139.42,1.1,2026-08-06T00:44:18Z,2026-08-06T17:28:20Z,2026-08-06T17:28:20Z
usgs:av94350198,usgs,sismo,"M 1.4 - 165 km W of Adak, Alaska",2026-08-01T13:04:26Z,https://earthquake.usgs.gov/earthquakes/eventpage/av94350198,usgs:av94350198,"165 km W of Adak, Alaska",Alaska,US,1.37,ml,,51.7343333333333,-179.023166666667,8.6,2026-08-02T20:52:15Z,2026-08-06T17:28:20Z,2026-08-06T17:28:20Z
usgs:av94350193,usgs,sismo,"M 0.2 - 36 km NE of Adak, Alaska",2026-08-01T13:02:20Z,https://earthquake.usgs.gov/earthquakes/eventpage/av94350193,usgs:av94350193,"36 km NE of Adak, Alaska",Alaska,US,0.15,ml,,52.0691666666667,-176.2105,6.75,2026-08-02T20:26:42Z,2026-08-06T17:28:20Z,2026-08-06T17:28:20Z
usgs:tx2026paduzb,usgs,sismo,"M 1.5 - 15 km NNW of Westbrook, Texas",2026-08-01T13:00:16Z,https://earthquake.usgs.gov/earthquakes/eventpage/tx2026paduzb,usgs:tx2026paduzb,"15 km NNW of Westbrook, Texas",Texas,US,1.5,ml,,32.491,-101.06,3.8818,2026-08-03T17:34:49Z,2026-08-06T17:28:20Z,2026-08-06T17:28:20Z
usgs:nc75409632,usgs,sismo,"M 0.3 - 8 km NW of The Geysers, CA",2026-08-01T12:58:39Z,https://earthquake.usgs.gov/earthquakes/eventpage/nc75409632,usgs:nc75409632,"8 km NW of The Geysers, CA",CA,US,0.25,md,,38.8246650695801,-122.822998046875,7.48999977111816,2026-08-01T13:00:16Z,2026-08-06T17:28:20Z,2026-08-06T17:28:20Z
usgs:aka2026pconti,usgs,sismo,"M 1.4 - 40 km WNW of Nanwalek, Alaska",2026-08-01T12:56:28Z,https://earthquake.usgs.gov/earthquakes/eventpage/aka2026pconti,usgs:aka2026pconti,"40 km WNW of Nanwalek, Alaska",Alaska,US,1.4,ml,,59.524,-152.556,79.4,2026-08-06T00:42:47Z,2026-08-06T17:28:20Z,2026-08-06T17:28:20Z
usgs:tx2026padklh,usgs,sismo,"M 1.1 - 31 km WSW of Ackerly, Texas",2026-08-01T12:48:05Z,https://earthquake.usgs.gov/earthquakes/eventpage/tx2026padklh,usgs:tx2026padklh,"31 km WSW of Ackerly, Texas",Texas,US,1.1,ml,,32.411,-102.02,9.3262,2026-08-03T19:31:18Z,2026-08-06T17:28:20Z,2026-08-06T17:28:20Z
usgs:us6000thgg,usgs,sismo,"M 4.9 - 3 km W of Matsubase, Japan",2026-08-01T12:47:23Z,https://earthquake.usgs.gov/earthquakes/eventpage/us6000thgg,usgs:us6000thgg,"3 km W of Matsubase, Japan",Japan,JP,4.9,mb,,32.6513,130.6285,10.0,2026-08-01T13:02:36Z,2026-08-06T17:28:20Z,2026-08-06T17:28:20Z
usgs:aka2026pcobmg,usgs,sismo,"M 2.3 - 75 km SE of Adak, Alaska",2026-08-01T12:42:19Z,https://earthquake.usgs.gov/earthquakes/eventpage/aka2026pcobmg,usgs:aka2026pcobmg,"75 km SE of Adak, Alaska",Alaska,US,2.3,ml,,51.374,-175.901,22.6,2026-08-06T00:40:47Z,2026-08-06T17:28:20Z,2026-08-06T17:28:20Z
usgs:tx2026pacuuw,usgs,sismo,"M 2.1 - 16 km SE of Pearsall, Texas",2026-08-01T12:29:53Z,https://earthquake.usgs.gov/earthquakes/eventpage/tx2026pacuuw,usgs:tx2026pacuuw,"16 km SE of Pearsall, Texas",Texas,US,2.1,ml,,28.811,-98.958,8.1575,2026-08-03T14:09:18Z,2026-08-06T17:28:20Z,2026-08-06T17:28:20Z
usgs:aka2026pcnows,usgs,sismo,"M 1.6 - 71 km S of Cantwell, Alaska",2026-08-01T12:27:49Z,https://earthquake.usgs.gov/earthquakes/eventpage/aka2026pcnows,usgs:aka2026pcnows,"71 km S of Cantwell, Alaska",Alaska,US,1.6,ml,,62.756,-148.795,69.1,2026-08-06T00:39:31Z,2026-08-06T17:28:20Z,2026-08-06T17:28:20Z
usgs:tx2026paclxu,usgs,sismo,"M 0.5 - 25 km SW of Garden City, Texas",2026-08-01T12:19:39Z,https://earthquake.usgs.gov/earthquakes/eventpage/tx2026paclxu,usgs:tx2026paclxu,"25 km SW of Garden City, Texas",Texas,US,0.5,ml,,31.731,-101.697,9.5459,2026-08-03T19:42:28Z,2026-08-06T17:28:20Z,2026-08-06T17:28:20Z
usgs:nc75409627,usgs,sismo,"M 0.9 - 7 km SE of Cloverdale, CA",2026-08-01T12:19:31Z,https://earthquake.usgs.gov/earthquakes/eventpage/nc75409627,usgs:nc75409627,"7 km SE of Cloverdale, CA",CA,US,0.9,md,,38.771167755127,-122.951332092285,5.55999994277954,2026-08-01T12:21:06Z,2026-08-06T17:28:20Z,2026-08-06T17:28:20Z
usgs:nc75409622,usgs,sismo,"M 1.2 - 7 km ESE of Cloverdale, CA",2026-08-01T12:15:51Z,https://earthquake.usgs.gov/earthquakes/eventpage/nc75409622,usgs:nc75409622,"7 km ESE of Cloverdale, CA",CA,US,1.22,md,,38.7721672058105,-122.949501037598,4.78000020980835,2026-08-01T12:32:21Z,2026-08-06T17:28:20Z,2026-08-06T17:28:20Z
usgs:aka2026pcmzdl,usgs,sismo,"M 2.1 - 51 km SSW of Adak, Alaska",2026-08-01T12:09:39Z,https://earthquake.usgs.gov/earthquakes/eventpage/aka2026pcmzdl,usgs:aka2026pcmzdl,"51 km SSW of Adak, Alaska",Alaska,US,2.1,ml,,51.418,-176.788,22.3,2026-08-06T00:36:46Z,2026-08-06T17:28:20Z,2026-08-06T17:28:20Z
usgs:ci40664610,usgs,sismo,"M 1.0 - 12 km S of Salton City, CA",2026-08-01T12:09:17Z,https://earthquake.usgs.gov/earthquakes/eventpage/ci40664610,usgs:ci40664610,"12 km S of Salton City, CA",CA,US,0.96,ml,,33.1943333333333,-115.950333333333,8.43,2026-08-03T18:52:53Z,2026-08-06T17:28:20Z,2026-08-06T17:28:20Z
usgs:tx2026pacbwf,usgs,sismo,"M 1.6 - 24 km SW of Garden City, Texas",2026-08-01T12:07:56Z,https://earthquake.usgs.gov/earthquakes/eventpage/tx2026pacbwf,usgs:tx2026pacbwf,"24 km SW of Garden City, Texas",Texas,US,1.6,ml,,31.724,-101.688,7.2021,2026-08-03T16:53:10Z,2026-08-06T17:28:20Z,2026-08-06T17:28:20Z
usgs:av93065224,usgs,sismo,"M 1.0 - 85 km ENE of Akutan, Alaska",2026-08-01T12:04:14Z,https://earthquake.usgs.gov/earthquakes/eventpage/av93065224,usgs:av93065224,"85 km ENE of Akutan, Alaska",Alaska,US,1.02,ml,,54.5073333333333,-164.633666666667,21.2,2026-08-02T20:44:14Z,2026-08-06T17:28:20Z,2026-08-06T17:28:20Z
usgs:nc75409612,usgs,sismo,"M 0.8 - 6 km WNW of Cobb, CA",2026-08-01T11:58:09Z,https://earthquake.usgs.gov/earthquakes/eventpage/nc75409612,usgs:nc75409612,"6 km WNW of Cobb, CA",CA,US,0.77,md,,38.836498260498,-122.790336608887,1.88999998569489,2026-08-01T11:59:46Z,2026-08-06T17:28:20Z,2026-08-06T17:28:20Z
usgs:aka2026pcmnwj,usgs,sismo,"M 2.3 - 59 km SSE of Sand Point, Alaska",2026-08-01T11:56:39Z,https://earthquake.usgs.gov/earthquakes/eventpage/aka2026pcmnwj,usgs:aka2026pcmnwj,"59 km SSE of Sand Point, Alaska",Alaska,US,2.3,ml,,54.843,-160.153,0.6,2026-08-06T00:35:09Z,2026-08-06T17:28:20Z,2026-08-06T17:28:20Z
usgs:nc75409602,usgs,sismo,"M 2.7 - 8 km ESE of Cloverdale, CA",2026-08-01T11:50:40Z,https://earthquake.usgs.gov/earthquakes/eventpage/nc75409602,usgs:nc75409602,"8 km ESE of Cloverdale, CA",CA,US,2.68,md,,38.7761650085449,-122.935501098633,4.09999990463257,2026-08-01T23:09:06Z,2026-08-06T17:28:20Z,2026-08-06T17:28:20Z
usgs:nc75409597,usgs,sismo,"M 1.7 - 7 km ESE of Cloverdale, CA",2026-08-01T11:49:15Z,https://earthquake.usgs.gov/earthquakes/eventpage/nc75409597,usgs:nc75409597,"7 km ESE of Cloverdale, CA",CA,US,1.73,md,,38.7709999084473,-122.949996948242,6.65999984741211,2026-08-01T12:07:22Z,2026-08-06T17:28:20Z,2026-08-06T17:28:20Z
usgs:ci40664602,usgs,sismo,"M 0.5 - 8 km S of Yucca Valley, CA",2026-08-01T11:45:24Z,https://earthquake.usgs.gov/earthquakes/eventpage/ci40664602,usgs:ci40664602,"8 km S of Yucca Valley, CA",CA,US,0.45,ml,,34.0413333333333,-116.443166666667,9.49,2026-08-03T18:45:42Z,2026-08-06T17:28:20Z,2026-08-06T17:28:20Z
usgs:av94350053,usgs,sismo,"M -0.5 - 30 km W of Sitka, Alaska",2026-08-01T11:40:30Z,https://earthquake.usgs.gov/earthquakes/eventpage/av94350053,usgs:av94350053,"30 km W of Sitka, Alaska",Alaska,US,-0.47,ml,,57.0708333333333,-135.84,9.88,2026-08-02T20:19:42Z,2026-08-06T17:28:20Z,2026-08-06T17:28:20Z
usgs:tx2026pabdxu,usgs,sismo,"M 1.2 - 20 km SW of Ackerly, Texas",2026-08-01T11:40:08Z,https://earthquake.usgs.gov/earthquakes/eventpage/tx2026pabdxu,usgs:tx2026pabdxu,"20 km SW of Ackerly, Texas",Texas,US,1.2,ml,,32.419,-101.895,9.4238,2026-08-03T16:22:19Z,2026-08-06T17:28:20Z,2026-08-06T17:28:20Z
usgs:aka2026pclxzr,usgs,sismo,"M 3.0 - 38 km SSW of Skwentna, Alaska",2026-08-01T11:38:21Z,https://earthquake.usgs.gov/earthquakes/eventpage/aka2026pclxzr,usgs:aka2026pclxzr,"38 km SSW of Skwentna, Alaska",Alaska,US,3.0,ml,,61.681,-151.708,96.5,2026-08-06T00:33:57Z,2026-08-06T17:28:20Z,2026-08-06T17:28:20Z
usgs:aka2026pclwxk,usgs,sismo,"M 2.7 - 77 km N of Chickaloon, Alaska",2026-08-01T11:37:04Z,https://earthquake.usgs.gov/earthquakes/eventpage/aka2026pclwxk,usgs:aka2026pclwxk,"77 km N of Chickaloon, Alaska",Alaska,US,2.7,ml,,62.488,-148.31,14.7,2026-08-06T13:15:00Z,2026-08-06T17:28:20Z,2026-08-06T17:28:20Z
usgs:nc75409587,usgs,sismo,"M 2.8 - 7 km ESE of Cloverdale, CA",2026-08-01T11:35:26Z,https://earthquake.usgs.gov/earthquakes/eventpage/nc75409587,usgs:nc75409587,"7 km ESE of Cloverdale, CA",CA,US,2.76,md,,38.7716674804688,-122.947830200195,6.30000019073486,2026-08-06T13:12:56Z,2026-08-06T17:28:20Z,2026-08-06T17:28:20Z
usgs:nc75409582,usgs,sismo,"M 1.7 - 8 km ESE of Cloverdale, CA",2026-08-01T11:34:05Z,https://earthquake.usgs.gov/earthquakes/eventpage/nc75409582,usgs:nc75409582,"8 km ESE of Cloverdale, CA",CA,US,1.66,md,,38.7760009765625,-122.936836242676,6.1100001335144,2026-08-01T11:52:21Z,2026-08-06T17:28:20Z,2026-08-06T17:28:20Z
usgs:nc75409572,usgs,sismo,"M 1.2 - 7 km SE of Cloverdale, CA",2026-08-01T11:25:07Z,https://earthquake.usgs.gov/earthquakes/eventpage/nc75409572,usgs:nc75409572,"7 km SE of Cloverdale, CA",CA,US,1.16,md,,38.7696647644043,-122.948669433594,4.28999996185303,2026-08-01T11:42:22Z,2026-08-06T17:28:20Z,2026-08-06T17:28:20Z
usgs:aka2026pclegx,usgs,sismo,"M 1.8 - 22 km ESE of Kasilof, Alaska",2026-08-01T11:15:36Z,https://earthquake.usgs.gov/earthquakes/eventpage/aka2026pclegx,usgs:aka2026pclegx,"22 km ESE of Kasilof, Alaska",Alaska,US,1.8,ml,,60.29,-150.881,61.1,2026-08-06T00:21:58Z,2026-08-06T17:28:20Z,2026-08-06T17:28:20Z
usgs:us6000thg5,usgs,sismo,M 5.1 - Tristan da Cunha region,2026-08-01T11:07:20Z,https://earthquake.usgs.gov/earthquakes/eventpage/us6000thg5,usgs:us6000thg5,Tristan da Cunha region,,,5.1,mb,,-39.5342,-15.9614,10.0,2026-08-01T11:26:47Z,2026-08-06T17:28:20Z,2026-08-06T17:28:20Z
usgs:tx2026paaafh,usgs,sismo,"M 1.1 - 4 km S of Pecos, Texas",2026-08-01T11:05:41Z,https://earthquake.usgs.gov/earthquakes/eventpage/tx2026paaafh,usgs:tx2026paaafh,"4 km S of Pecos, Texas",Texas,US,1.1,ml,,31.381,-103.488,4.2029,2026-08-03T15:36:14Z,2026-08-06T17:28:20Z,2026-08-06T17:28:20Z
usgs:nc75409557,usgs,sismo,"M 1.0 - 7 km SE of Cloverdale, CA",2026-08-01T11:05:14Z,https://earthquake.usgs.gov/earthquakes/eventpage/nc75409557,usgs:nc75409557,"7 km SE of Cloverdale, CA",CA,US,0.99,md,,38.7695007324219,-122.950996398926,3.19000005722046,2026-08-01T11:06:51Z,2026-08-06T17:28:20Z,2026-08-06T17:28:20Z
usgs:tx2026ozzvir,usgs,sismo,"M 0.4 - 31 km WSW of Ackerly, Texas",2026-08-01T11:00:05Z,https://earthquake.usgs.gov/earthquakes/eventpage/tx2026ozzvir,usgs:tx2026ozzvir,"31 km WSW of Ackerly, Texas",Texas,US,0.4,ml,,32.403,-102.019,6.7139,2026-08-03T16:37:30Z,2026-08-06T17:28:20Z,2026-08-06T17:28:20Z
usgs:tx2026ozzsze,usgs,sismo,"M 1.7 - 15 km NNW of Snyder, Texas",2026-08-01T10:57:15Z,https://earthquake.usgs.gov/earthquakes/eventpage/tx2026ozzsze,usgs:tx2026ozzsze,"15 km NNW of Snyder, Texas",Texas,US,1.7,ml,,32.854,-100.972,6.8115,2026-08-03T17:38:27Z,2026-08-06T17:28:20Z,2026-08-06T17:28:20Z
usgs:tx2026ozzset,usgs,sismo,"M 0.8 - 15 km NNW of Snyder, Texas",2026-08-01T10:56:21Z,https://earthquake.usgs.gov/earthquakes/eventpage/tx2026ozzset,usgs:tx2026ozzset,"15 km NNW of Snyder, Texas",Texas,US,0.8,ml,,32.854,-100.968,4.7119,2026-08-06T14:24:30Z,2026-08-06T17:28:20Z,2026-08-06T17:28:20Z
usgs:tx2026ozzrkb,usgs,sismo,"M 1.2 - 13 km SE of Pearsall, Texas",2026-08-01T10:55:25Z,https://earthquake.usgs.gov/earthquakes/eventpage/tx2026ozzrkb,usgs:tx2026ozzrkb,"13 km SE of Pearsall, Texas",Texas,US,1.2,ml,,28.811,-98.997,8.1854,2026-08-06T13:46:41Z,2026-08-06T17:28:20Z,2026-08-06T17:28:20Z
usgs:aka2026pckmhm,usgs,sismo,"M 1.6 - 104 km N of Yakutat, Alaska",2026-08-01T10:54:44Z,https://earthquake.usgs.gov/earthquakes/eventpage/aka2026pckmhm,usgs:aka2026pckmhm,"104 km N of Yakutat, Alaska",Alaska,US,1.6,ml,,60.485,-139.655,2.0,2026-08-06T00:19:21Z,2026-08-06T17:28:20Z,2026-08-06T17:28:20Z
usgs:nc75409552,usgs,sismo,"M 2.3 - 11 km ESE of Gilroy, CA",2026-08-01T10:54:32Z,https://earthquake.usgs.gov/earthquakes/eventpage/nc75409552,usgs:nc75409552,"11 km ESE of Gilroy, CA",CA,US,2.27,md,,36.9684982299805,-121.452667236328,5.75,2026-08-01T12:47:26Z,2026-08-06T17:28:20Z,2026-08-06T17:28:20Z
usgs:mb90204023,usgs,sismo,"M 1.1 - 14 km ESE of Harrison, Montana",2026-08-01T10:54:22Z,https://earthquake.usgs.gov/earthquakes/eventpage/mb90204023,usgs:mb90204023,"14 km ESE of Harrison, Montana",Montana,US,1.05,ml,,45.6486666666667,-111.615166666667,2.22,2026-08-03T14:07:00Z,2026-08-06T17:28:20Z,2026-08-06T17:28:20Z
usgs:ci40664594,usgs,sismo,"M 0.9 - 16 km ESE of Julian, CA",2026-08-01T10:51:48Z,https://earthquake.usgs.gov/earthquakes/eventpage/ci40664594,usgs:ci40664594,"16 km ESE of Julian, CA",CA,US,0.9,ml,,33.043,-116.440166666667,8.55,2026-08-02T13:39:22Z,2026-08-06T17:28:20Z,2026-08-06T17:28:20Z
usgs:hv75011452,usgs,sismo,"M 2.4 - 5 km SSW of Volcano, Hawaii",2026-08-01T10:46:05Z,https://earthquake.usgs.gov/earthquakes/eventpage/hv75011452,usgs:hv75011452,"5 km SSW of Volcano, Hawaii",Hawaii,US,2.36,md,,19.3945,-155.2485,38.1,2026-08-04T01:21:13Z,2026-08-06T17:28:20Z,2026-08-06T17:28:20Z
usgs:nc75409547,usgs,sismo,"M 1.3 - 7 km NW of The Geysers, CA",2026-08-01T10:43:13Z,https://earthquake.usgs.gov/earthquakes/eventpage/nc75409547,usgs:nc75409547,"7 km NW of The Geysers, CA",CA,US,1.34,md,,38.8219985961914,-122.805999755859,2.39000010490417,2026-08-01T11:52:20Z,2026-08-06T17:28:20Z,2026-08-06T17:28:20Z
usgs:aka2026pcjxgw,usgs,sismo,"M 2.4 - 57 km N of Lake Minchumina, Alaska",2026-08-01T10:38:22Z,https://earthquake.usgs.gov/earthquakes/eventpage/aka2026pcjxgw,usgs:aka2026pcjxgw,"57 km N of Lake Minchumina, Alaska",Alaska,US,2.4,ml,,64.401,-152.341,4.1,2026-08-06T00:15:10Z,2026-08-06T17:28:20Z,2026-08-06T17:28:20Z
usgs:tx2026ozzakr,usgs,sismo,"M 1.0 - 15 km NNW of Pecos, Texas",2026-08-01T10:35:44Z,https://earthquake.usgs.gov/earthquakes/eventpage/tx2026ozzakr,usgs:tx2026ozzakr,"15 km NNW of Pecos, Texas",Texas,US,1.0,ml,,31.556,-103.534,3.9978,2026-08-06T14:07:33Z,2026-08-06T17:28:20Z,2026-08-06T17:28:20Z
usgs:tx2026ozyvnl,usgs,sismo,"M 1.6 - 23 km SW of Garden City, Texas",2026-08-01T10:30:07Z,https://earthquake.usgs.gov/earthquakes/eventpage/tx2026ozyvnl,usgs:tx2026ozyvnl,"23 km SW of Garden City, Texas",Texas,US,1.6,ml,,31.724,-101.673,7.0557,2026-08-03T16:13:12Z,2026-08-06T17:28:20Z,2026-08-06T17:28:20Z
usgs:aka2026pcjnsk,usgs,sismo,"M 2.3 - 90 km SSE of Akutan, Alaska",2026-08-01T10:26:30Z,https://earthquake.usgs.gov/earthquakes/eventpage/aka2026pcjnsk,usgs:aka2026pcjnsk,"90 km SSE of Akutan, Alaska",Alaska,US,2.3,ml,,53.379,-165.286,20.1,2026-08-05T23:56:14Z,2026-08-06T17:28:20Z,2026-08-06T17:28:20Z
usgs:tx2026ozyrjh,usgs,sismo,"M 2.4 - 23 km SW of Garden City, Texas",2026-08-01T10:25:15Z,https://earthquake.usgs.gov/earthquakes/eventpage/tx2026ozyrjh,usgs:tx2026ozyrjh,"23 km SW of Garden City, Texas",Texas,US,2.4,ml,,31.729,-101.678,8.0322,2026-08-06T13:05:29Z,2026-08-06T17:28:20Z,2026-08-06T17:28:20Z
usgs:uw714067701,usgs,sismo,"M 1.7 - 3 km E of Oak Harbor, Washington",2026-08-01T10:24:50Z,https://earthquake.usgs.gov/earthquakes/eventpage/uw714067701,usgs:uw714067701,"3 km E of Oak Harbor, Washington",Washington,US,1.72,ml,,48.2916666666667,-122.600166666667,24.97,2026-08-01T16:23:25Z,2026-08-06T17:28:20Z,2026-08-06T17:28:20Z
usgs:tx2026ozyqsx,usgs,sismo,"M 1.6 - 13 km ESE of Pearsall, Texas",2026-08-01T10:24:27Z,https://earthquake.usgs.gov/earthquakes/eventpage/tx2026ozyqsx,usgs:tx2026ozyqsx,"13 km ESE of Pearsall, Texas",Texas,US,1.6,ml,,28.829,-98.982,6.9192,2026-08-03T14:20:46Z,2026-08-06T17:28:20Z,2026-08-06T17:28:20Z
usgs:tx2026ozypqj,usgs,sismo,"M 0.2 - 24 km SW of Garden City, Texas",2026-08-01T10:23:13Z,https://earthquake.usgs.gov/earthquakes/eventpage/tx2026ozypqj,usgs:tx2026ozypqj,"24 km SW of Garden City, Texas",Texas,US,0.2,ml,,31.722,-101.676,5.2002,2026-08-03T18:02:45Z,2026-08-06T17:28:20Z,2026-08-06T17:28:20Z
usgs:av94349943,usgs,sismo,"M 0.0 - 83 km NW of Karluk, Alaska",2026-08-01T10:19:51Z,https://earthquake.usgs.gov/earthquakes/eventpage/av94349943,usgs:av94349943,"83 km NW of Karluk, Alaska",Alaska,US,0.0,ml,,58.173,-155.2825,0.0,2026-08-02T06:19:33Z,2026-08-06T17:28:20Z,2026-08-06T17:28:20Z
usgs:aka2026pcjfnm,usgs,sismo,"M 2.5 - 81 km SSW of Adak, Alaska",2026-08-01T10:17:02Z,https://earthquake.usgs.gov/earthquakes/eventpage/aka2026pcjfnm,usgs:aka2026pcjfnm,"81 km SSW of Adak, Alaska",Alaska,US,2.5,ml,,51.173,-176.986,2.0,2026-08-05T23:50:32Z,2026-08-06T17:28:20Z,2026-08-06T17:28:20Z
usgs:tx2026ozyipl,usgs,sismo,"M 2.8 - 23 km SW of Garden City, Texas",2026-08-01T10:16:13Z,https://earthquake.usgs.gov/earthquakes/eventpage/tx2026ozyipl,usgs:tx2026ozyipl,"23 km SW of Garden City, Texas",Texas,US,2.8,ml,,31.729,-101.678,8.3252,2026-08-06T13:03:45Z,2026-08-06T17:28:20Z,2026-08-06T17:28:20Z
usgs:tx2026ozyjal,usgs,sismo,"M 1.5 - 24 km SW of Garden City, Texas",2026-08-01T10:15:32Z,https://earthquake.usgs.gov/earthquakes/eventpage/tx2026ozyjal,usgs:tx2026ozyjal,"24 km SW of Garden City, Texas",Texas,US,1.5,ml,,31.739,-101.693,8.1787,2026-08-03T09:13:08Z,2026-08-06T17:28:20Z,2026-08-06T17:28:20Z
usgs:aka2026pcjdzs,usgs,sismo,"M 1.6 - 36 km NNW of Elim, Alaska",2026-08-01T10:15:18Z,https://earthquake.usgs.gov/earthquakes/eventpage/aka2026pcjdzs,usgs:aka2026pcjdzs,"36 km NNW of Elim, Alaska",Alaska,US,1.6,ml,,64.931,-162.473,3.8,2026-08-06T16:33:24Z,2026-08-06T17:28:20Z,2026-08-06T17:28:20Z
usgs:tx2026ozygak,usgs,sismo,"M 2.7 - 24 km SW of Garden City, Texas",2026-08-01T10:12:19Z,https://earthquake.usgs.gov/earthquakes/eventpage/tx2026ozygak,usgs:tx2026ozygak,"24 km SW of Garden City, Texas",Texas,US,2.7,ml,,31.722,-101.682,7.3486,2026-08-06T13:02:08Z,2026-08-06T17:28:20Z,2026-08-06T17:28:20Z
usgs:nc75409537,usgs,sismo,"M 1.0 - 7 km ESE of Cloverdale, CA",2026-08-01T10:11:43Z,https://earthquake.usgs.gov/earthquakes/eventpage/nc75409537,usgs:nc75409537,"7 km ESE of Cloverdale, CA",CA,US,1.02,md,,38.775333404541,-122.942169189453,6.36999988555908,2026-08-01T10:13:21Z,2026-08-06T17:28:20Z,2026-08-06T17:28:20Z
usgs:uw714067691,usgs,sismo,"M 1.0 - 30 km WNW of Neah Bay, Washington",2026-08-01T10:07:24Z,https://earthquake.usgs.gov/earthquakes/eventpage/uw714067691,usgs:uw714067691,"30 km WNW of Neah Bay, Washington",Washington,US,0.95,md,,48.4556666666667,-125.014333333333,32.07,2026-08-03T18:11:05Z,2026-08-06T17:28:20Z,2026-08-06T17:28:20Z
usgs:tx2026ozxvfg,usgs,sismo,"M 1.6 - 15 km ESE of Pearsall, Texas",2026-08-01T09:59:29Z,https://earthquake.usgs.gov/earthquakes/eventpage/tx2026ozxvfg,usgs:tx2026ozxvfg,"15 km ESE of Pearsall, Texas",Texas,US,1.6,ml,,28.838,-98.95,8.0518,2026-08-03T14:51:03Z,2026-08-06T17:28:20Z,2026-08-06T17:28:20Z
usgs:ci40664586,usgs,sismo,"M 0.8 - 3 km N of Colton, CA",2026-08-01T09:57:34Z,https://earthquake.usgs.gov/earthquakes/eventpage/ci40664586,usgs:ci40664586,"3 km N of Colton, CA",CA,US,0.79,ml,,34.101,-117.314,13.97,2026-08-02T13:39:06Z,2026-08-06T17:28:20Z,2026-08-06T17:28:20Z
usgs:nc75409532,usgs,sismo,"M 1.3 - 7 km ESE of Cloverdale, CA",2026-08-01T09:51:52Z,https://earthquake.usgs.gov/earthquakes/eventpage/nc75409532,usgs:nc75409532,"7 km ESE of Cloverdale, CA",CA,US,1.32,md,,38.7709999084473,-122.948829650879,4.82000017166138,2026-08-01T10:17:27Z,2026-08-06T17:28:20Z,2026-08-06T17:28:20Z
usgs:aka2026pcijrj,usgs,sismo,"M 1.8 - 112 km N of Yakutat, Alaska",2026-08-01T09:51:51Z,https://earthquake.usgs.gov/earthquakes/eventpage/aka2026pcijrj,usgs:aka2026pcijrj,"112 km N of Yakutat, Alaska",Alaska,US,1.8,ml,,60.545,-140.084,10.9,2026-08-05T23:36:41Z,2026-08-06T17:28:20Z,2026-08-06T17:28:20Z
usgs:us6000thfp,usgs,sismo,M 5.1 - Tristan da Cunha region,2026-08-01T09:50:33Z,https://earthquake.usgs.gov/earthquakes/eventpage/us6000thfp,usgs:us6000thfp,Tristan da Cunha region,,,5.1,mb,,-39.6903,-15.9764,10.0,2026-08-01T10:08:56Z,2026-08-06T17:28:20Z,2026-08-06T17:28:20Z
usgs:aka2026pcidvm,usgs,sismo,"M 1.7 - 54 km ESE of Adak, Alaska",2026-08-01T09:44:56Z,https://earthquake.usgs.gov/earthquakes/eventpage/aka2026pcidvm,usgs:aka2026pcidvm,"54 km ESE of Adak, Alaska",Alaska,US,1.7,ml,,51.779,-175.856,134.2,2026-08-05T23:35:12Z,2026-08-06T17:28:20Z,2026-08-06T17:28:20Z
usgs:aka2026pcicaz,usgs,sismo,"M 1.9 - 8 km SE of Tyonek, Alaska",2026-08-01T09:43:13Z,https://earthquake.usgs.gov/earthquakes/eventpage/aka2026pcicaz,usgs:aka2026pcicaz,"8 km SE of Tyonek, Alaska",Alaska,US,1.9,ml,,61.005,-151.048,72.3,2026-08-05T23:33:43Z,2026-08-06T17:28:20Z,2026-08-06T17:28:20Z
usgs:av94349853,usgs,sismo,"M -0.3 - 60 km WNW of Tyonek, Alaska",2026-08-01T09:40:34Z,https://earthquake.usgs.gov/earthquakes/eventpage/av94349853,usgs:av94349853,"60 km WNW of Tyonek, Alaska",Alaska,US,-0.25,ml,,61.2533333333333,-152.196666666667,27.02,2026-08-02T05:54:32Z,2026-08-06T17:28:20Z,2026-08-06T17:28:20Z
usgs:tx2026ozxarc,usgs,sismo,"M 1.5 - 12 km ESE of Pearsall, Texas",2026-08-01T09:35:39Z,https://earthquake.usgs.gov/earthquakes/eventpage/tx2026ozxarc,usgs:tx2026ozxarc,"12 km ESE of Pearsall, Texas",Texas,US,1.5,ml,,28.859,-98.976,9.7243,2026-08-03T14:06:47Z,2026-08-06T17:28:20Z,2026-08-06T17:28:20Z
usgs:tx2026ozwqyk,usgs,sismo,"M 1.4 - 15 km NE of Hermleigh, Texas",2026-08-01T09:24:24Z,https://earthquake.usgs.gov/earthquakes/eventpage/tx2026ozwqyk,usgs:tx2026ozwqyk,"15 km NE of Hermleigh, Texas",Texas,US,1.4,ml,,32.749,-100.662,7.5439,2026-08-03T17:31:06Z,2026-08-06T17:28:20Z,2026-08-06T17:28:20Z
usgs:nc75409527,usgs,sismo,"M 0.8 - 7 km ESE of Cloverdale, CA",2026-08-01T09:23:17Z,https://earthquake.usgs.gov/earthquakes/eventpage/nc75409527,usgs:nc75409527,"7 km ESE of Cloverdale, CA",CA,US,0.83,md,,38.7734985351562,-122.949165344238,2.3199999332428,2026-08-01T09:24:55Z,2026-08-06T17:28:20Z,2026-08-06T17:28:20Z
usgs:uw714067681,usgs,sismo,"M 1.3 - 3 km ESE of Oak Harbor, Washington",2026-08-01T09:23:14Z,https://earthquake.usgs.gov/earthquakes/eventpage/uw714067681,usgs:uw714067681,"3 km ESE of Oak Harbor, Washington",Washington,US,1.34,ml,,48.283,-122.603166666667,24.14,2026-08-03T18:06:33Z,2026-08-06T17:28:20Z,2026-08-06T17:28:20Z
usgs:nc75409522,usgs,sismo,"M 1.3 - 7 km ESE of Cloverdale, CA",2026-08-01T09:22:29Z,https://earthquake.usgs.gov/earthquakes/eventpage/nc75409522,usgs:nc75409522,"7 km ESE of Cloverdale, CA",CA,US,1.34,md,,38.7719993591309,-122.950500488281,6.42999982833862,2026-08-01T09:42:22Z,2026-08-06T17:28:20Z,2026-08-06T17:28:20Z
usgs:nc75409517,usgs,sismo,"M 0.8 - 7 km ESE of Cloverdale, CA",2026-08-01T09:22:15Z,https://earthquake.usgs.gov/earthquakes/eventpage/nc75409517,usgs:nc75409517,"7 km ESE of Cloverdale, CA",CA,US,0.82,md,,38.7693328857422,-122.944831848145,1.30999994277954,2026-08-01T09:23:50Z,2026-08-06T17:28:20Z,2026-08-06T17:28:20Z
usgs:tx2026ozwmcl,usgs,sismo,"M 1.1 - 15 km NE of Hermleigh, Texas",2026-08-01T09:18:46Z,https://earthquake.usgs.gov/earthquakes/eventpage/tx2026ozwmcl,usgs:tx2026ozwmcl,"15 km NE of Hermleigh, Texas",Texas,US,1.1,ml,,32.747,-100.662,7.3486,2026-08-03T17:46:06Z,2026-08-06T17:28:20Z,2026-08-06T17:28:20Z
usgs:nc75409512,usgs,sismo,"M 1.1 - 7 km ESE of Cloverdale, CA",2026-08-01T09:16:28Z,https://earthquake.usgs.gov/earthquakes/eventpage/nc75409512,usgs:nc75409512,"7 km ESE of Cloverdale, CA",CA,US,1.1,md,,38.7748336791992,-122.940498352051,3.78999996185303,2026-08-01T11:07:21Z,2026-08-06T17:28:20Z,2026-08-06T17:28:20Z
usgs:tx2026ozwgjp,usgs,sismo,"M 2.3 - 13 km SE of Pearsall, Texas",2026-08-01T09:12:06Z,https://earthquake.usgs.gov/earthquakes/eventpage/tx2026ozwgjp,usgs:tx2026ozwgjp,"13 km SE of Pearsall, Texas",Texas,US,2.3,ml,,28.818,-98.986,8.1145,2026-08-03T13:45:26Z,2026-08-06T17:28:20Z,2026-08-06T17:28:20Z
usgs:tx2026ozwbax,usgs,sismo,"M 0.8 - 15 km NE of Hermleigh, Texas",2026-08-01T09:05:56Z,https://earthquake.usgs.gov/earthquakes/eventpage/tx2026ozwbax,usgs:tx2026ozwbax,"15 km NE of Hermleigh, Texas",Texas,US,0.8,ml,,32.749,-100.668,6.4209,2026-08-03T18:18:23Z,2026-08-06T17:28:20Z,2026-08-06T17:28:20Z
usgs:nc75409507,usgs,sismo,"M 1.0 - 7 km ESE of Cloverdale, CA",2026-08-01T09:01:07Z,https://earthquake.usgs.gov/earthquakes/eventpage/nc75409507,usgs:nc75409507,"7 km ESE of Cloverdale, CA",CA,US,1.01,md,,38.7745018005371,-122.941833496094,5.34999990463257,2026-08-01T09:02:46Z,2026-08-06T17:28:20Z,2026-08-06T17:28:20Z
usgs:aka2026pcgomb,usgs,sismo,"M 1.5 - 42 km N of Chickaloon, Alaska",2026-08-01T08:57:27Z,https://earthquake.usgs.gov/earthquakes/eventpage/aka2026pcgomb,usgs:aka2026pcgomb,"42 km N of Chickaloon, Alaska",Alaska,US,1.5,ml,,62.172,-148.307,35.3,2026-08-05T22:51:57Z,2026-08-06T17:28:20Z,2026-08-06T17:28:20Z
usgs:nc75409502,usgs,sismo,"M 1.1 - 8 km ESE of Cloverdale, CA",2026-08-01T08:47:14Z,https://earthquake.usgs.gov/earthquakes/eventpage/nc75409502,usgs:nc75409502,"8 km ESE of Cloverdale, CA",CA,US,1.13,md,,38.7770004272461,-122.937164306641,4.80999994277954,2026-08-01T10:37:19Z,2026-08-06T17:28:20Z,2026-08-06T17:28:20Z
usgs:nc75409497,usgs,sismo,"M 1.1 - 8 km ESE of Cloverdale, CA",2026-08-01T08:43:18Z,https://earthquake.usgs.gov/earthquakes/eventpage/nc75409497,usgs:nc75409497,"8 km ESE of Cloverdale, CA",CA,US,1.07,md,,38.7761650085449,-122.9306640625,3.3199999332428,2026-08-01T08:44:54Z,2026-08-06T17:28:20Z,2026-08-06T17:28:20Z
usgs:nc75409492,usgs,sismo,"M 1.1 - 7 km ESE of Cloverdale, CA",2026-08-01T08:37:13Z,https://earthquake.usgs.gov/earthquakes/eventpage/nc75409492,usgs:nc75409492,"7 km ESE of Cloverdale, CA",CA,US,1.11,md,,38.771167755127,-122.943168640137,3.29999995231628,2026-08-01T09:12:24Z,2026-08-06T17:28:20Z,2026-08-06T17:28:20Z
usgs:aka2026pcfuep,usgs,sismo,"M 3.1 - 189 km SSE of Unalaska, Alaska",2026-08-01T08:34:23Z,https://earthquake.usgs.gov/earthquakes/eventpage/aka2026pcfuep,usgs:aka2026pcfuep,"189 km SSE of Unalaska, Alaska",Alaska,US,3.1,ml,,52.213,-165.929,10.9,2026-08-05T22:49:34Z,2026-08-06T17:28:20Z,2026-08-06T17:28:20Z
usgs:aka2026pcfrlf,usgs,sismo,"M 1.8 - 59 km SSW of Adak, Alaska",2026-08-01T08:30:51Z,https://earthquake.usgs.gov/earthquakes/eventpage/aka2026pcfrlf,usgs:aka2026pcfrlf,"59 km SSW of Adak, Alaska",Alaska,US,1.8,ml,,51.401,-177.039,34.4,2026-08-05T22:48:00Z,2026-08-06T17:28:20Z,2026-08-06T17:28:20Z
usgs:nc75409487,usgs,sismo,"M 1.1 - 8 km SE of Cloverdale, CA",2026-08-01T08:30:32Z,https://earthquake.usgs.gov/earthquakes/eventpage/nc75409487,usgs:nc75409487,"8 km SE of Cloverdale, CA",CA,US,1.07,md,,38.7675018310547,-122.945167541504,2.35999989509583,2026-08-01T08:32:09Z,2026-08-06T17:28:20Z,2026-08-06T17:28:20Z
usgs:tx2026ozuswi,usgs,sismo,"M 1.6 - 13 km ESE of Pearsall, Texas",2026-08-01T08:26:16Z,https://earthquake.usgs.gov/earthquakes/eventpage/tx2026ozuswi,usgs:tx2026ozuswi,"13 km ESE of Pearsall, Texas",Texas,US,1.6,ml,,28.827,-98.984,8.4591,2026-08-03T13:53:39Z,2026-08-06T17:28:20Z,2026-08-06T17:28:20Z
usgs:nc75409482,usgs,sismo,"M 1.2 - 7 km ESE of Cloverdale, CA",2026-08-01T08:23:10Z,https://earthquake.usgs.gov/earthquakes/eventpage/nc75409482,usgs:nc75409482,"7 km ESE of Cloverdale, CA",CA,US,1.15,md,,38.7755012512207,-122.942001342773,4.82000017166138,2026-08-01T10:12:19Z,2026-08-06T17:28:20Z,2026-08-06T17:28:20Z
usgs:us6000thfh,usgs,sismo,"M 4.6 - 99 km WSW of Puerto Madero, Mexico",2026-08-01T08:21:47Z,https://earthquake.usgs.gov/earthquakes/eventpage/us6000thfh,usgs:us6000thfh,"99 km WSW of Puerto Madero, Mexico",Mexico,US,4.6,mb,,14.3393,-93.2587,11.917,2026-08-03T08:44:01Z,2026-08-06T17:28:20Z,2026-08-06T17:28:20Z
usgs:aka2026pcfeuy,usgs,sismo,"M 2.6 - 246 km WSW of Adak, Alaska",2026-08-01T08:16:16Z,https://earthquake.usgs.gov/earthquakes/eventpage/aka2026pcfeuy,usgs:aka2026pcfeuy,"246 km WSW of Adak, Alaska",Alaska,US,2.6,ml,,51.025,-179.907,7.6,2026-08-05T22:46:21Z,2026-08-06T17:28:20Z,2026-08-06T17:28:20Z
usgs:nc75409477,usgs,sismo,"M 1.4 - 7 km ESE of Cloverdale, CA",2026-08-01T08:15:38Z,https://earthquake.usgs.gov/earthquakes/eventpage/nc75409477,usgs:nc75409477,"7 km ESE of Cloverdale, CA",CA,US,1.35,md,,38.7729988098145,-122.944664001465,6.92999982833862,2026-08-01T08:52:24Z,2026-08-06T17:28:20Z,2026-08-06T17:28:20Z
usgs:nc75409472,usgs,sismo,"M 1.4 - 7 km ESE of Cloverdale, CA",2026-08-01T08:14:55Z,https://earthquake.usgs.gov/earthquakes/eventpage/nc75409472,usgs:nc75409472,"7 km ESE of Cloverdale, CA",CA,US,1.41,md,,38.7713317871094,-122.951332092285,5.84000015258789,2026-08-01T09:42:22Z,2026-08-06T17:28:20Z,2026-08-06T17:28:20Z
usgs:nc75409467,usgs,sismo,"M 1.1 - 7 km ESE of Cloverdale, CA",2026-08-01T08:14:36Z,https://earthquake.usgs.gov/earthquakes/eventpage/nc75409467,usgs:nc75409467,"7 km ESE of Cloverdale, CA",CA,US,1.07,md,,38.7746658325195,-122.943336486816,6.13000011444092,2026-08-01T08:16:15Z,2026-08-06T17:28:20Z,2026-08-06T17:28:20Z
usgs:aka2026pcezea,usgs,sismo,"M 2.2 - 2 km WNW of Kobuk, Alaska",2026-08-01T08:09:47Z,https://earthquake.usgs.gov/earthquakes/eventpage/aka2026pcezea,usgs:aka2026pcezea,"2 km WNW of Kobuk, Alaska",Alaska,US,2.2,ml,,66.913,-156.943,7.7,2026-08-06T16:28:53Z,2026-08-06T17:28:20Z,2026-08-06T17:28:20Z
usgs:nc75409462,usgs,sismo,"M 1.1 - 8 km ESE of Cloverdale, CA",2026-08-01T08:02:38Z,https://earthquake.usgs.gov/earthquakes/eventpage/nc75409462,usgs:nc75409462,"8 km ESE of Cloverdale, CA",CA,US,1.08,md,,38.7751655578613,-122.938835144043,4.48999977111816,2026-08-01T08:04:15Z,2026-08-06T17:28:20Z,2026-08-06T17:28:20Z
usgs:ci40664578,usgs,sismo,"M 0.8 - 8 km SSE of Redlands, CA",2026-08-01T08:02:18Z,https://earthquake.usgs.gov/earthquakes/eventpage/ci40664578,usgs:ci40664578,"8 km SSE of Redlands, CA",CA,US,0.83,ml,,33.9861666666667,-117.153166666667,10.49,2026-08-02T13:40:27Z,2026-08-06T17:28:20Z,2026-08-06T17:28:20Z
usgs:aka2026pcesoq,usgs,sismo,"M 0.4 - 64 km ENE of Pedro Bay, Alaska",2026-08-01T08:02:10Z,https://earthquake.usgs.gov/earthquakes/eventpage/aka2026pcesoq,usgs:aka2026pcesoq,"64 km ENE of Pedro Bay, Alaska",Alaska,US,0.4,ml,,60.039,-153.073,5.0,2026-08-02T05:27:00Z,2026-08-06T17:28:20Z,2026-08-06T17:28:20Z
usgs:nc75409457,usgs,sismo,"M 1.1 - 7 km ESE of Cloverdale, CA",2026-08-01T08:00:47Z,https://earthquake.usgs.gov/earthquakes/eventpage/nc75409457,usgs:nc75409457,"7 km ESE of Cloverdale, CA",CA,US,1.12,md,,38.7738342285156,-122.945831298828,4.67000007629395,2026-08-01T08:52:24Z,2026-08-06T17:28:20Z,2026-08-06T17:28:20Z
usgs:nc75409452,usgs,sismo,"M 3.7 - 7 km ESE of Cloverdale, CA",2026-08-01T07:57:45Z,https://earthquake.usgs.gov/earthquakes/eventpage/nc75409452,usgs:nc75409452,"7 km ESE of Cloverdale, CA",CA,US,3.67,mw,,38.7766666666667,-122.939666666667,6.69,2026-08-04T06:14:27Z,2026-08-06T17:28:20Z,2026-08-06T17:28:20Z
usgs:nc75409447,usgs,sismo,"M 1.1 - 8 km ESE of Cloverdale, CA",2026-08-01T07:54:47Z,https://earthquake.usgs.gov/earthquakes/eventpage/nc75409447,usgs:nc75409447,"8 km ESE of Cloverdale, CA",CA,US,1.09,md,,38.7761650085449,-122.933502197266,3.70000004768372,2026-08-01T07:56:24Z,2026-08-06T17:28:20Z,2026-08-06T17:28:20Z
usgs:aka2026pcelmg,usgs,sismo,"M 2.0 - 72 km SE of Adak, Alaska",2026-08-01T07:53:59Z,https://earthquake.usgs.gov/earthquakes/eventpage/aka2026pcelmg,usgs:aka2026pcelmg,"72 km SE of Adak, Alaska",Alaska,US,2.0,ml,,51.367,-175.975,27.9,2026-08-05T22:44:48Z,2026-08-06T17:28:20Z,2026-08-06T17:28:20Z
usgs:tx2026oztpqu,usgs,sismo,"M 1.5 - 11 km ESE of Pearsall, Texas",2026-08-01T07:52:21Z,https://earthquake.usgs.gov/earthquakes/eventpage/tx2026oztpqu,usgs:tx2026oztpqu,"11 km ESE of Pearsall, Texas",Texas,US,1.5,ml,,28.854,-98.982,7.4565,2026-08-03T14:46:13Z,2026-08-06T17:28:20Z,2026-08-06T17:28:20Z
usgs:us6000thf5,usgs,sismo,"M 4.4 - 28 km SW of Ollagüe, Chile",2026-08-01T07:50:45Z,https://earthquake.usgs.gov/earthquakes/eventpage/us6000thf5,usgs:us6000thf5,"28 km SW of Ollagüe, Chile",Chile,CL,4.4,mb,,-21.4068,-68.451,142.886,2026-08-01T08:57:36Z,2026-08-06T17:28:20Z,2026-08-06T17:28:20Z
usgs:ci40664570,usgs,sismo,"M 1.2 - 18 km WSW of Johannesburg, CA",2026-08-01T07:47:41Z,https://earthquake.usgs.gov/earthquakes/eventpage/ci40664570,usgs:ci40664570,"18 km WSW of Johannesburg, CA",CA,US,1.2,ml,,35.3115,-117.821666666667,9.27,2026-08-02T13:42:36Z,2026-08-06T17:28:20Z,2026-08-06T17:28:20Z
usgs:us6000thf3,usgs,sismo,M 5.1 - south of the Fiji Islands,2026-08-01T07:46:03Z,https://earthquake.usgs.gov/earthquakes/eventpage/us6000thf3,usgs:us6000thf3,south of the Fiji Islands,,,5.1,mb,,-22.3815,-179.1255,544.366,2026-08-01T08:02:03Z,2026-08-06T17:28:20Z,2026-08-06T17:28:20Z
usgs:uu80146831,usgs,sismo,"M 0.5 - 25 km ENE of West Yellowstone, Montana",2026-08-01T07:44:51Z,https://earthquake.usgs.gov/earthquakes/eventpage/uu80146831,usgs:uu80146831,"25 km ENE of West Yellowstone, Montana",Montana,US,0.52,ml,,44.7396666666667,-110.803,2.21,2026-08-03T13:07:23Z,2026-08-06T17:28:20Z,2026-08-06T17:28:20Z
usgs:ci40664562,usgs,sismo,"M 1.4 - 18 km WNW of Progreso, B.C., MX",2026-08-01T07:35:17Z,https://earthquake.usgs.gov/earthquakes/eventpage/ci40664562,usgs:ci40664562,"18 km WNW of Progreso, B.C., MX",MX,MX,1.44,ml,,32.6486666666667,-115.752166666667,5.74,2026-08-02T13:39:51Z,2026-08-06T17:28:20Z,2026-08-06T17:28:20Z
usgs:ci40664554,usgs,sismo,"M 1.4 - 2 km NNW of Frazier Park, CA",2026-08-01T07:25:57Z,https://earthquake.usgs.gov/earthquakes/eventpage/ci40664554,usgs:ci40664554,"2 km NNW of Frazier Park, CA",CA,US,1.42,ml,,34.84,-118.956,11.81,2026-08-02T13:40:10Z,2026-08-06T17:28:20Z,2026-08-06T17:28:20Z
usgs:aka2026pcdnco,usgs,sismo,"M 2.4 - 82 km SSE of Atka, Alaska",2026-08-01T07:25:53Z,https://earthquake.usgs.gov/earthquakes/eventpage/aka2026pcdnco,usgs:aka2026pcdnco,"82 km SSE of Atka, Alaska",Alaska,US,2.4,ml,,51.475,-173.896,5.0,2026-08-05T22:43:04Z,2026-08-06T17:28:20Z,2026-08-06T17:28:20Z
usgs:ci40664546,usgs,sismo,"M 2.4 - 2 km NNW of Frazier Park, CA",2026-08-01T07:23:39Z,https://earthquake.usgs.gov/earthquakes/eventpage/ci40664546,usgs:ci40664546,"2 km NNW of Frazier Park, CA",CA,US,2.44,ml,,34.8421666666667,-118.955833333333,11.82,2026-08-02T14:57:08Z,2026-08-06T17:28:20Z,2026-08-06T17:28:20Z
usgs:tx2026ozsnqv,usgs,sismo,"M 1.2 - 14 km SE of Pearsall, Texas",2026-08-01T07:19:53Z,https://earthquake.usgs.gov/earthquakes/eventpage/tx2026ozsnqv,usgs:tx2026ozsnqv,"14 km SE of Pearsall, Texas",Texas,US,1.2,ml,,28.813,-98.972,3.4803,2026-08-06T13:53:55Z,2026-08-06T17:28:20Z,2026-08-06T17:28:20Z
usgs:av94349608,usgs,sismo,"M 0.5 - 86 km NW of Karluk, Alaska",2026-08-01T07:02:30Z,https://earthquake.usgs.gov/earthquakes/eventpage/av94349608,usgs:av94349608,"86 km NW of Karluk, Alaska",Alaska,US,0.49,ml,,58.1645,-155.380666666667,1.57,2026-08-02T05:30:01Z,2026-08-06T17:28:20Z,2026-08-06T17:28:20Z
usgs:us6000they,usgs,sismo,"M 4.3 - 53 km NNE of Tokur, Russia",2026-08-01T07:02:06Z,https://earthquake.usgs.gov/earthquakes/eventpage/us6000they,usgs:us6000they,"53 km NNE of Tokur, Russia",Russia,RU,4.3,mb,,53.5895,133.1523,10.0,2026-08-03T10:47:03Z,2026-08-06T17:28:20Z,2026-08-06T17:28:20Z
usgs:aka2026pccshk,usgs,sismo,"M 1.7 - 77 km NW of Yakutat, Alaska",2026-08-01T07:01:53Z,https://earthquake.usgs.gov/earthquakes/eventpage/aka2026pccshk,usgs:aka2026pccshk,"77 km NW of Yakutat, Alaska",Alaska,US,1.7,ml,,60.026,-140.722,16.8,2026-08-05T22:41:03Z,2026-08-06T17:28:20Z,2026-08-06T17:28:20Z
usgs:aka2026pccmkv,usgs,sismo,"M 3.6 - 233 km ESE of Attu Station, Alaska",2026-08-01T06:54:54Z,https://earthquake.usgs.gov/earthquakes/eventpage/aka2026pccmkv,usgs:aka2026pccmkv,"233 km ESE of Attu Station, Alaska",Alaska,US,3.6,ml,,51.843,176.193,5.0,2026-08-05T22:39:32Z,2026-08-06T17:28:20Z,2026-08-06T17:28:20Z
usgs:aka2026pcchks,usgs,sismo,"M 2.1 - 94 km SSW of Unalaska, Alaska",2026-08-01T06:49:20Z,https://earthquake.usgs.gov/earthquakes/eventpage/aka2026pcchks,usgs:aka2026pcchks,"94 km SSW of Unalaska, Alaska",Alaska,US,2.1,ml,,53.057,-166.926,43.1,2026-08-05T22:37:02Z,2026-08-06T17:28:20Z,2026-08-06T17:28:20Z
usgs:us6000thex,usgs,sismo,"M 4.4 - 273 km SSW of Severo-Kuril’sk, Russia",2026-08-01T06:48:12Z,https://earthquake.usgs.gov/earthquakes/eventpage/us6000thex,usgs:us6000thex,"273 km SSW of Severo-Kuril’sk, Russia",Russia,RU,4.4,mb,,48.3782,154.7658,35.0,2026-08-01T07:38:09Z,2026-08-06T17:28:20Z,2026-08-06T17:28:20Z
usgs:pr71526913,usgs,sismo,"M 3.3 - 109 km N of Suárez, Puerto Rico",2026-08-01T06:39:04Z,https://earthquake.usgs.gov/earthquakes/eventpage/pr71526913,usgs:pr71526913,"109 km N of Suárez, Puerto Rico",Puerto Rico,PR,3.3,md,,19.4135,-65.7055,25.84,2026-08-01T12:56:44Z,2026-08-06T17:28:20Z,2026-08-06T17:28:20Z
usgs:ci40664538,usgs,sismo,"M 0.3 - 23 km N of Ridgecrest, CA",2026-08-01T06:31:40Z,https://earthquake.usgs.gov/earthquakes/eventpage/ci40664538,usgs:ci40664538,"23 km N of Ridgecrest, CA",CA,US,0.34,ml,,35.8268333333333,-117.659,8.83,2026-08-02T13:40:06Z,2026-08-06T17:28:20Z,2026-08-06T17:28:20Z
usgs:uw714067651,usgs,sismo,"M 1.7 - 3 km N of Lyman, Washington",2026-08-01T06:31:33Z,https://earthquake.usgs.gov/earthquakes/eventpage/uw714067651,usgs:uw714067651,"3 km N of Lyman, Washington",Washington,US,1.69,ml,,48.5566666666667,-122.055666666667,5.47,2026-08-01T16:05:10Z,2026-08-06T17:28:20Z,2026-08-06T17:28:20Z
usgs:tx2026ozquaa,usgs,sismo,"M 1.9 - 12 km SE of Pearsall, Texas",2026-08-01T06:26:52Z,https://earthquake.usgs.gov/earthquakes/eventpage/tx2026ozquaa,usgs:tx2026ozquaa,"12 km SE of Pearsall, Texas",Texas,US,1.9,ml,,28.825,-98.988,9.1072,2026-08-04T18:29:02Z,2026-08-06T17:28:20Z,2026-08-06T17:28:20Z
usgs:ok2026oxuv,usgs,sismo,"M 0.6 - 5 km N of Stroud, Oklahoma",2026-08-01T06:08:57Z,https://earthquake.usgs.gov/earthquakes/eventpage/ok2026oxuv,usgs:ok2026oxuv,"5 km N of Stroud, Oklahoma",Oklahoma,US,0.56,ml,,35.79566667,-96.65583333,7.8,2026-08-05T17:23:16Z,2026-08-06T17:28:20Z,2026-08-06T17:28:20Z
usgs:nn00922676,usgs,sismo,"M 1.6 - 76 km ENE of Tonopah, Nevada",2026-08-01T06:05:18Z,https://earthquake.usgs.gov/earthquakes/eventpage/nn00922676,usgs:nn00922676,"76 km ENE of Tonopah, Nevada",Nevada,US,1.62,ml,,38.4418,-116.4954,3.2888,2026-08-01T06:07:57Z,2026-08-06T17:28:20Z,2026-08-06T17:28:20Z
usgs:us6000thev,usgs,sismo,"M 4.4 - Volcano Islands, Japan region",2026-08-01T06:01:57Z,https://earthquake.usgs.gov/earthquakes/eventpage/us6000thev,usgs:us6000thev,"Volcano Islands, Japan region",Japan region,JP,4.4,mb,,24.3042,142.5554,35.0,2026-08-01T07:12:22Z,2026-08-06T17:28:20Z,2026-08-06T17:28:20Z
usgs:nc75409417,usgs,sismo,"M 1.1 - 7 km ESE of Cloverdale, CA",2026-08-01T05:58:00Z,https://earthquake.usgs.gov/earthquakes/eventpage/nc75409417,usgs:nc75409417,"7 km ESE of Cloverdale, CA",CA,US,1.13,md,,38.7745018005371,-122.943000793457,4.40000009536743,2026-08-01T06:37:21Z,2026-08-06T17:28:20Z,2026-08-06T17:28:20Z
usgs:aka2026pcaoke,usgs,sismo,"M 1.9 - 30 km W of Four Mile Road, Alaska",2026-08-01T05:57:25Z,https://earthquake.usgs.gov/earthquakes/eventpage/aka2026pcaoke,usgs:aka2026pcaoke,"30 km W of Four Mile Road, Alaska",Alaska,US,1.9,ml,,64.641,-149.753,2.4,2026-08-05T22:35:44Z,2026-08-06T17:28:20Z,2026-08-06T17:28:20Z
usgs:aka2026pcagze,usgs,sismo,"M 2.4 - 104 km SSE of Akhiok, Alaska",2026-08-01T05:48:46Z,https://earthquake.usgs.gov/earthquakes/eventpage/aka2026pcagze,usgs:aka2026pcagze,"104 km SSE of Akhiok, Alaska",Alaska,US,2.4,ml,,56.084,-153.502,27.5,2026-08-05T22:34:26Z,2026-08-06T17:28:20Z,2026-08-06T17:28:20Z
usgs:tx2026ozpgqq,usgs,sismo,"M 1.5 - 13 km SE of Pearsall, Texas",2026-08-01T05:41:12Z,https://earthquake.usgs.gov/earthquakes/eventpage/tx2026ozpgqq,usgs:tx2026ozpgqq,"13 km SE of Pearsall, Texas",Texas,US,1.5,ml,,28.82,-98.99,7.0465,2026-08-03T08:25:40Z,2026-08-06T17:28:20Z,2026-08-06T17:28:20Z
usgs:aka2026pbznco,usgs,sismo,"M 3.1 - Rat Islands, Aleutian Islands, Alaska",2026-08-01T05:26:54Z,https://earthquake.usgs.gov/earthquakes/eventpage/aka2026pbznco,usgs:aka2026pbznco,"Rat Islands, Aleutian Islands, Alaska",Alaska,US,3.1,ml,,51.66,178.865,82.0,2026-08-05T22:29:39Z,2026-08-06T17:28:20Z,2026-08-06T17:28:20Z
usgs:nc75409407,usgs,sismo,"M 1.5 - 7 km ESE of Cloverdale, CA",2026-08-01T05:15:18Z,https://earthquake.usgs.gov/earthquakes/eventpage/nc75409407,usgs:nc75409407,"7 km ESE of Cloverdale, CA",CA,US,1.5,md,,38.7765007019043,-122.939666748047,5.01000022888184,2026-08-01T06:12:23Z,2026-08-06T17:28:20Z,2026-08-06T17:28:20Z
usgs:tx2026ozoiko,usgs,sismo,"M 2.2 - 15 km ESE of Pearsall, Texas",2026-08-01T05:13:04Z,https://earthquake.usgs.gov/earthquakes/eventpage/tx2026ozoiko,usgs:tx2026ozoiko,"15 km ESE of Pearsall, Texas",Texas,US,2.2,ml,,28.833,-98.953,7.2307,2026-08-03T07:08:14Z,2026-08-06T17:28:20Z,2026-08-06T17:28:20Z
usgs:pr71526908,usgs,sismo,"M 3.3 - 73 km NNW of Charlotte Amalie, U.S. Virgin Islands",2026-08-01T05:09:48Z,https://earthquake.usgs.gov/earthquakes/eventpage/pr71526908,usgs:pr71526908,"73 km NNW of Charlotte Amalie, U.S. Virgin Islands",U.S. Virgin Islands,VI,3.28,md,,18.9903333333333,-65.072,7.13,2026-08-01T10:53:47Z,2026-08-06T17:28:20Z,2026-08-06T17:28:20Z
usgs:nc75409402,usgs,sismo,"M 1.7 - 10 km ESE of Willits, CA",2026-08-01T05:09:45Z,https://earthquake.usgs.gov/earthquakes/eventpage/nc75409402,usgs:nc75409402,"10 km ESE of Willits, CA",CA,US,1.71,md,,39.3699989318848,-123.250999450684,2.82999992370605,2026-08-01T05:47:24Z,2026-08-06T17:28:20Z,2026-08-06T17:28:20Z
usgs:ci40664530,usgs,sismo,"M 1.0 - 17 km N of Borrego Springs, CA",2026-08-01T05:01:57Z,https://earthquake.usgs.gov/earthquakes/eventpage/ci40664530,usgs:ci40664530,"17 km N of Borrego Springs, CA",CA,US,1.02,ml,,33.4111666666667,-116.358166666667,11.98,2026-08-02T13:40:32Z,2026-08-06T17:28:20Z,2026-08-06T17:28:20Z
usgs:av94349388,usgs,sismo,"M 0.3 - 150 km W of Adak, Alaska",2026-08-01T04:58:11Z,https://earthquake.usgs.gov/earthquakes/eventpage/av94349388,usgs:av94349388,"150 km W of Adak, Alaska",Alaska,US,0.31,ml,,51.776,-178.815333333333,11.71,2026-08-02T02:37:52Z,2026-08-06T17:28:20Z,2026-08-06T17:28:20Z
usgs:aka2026pbyiei,usgs,sismo,"M 2.9 - 97 km NE of Atka, Alaska",2026-08-01T04:50:15Z,https://earthquake.usgs.gov/earthquakes/eventpage/aka2026pbyiei,usgs:aka2026pbyiei,"97 km NE of Atka, Alaska",Alaska,US,2.9,ml,,52.693,-173.024,204.3,2026-08-05T22:25:14Z,2026-08-06T17:28:20Z,2026-08-06T17:28:20Z
usgs:us6000thel,usgs,sismo,M 4.5 - south of the Fiji Islands,2026-08-01T04:50:12Z,https://earthquake.usgs.gov/earthquakes/eventpage/us6000thel,usgs:us6000thel,south of the Fiji Islands,,,4.5,mb,,-23.7435,-179.5569,493.554,2026-08-01T05:15:21Z,2026-08-06T17:28:20Z,2026-08-06T17:28:20Z
usgs:us6000thej,usgs,sismo,"M 5.6 - 200 km SW of Port McNeill, Canada",2026-08-01T04:49:01Z,https://earthquake.usgs.gov/earthquakes/eventpage/us6000thej,usgs:us6000thej,"200 km SW of Port McNeill, Canada",Canada,CA,5.6,mww,verde,49.6033,-129.4251,10.0,2026-08-05T17:29:27Z,2026-08-06T17:28:20Z,2026-08-06T17:28:20Z
usgs:ci40664522,usgs,sismo,"M 0.7 - 5 km E of Anza, CA",2026-08-01T04:45:53Z,https://earthquake.usgs.gov/earthquakes/eventpage/ci40664522,usgs:ci40664522,"5 km E of Anza, CA",CA,US,0.66,ml,,33.5615,-116.620833333333,12.01,2026-08-02T13:40:30Z,2026-08-06T17:28:20Z,2026-08-06T17:28:20Z
usgs:aka2026pbydux,usgs,sismo,"M 2.4 - 120 km S of False Pass, Alaska",2026-08-01T04:45:14Z,https://earthquake.usgs.gov/earthquakes/eventpage/aka2026pbydux,usgs:aka2026pbydux,"120 km S of False Pass, Alaska",Alaska,US,2.4,ml,,53.772,-163.411,8.9,2026-08-05T22:16:29Z,2026-08-06T17:28:20Z,2026-08-06T17:28:20Z
usgs:aka2026pbydwn,usgs,sismo,"M 3.0 - 235 km ESE of Attu Station, Alaska",2026-08-01T04:45:11Z,https://earthquake.usgs.gov/earthquakes/eventpage/aka2026pbydwn,usgs:aka2026pbydwn,"235 km ESE of Attu Station, Alaska",Alaska,US,3.0,ml,,51.941,176.312,5.0,2026-08-05T22:22:47Z,2026-08-06T17:28:20Z,2026-08-06T17:28:20Z
usgs:tx2026ozngjc,usgs,sismo,"M 1.3 - 11 km SE of Pearsall, Texas",2026-08-01T04:40:30Z,https://earthquake.usgs.gov/earthquakes/eventpage/tx2026ozngjc,usgs:tx2026ozngjc,"11 km SE of Pearsall, Texas",Texas,US,1.3,ml,,28.822,-99.004,8.1805,2026-08-03T15:11:23Z,2026-08-06T17:28:20Z,2026-08-06T17:28:20Z
usgs:nc75409392,usgs,sismo,"M 1.3 - 6 km WSW of Gilroy, CA",2026-08-01T04:33:32Z,https://earthquake.usgs.gov/earthquakes/eventpage/nc75409392,usgs:nc75409392,"6 km WSW of Gilroy, CA",CA,US,1.28,md,,36.9830017089844,-121.629333496094,1.44000005722046,2026-08-01T05:22:21Z,2026-08-06T17:28:20Z,2026-08-06T17:28:20Z
usgs:av94349328,usgs,sismo,"M -0.5 - 63 km ENE of Pedro Bay, Alaska",2026-08-01T04:33:31Z,https://earthquake.usgs.gov/earthquakes/eventpage/av94349328,usgs:av94349328,"63 km ENE of Pedro Bay, Alaska",Alaska,US,-0.48,ml,,60.0238333333333,-153.069,-2.34,2026-08-02T04:52:59Z,2026-08-06T17:28:20Z,2026-08-06T17:28:20Z
usgs:aka2026pbxrsl,usgs,sismo,"M 1.5 - 28 km W of Four Mile Road, Alaska",2026-08-01T04:31:18Z,https://earthquake.usgs.gov/earthquakes/eventpage/aka2026pbxrsl,usgs:aka2026pbxrsl,"28 km W of Four Mile Road, Alaska",Alaska,US,1.5,ml,,64.625,-149.722,12.1,2026-08-05T22:14:07Z,2026-08-06T17:28:20Z,2026-08-06T17:28:20Z
usgs:aka2026pbxrdo,usgs,sismo,"M 2.2 - 127 km S of Akhiok, Alaska",2026-08-01T04:30:36Z,https://earthquake.usgs.gov/earthquakes/eventpage/aka2026pbxrdo,usgs:aka2026pbxrdo,"127 km S of Akhiok, Alaska",Alaska,US,2.2,ml,,55.807,-154.351,19.6,2026-08-05T22:10:38Z,2026-08-06T17:28:20Z,2026-08-06T17:28:20Z
usgs:aka2026pbxotp,usgs,sismo,"M 1.5 - 55 km E of Denali National Park, Alaska",2026-08-01T04:27:53Z,https://earthquake.usgs.gov/earthquakes/eventpage/aka2026pbxotp,usgs:aka2026pbxotp,"55 km E of Denali National Park, Alaska",Alaska,US,1.5,ml,,63.541,-150.613,6.4,2026-08-06T16:24:06Z,2026-08-06T17:28:20Z,2026-08-06T17:28:20Z
usgs:nc75409387,usgs,sismo,"M 1.4 - 3 km N of Redwood Valley, CA",2026-08-01T04:25:15Z,https://earthquake.usgs.gov/earthquakes/eventpage/nc75409387,usgs:nc75409387,"3 km N of Redwood Valley, CA",CA,US,1.41,md,,39.2903327941895,-123.203834533691,6.19999980926514,2026-08-01T04:57:20Z,2026-08-06T17:28:20Z,2026-08-06T17:28:20Z
usgs:ci40664514,usgs,sismo,"M 0.7 - 10 km ENE of Ocotillo Wells, CA",2026-08-01T04:20:03Z,https://earthquake.usgs.gov/earthquakes/eventpage/ci40664514,usgs:ci40664514,"10 km ENE of Ocotillo Wells, CA",CA,US,0.73,ml,,33.1726666666667,-116.027333333333,7.72,2026-08-03T18:39:14Z,2026-08-06T17:28:20Z,2026-08-06T17:28:20Z
usgs:aka2026pbwmny,usgs,sismo,"M 1.9 - 27 km W of Four Mile Road, Alaska",2026-08-01T03:55:16Z,https://earthquake.usgs.gov/earthquakes/eventpage/aka2026pbwmny,usgs:aka2026pbwmny,"27 km W of Four Mile Road, Alaska",Alaska,US,1.9,ml,,64.618,-149.704,13.1,2026-08-05T22:08:42Z,2026-08-06T17:28:20Z,2026-08-06T17:28:20Z
usgs:aka2026pbwkuo,usgs,sismo,"M 1.9 - 37 km W of Four Mile Road, Alaska",2026-08-01T03:53:18Z,https://earthquake.usgs.gov/earthquakes/eventpage/aka2026pbwkuo,usgs:aka2026pbwkuo,"37 km W of Four Mile Road, Alaska",Alaska,US,1.9,ml,,64.611,-149.893,11.4,2026-08-05T22:06:33Z,2026-08-06T17:28:20Z,2026-08-06T17:28:20Z
usgs:aka2026pbwgoo,usgs,sismo,"M 2.4 - 29 km W of Four Mile Road, Alaska",2026-08-01T03:48:36Z,https://earthquake.usgs.gov/earthquakes/eventpage/aka2026pbwgoo,usgs:aka2026pbwgoo,"29 km W of Four Mile Road, Alaska",Alaska,US,2.4,ml,,64.627,-149.744,15.9,2026-08-05T21:57:21Z,2026-08-06T17:28:20Z,2026-08-06T17:28:20Z
usgs:aka2026pbwdsn,usgs,sismo,"M 2.2 - 28 km W of Four Mile Road, Alaska",2026-08-01T03:45:06Z,https://earthquake.usgs.gov/earthquakes/eventpage/aka2026pbwdsn,usgs:aka2026pbwdsn,"28 km W of Four Mile Road, Alaska",Alaska,US,2.2,ml,,64.625,-149.703,15.9,2026-08-05T21:49:14Z,2026-08-06T17:28:20Z,2026-08-06T17:28:20Z
usgs:us6000thef,usgs,sismo,"M 4.6 - 25 km S of Daliao, Philippines",2026-08-01T03:42:50Z,https://earthquake.usgs.gov/earthquakes/eventpage/us6000thef,usgs:us6000thef,"25 km S of Daliao, Philippines",Philippines,PH,4.6,mb,,5.6352,124.9258,35.0,2026-08-01T08:27:04Z,2026-08-06T17:28:20Z,2026-08-06T17:28:20Z
usgs:aka2026pbwbgk,usgs,otro,"M 1.7 Other Event - 32 km W of Four Mile Road, Alaska",2026-08-01T03:42:19Z,https://earthquake.usgs.gov/earthquakes/eventpage/aka2026pbwbgk,usgs:aka2026pbwbgk,"32 km W of Four Mile Road, Alaska",Alaska,US,1.7,ml,,64.598,-149.797,0.0,2026-08-05T21:57:29Z,2026-08-06T17:28:20Z,2026-08-06T17:28:20Z
usgs:tx2026ozkzgk,usgs,sismo,"M 0.5 - 20 km SW of Ackerly, Texas",2026-08-01T03:32:04Z,https://earthquake.usgs.gov/earthquakes/eventpage/tx2026ozkzgk,usgs:tx2026ozkzgk,"20 km SW of Ackerly, Texas",Texas,US,0.5,ml,,32.416,-101.894,8.8135,2026-08-03T09:41:47Z,2026-08-06T17:28:20Z,2026-08-06T17:28:20Z
usgs:aka2026pbvoew,usgs,sismo,"M 2.4 - 261 km W of Adak, Alaska",2026-08-01T03:27:14Z,https://earthquake.usgs.gov/earthquakes/eventpage/aka2026pbvoew,usgs:aka2026pbvoew,"261 km W of Adak, Alaska",Alaska,US,2.4,ml,,51.701,179.589,110.1,2026-08-05T19:45:40Z,2026-08-06T17:28:20Z,2026-08-06T17:28:20Z
usgs:us6000the7,usgs,sismo,"M 4.8 - 44 km NW of Te Anau, New Zealand",2026-08-01T03:23:55Z,https://earthquake.usgs.gov/earthquakes/eventpage/us6000the7,usgs:us6000the7,"44 km NW of Te Anau, New Zealand",New Zealand,NZ,4.8,mb,,-45.0973,167.3746,112.486,2026-08-03T21:05:10Z,2026-08-06T17:28:20Z,2026-08-06T17:28:20Z
usgs:aka2026pbvjyn,usgs,sismo,"M 2.3 - 26 km NNE of Beluga, Alaska",2026-08-01T03:22:27Z,https://earthquake.usgs.gov/earthquakes/eventpage/aka2026pbvjyn,usgs:aka2026pbvjyn,"26 km NNE of Beluga, Alaska",Alaska,US,2.3,ml,,61.354,-150.88,66.2,2026-08-05T19:45:27Z,2026-08-06T17:28:20Z,2026-08-06T17:28:20Z
usgs:av94349203,usgs,sismo,"M -0.6 - 62 km ENE of Pedro Bay, Alaska",2026-08-01T03:08:26Z,https://earthquake.usgs.gov/earthquakes/eventpage/av94349203,usgs:av94349203,"62 km ENE of Pedro Bay, Alaska",Alaska,US,-0.59,ml,,60.0451666666667,-153.115833333333,0.81,2026-08-02T04:48:59Z,2026-08-06T17:28:20Z,2026-08-06T17:28:20Z
usgs:pr71526898,usgs,sismo,"M 2.0 - 6 km SSW of Indios, Puerto Rico",2026-08-01T03:06:50Z,https://earthquake.usgs.gov/earthquakes/eventpage/pr71526898,usgs:pr71526898,"6 km SSW of Indios, Puerto Rico",Puerto Rico,PR,1.98,md,,17.9338333333333,-66.8375,13.2,2026-08-01T10:15:08Z,2026-08-06T17:28:20Z,2026-08-06T17:28:20Z
usgs:aka2026pburke,usgs,sismo,"M 2.4 - 142 km S of Unalaska, Alaska",2026-08-01T03:01:03Z,https://earthquake.usgs.gov/earthquakes/eventpage/aka2026pburke,usgs:aka2026pburke,"142 km S of Unalaska, Alaska",Alaska,US,2.4,ml,,52.593,-166.619,5.0,2026-08-05T19:17:46Z,2026-08-06T17:28:20Z,2026-08-06T17:28:20Z
usgs:us6000thdk,usgs,sismo,"M 5.5 - 57 km E of Mutsu, Japan",2026-08-01T02:48:01Z,https://earthquake.usgs.gov/earthquakes/eventpage/us6000thdk,usgs:us6000thdk,"57 km E of Mutsu, Japan",Japan,JP,5.5,mww,verde,41.352,141.8958,82.29,2026-08-02T14:50:42Z,2026-08-06T17:28:20Z,2026-08-06T17:28:20Z
usgs:hv75011332,usgs,sismo,"M 1.5 - 14 km S of Volcano, Hawaii",2026-08-01T02:40:33Z,https://earthquake.usgs.gov/earthquakes/eventpage/hv75011332,usgs:hv75011332,"14 km S of Volcano, Hawaii",Hawaii,US,1.54,ml,,19.311,-155.243333333333,5.88,2026-08-04T00:18:06Z,2026-08-06T17:28:20Z,2026-08-06T17:28:20Z
usgs:nc75409362,usgs,sismo,"M 1.3 - 13 km NNW of Angwin, CA",2026-08-01T02:32:24Z,https://earthquake.usgs.gov/earthquakes/eventpage/nc75409362,usgs:nc75409362,"13 km NNW of Angwin, CA",CA,US,1.34,md,,38.6833343505859,-122.496170043945,6.96999979019165,2026-08-01T03:07:23Z,2026-08-06T17:28:20Z,2026-08-06T17:28:20Z
usgs:tx2026ozizoo,usgs,sismo,"M 1.8 - 13 km SE of Pearsall, Texas",2026-08-01T02:31:57Z,https://earthquake.usgs.gov/earthquakes/eventpage/tx2026ozizoo,usgs:tx2026ozizoo,"13 km SE of Pearsall, Texas",Texas,US,1.8,ml,,28.816,-98.984,7.6364,2026-08-03T07:55:54Z,2026-08-06T17:28:20Z,2026-08-06T17:28:20Z
usgs:us6000thdg,usgs,sismo,"M 4.3 - 7 km SE of Orosi, Costa Rica",2026-08-01T02:16:27Z,https://earthquake.usgs.gov/earthquakes/eventpage/us6000thdg,usgs:us6000thdg,"7 km SE of Orosi, Costa Rica",Costa Rica,CR,4.3,mb,,9.7477,-83.8046,10.0,2026-08-01T12:54:11Z,2026-08-06T17:28:20Z,2026-08-06T17:28:20Z
usgs:aka2026pbsunp,usgs,sismo,"M 2.1 - 91 km SW of Adak, Alaska",2026-08-01T02:04:36Z,https://earthquake.usgs.gov/earthquakes/eventpage/aka2026pbsunp,usgs:aka2026pbsunp,"91 km SW of Adak, Alaska",Alaska,US,2.1,ml,,51.266,-177.527,27.6,2026-08-05T19:15:33Z,2026-08-06T17:28:20Z,2026-08-06T17:28:20Z
usgs:aka2026pbssnl,usgs,sismo,"M 1.5 - 98 km S of McCarthy, Alaska",2026-08-01T02:02:17Z,https://earthquake.usgs.gov/earthquakes/eventpage/aka2026pbssnl,usgs:aka2026pbssnl,"98 km S of McCarthy, Alaska",Alaska,US,1.5,ml,,60.564,-142.645,16.4,2026-08-05T18:57:09Z,2026-08-06T17:28:20Z,2026-08-06T17:28:20Z
usgs:nc75409357,usgs,sismo,"M 1.6 - 25 km NNW of McArthur, CA",2026-08-01T02:01:16Z,https://earthquake.usgs.gov/earthquakes/eventpage/nc75409357,usgs:nc75409357,"25 km NNW of McArthur, CA",CA,US,1.64,md,,41.2393341064453,-121.557830810547,7.19999980926514,2026-08-01T02:32:21Z,2026-08-06T17:28:20Z,2026-08-06T17:28:20Z
usgs:aka2026pbspza,usgs,sismo,"M 1.7 - 37 km NW of Akhiok, Alaska",2026-08-01T01:59:22Z,https://earthquake.usgs.gov/earthquakes/eventpage/aka2026pbspza,usgs:aka2026pbspza,"37 km NW of Akhiok, Alaska",Alaska,US,1.7,ml,,57.138,-154.684,44.8,2026-08-05T18:55:27Z,2026-08-06T17:28:20Z,2026-08-06T17:28:20Z
usgs:av94349093,usgs,sismo,"M -0.3 - 62 km ENE of Pedro Bay, Alaska",2026-08-01T01:46:15Z,https://earthquake.usgs.gov/earthquakes/eventpage/av94349093,usgs:av94349093,"62 km ENE of Pedro Bay, Alaska",Alaska,US,-0.33,ml,,60.024,-153.101666666667,1.99,2026-08-02T04:41:58Z,2026-08-06T17:28:20Z,2026-08-06T17:28:20Z
usgs:aka2026pbrzey,usgs,otro,"M 1.5 Other Event - 32 km SSE of Paxson, Alaska",2026-08-01T01:40:00Z,https://earthquake.usgs.gov/earthquakes/eventpage/aka2026pbrzey,usgs:aka2026pbrzey,"32 km SSE of Paxson, Alaska",Alaska,US,1.5,ml,,62.81,-145.434,0.0,2026-08-05T21:57:40Z,2026-08-06T17:28:20Z,2026-08-06T17:28:20Z
usgs:tx2026ozhdrx,usgs,sismo,"M 2.1 - 16 km SE of Pearsall, Texas",2026-08-01T01:36:24Z,https://earthquake.usgs.gov/earthquakes/eventpage/tx2026ozhdrx,usgs:tx2026ozhdrx,"16 km SE of Pearsall, Texas",Texas,US,2.1,ml,,28.786,-98.979,3.6942,2026-08-03T07:21:57Z,2026-08-06T17:28:20Z,2026-08-06T17:28:20Z
usgs:nc75409342,usgs,sismo,"M 1.1 - 7 km NW of The Geysers, CA",2026-08-01T01:35:34Z,https://earthquake.usgs.gov/earthquakes/eventpage/nc75409342,usgs:nc75409342,"7 km NW of The Geysers, CA",CA,US,1.05,md,,38.8228340148926,-122.806335449219,2.34999990463257,2026-08-01T01:37:12Z,2026-08-06T17:28:20Z,2026-08-06T17:28:20Z
usgs:av94349063,usgs,sismo,"M -0.5 - 61 km ENE of Pedro Bay, Alaska",2026-08-01T01:35:10Z,https://earthquake.usgs.gov/earthquakes/eventpage/av94349063,usgs:av94349063,"61 km ENE of Pedro Bay, Alaska",Alaska,US,-0.46,ml,,60.0141666666667,-153.11,-2.48,2026-08-02T04:38:28Z,2026-08-06T17:28:20Z,2026-08-06T17:28:20Z
usgs:tx2026ozhayo,usgs,sismo,"M 0.9 - 3 km E of Falls City, Texas",2026-08-01T01:33:14Z,https://earthquake.usgs.gov/earthquakes/eventpage/tx2026ozhayo,usgs:tx2026ozhayo,"3 km E of Falls City, Texas",Texas,US,0.9,ml,,28.979,-97.981,8.3523,2026-08-04T14:25:48Z,2026-08-06T17:28:20Z,2026-08-06T17:28:20Z
usgs:us6000thdc,usgs,sismo,"M 4.7 - 206 km NW of Oula Xiuma, China",2026-08-01T01:29:36Z,https://earthquake.usgs.gov/earthquakes/eventpage/us6000thdc,usgs:us6000thdc,"206 km NW of Oula Xiuma, China",China,CN,4.7,mb,,35.4802,99.4261,10.0,2026-08-01T01:50:57Z,2026-08-06T17:28:20Z,2026-08-06T17:28:20Z
usgs:us6000thdb,usgs,sismo,"M 4.6 - 163 km ENE of Tokār, Sudan",2026-08-01T01:24:09Z,https://earthquake.usgs.gov/earthquakes/eventpage/us6000thdb,usgs:us6000thdb,"163 km ENE of Tokār, Sudan",Sudan,SD,4.6,mb,,18.877,39.1998,10.0,2026-08-01T01:38:57Z,2026-08-06T17:28:20Z,2026-08-06T17:28:20Z
usgs:aka2026pbrfqf,usgs,sismo,"M 1.5 - 38 km NNE of Chenega, Alaska",2026-08-01T01:17:26Z,https://earthquake.usgs.gov/earthquakes/eventpage/aka2026pbrfqf,usgs:aka2026pbrfqf,"38 km NNE of Chenega, Alaska",Alaska,US,1.5,ml,,60.392,-147.768,25.2,2026-08-05T17:47:07Z,2026-08-06T17:28:20Z,2026-08-06T17:28:20Z
usgs:tx2026ozgauj,usgs,sismo,"M 1.7 - 15 km ESE of Pearsall, Texas",2026-08-01T01:02:51Z,https://earthquake.usgs.gov/earthquakes/eventpage/tx2026ozgauj,usgs:tx2026ozgauj,"15 km ESE of Pearsall, Texas",Texas,US,1.7,ml,,28.843,-98.947,7.8146,2026-08-03T07:37:05Z,2026-08-06T17:28:20Z,2026-08-06T17:28:20Z
gdacs:FL:1104076:1,gdacs,inundacion,Green flood alert in Pakistan,2026-08-01T01:00:00Z,https://www.gdacs.org/report.aspx?eventtype=FL&eventid=1104076,gdacs:FL:1104076,Pakistan,Pakistan,PK,0.0,,verde,33.712802,71.2678805,,2026-08-06T07:30:08Z,2026-08-06T09:08:27Z,
gdacs:FL:1104073:1,gdacs,inundacion,Green flood alert in Mongolia,2026-08-01T01:00:00Z,https://www.gdacs.org/report.aspx?eventtype=FL&eventid=1104073,gdacs:FL:1104073,Mongolia,Mongolia,MN,0.0,,verde,47.8160361,106.814067,,2026-08-05T08:02:31Z,2026-08-06T06:06:09Z,
gdacs:FL:1104070:1,gdacs,inundacion,Green flood alert in Costa Rica,2026-08-01T01:00:00Z,https://www.gdacs.org/report.aspx?eventtype=FL&eventid=1104070,gdacs:FL:1104070,Costa Rica,Costa Rica,CR,0.0,,verde,10.0812393,-83.3452188,,2026-08-04T13:58:54Z,2026-08-06T06:06:09Z,
gdacs:FL:1104069:1,gdacs,inundacion,Green flood alert in Lithuania,2026-08-01T01:00:00Z,https://www.gdacs.org/report.aspx?eventtype=FL&eventid=1104069,gdacs:FL:1104069,Lithuania,Lithuania,LT,0.0,,verde,54.7016397,25.2853962,,2026-08-04T13:58:36Z,2026-08-06T06:06:09Z,
gdacs:FL:1104065:1,gdacs,inundacion,Green flood alert in Belarus,2026-08-01T01:00:00Z,https://www.gdacs.org/report.aspx?eventtype=FL&eventid=1104065,gdacs:FL:1104065,Belarus,Belarus,BY,0.0,,verde,53.6834599,23.8342648,,2026-08-03T06:23:07Z,2026-08-06T06:06:09Z,
usgs:aka2026pbqmpx,usgs,sismo,"M 2.5 - 32 km S of Denali National Park, Alaska",2026-08-01T00:55:31Z,https://earthquake.usgs.gov/earthquakes/eventpage/aka2026pbqmpx,usgs:aka2026pbqmpx,"32 km S of Denali National Park, Alaska",Alaska,US,2.5,ml,,63.256,-151.633,5.0,2026-08-05T17:45:39Z,2026-08-06T17:28:20Z,2026-08-06T17:28:20Z
usgs:aka2026pbqlly,usgs,sismo,"M 1.7 - 32 km WNW of Susitna, Alaska",2026-08-01T00:54:11Z,https://earthquake.usgs.gov/earthquakes/eventpage/aka2026pbqlly,usgs:aka2026pbqlly,"32 km WNW of Susitna, Alaska",Alaska,US,1.7,ml,,61.676,-151.056,64.3,2026-08-05T17:43:17Z,2026-08-06T17:28:20Z,2026-08-06T17:28:20Z
usgs:tx2026ozftan,usgs,sismo,"M 0.9 - 13 km ESE of Stanton, Texas",2026-08-01T00:54:06Z,https://earthquake.usgs.gov/earthquakes/eventpage/tx2026ozftan,usgs:tx2026ozftan,"13 km ESE of Stanton, Texas",Texas,US,0.9,ml,,32.085,-101.654,8.0322,2026-08-03T14:45:35Z,2026-08-06T17:28:20Z,2026-08-06T17:28:20Z
usgs:ok2026oxkk,usgs,sismo,"M 0.9 - 7 km ENE of Chickasha, Oklahoma",2026-08-01T00:53:25Z,https://earthquake.usgs.gov/earthquakes/eventpage/ok2026oxkk,usgs:ok2026oxkk,"7 km ENE of Chickasha, Oklahoma",Oklahoma,US,0.87,ml,,35.07683333,-97.86,8.86,2026-08-05T17:23:11Z,2026-08-06T17:28:20Z,2026-08-06T17:28:20Z
usgs:nc75409327,usgs,sismo,"M 1.0 - 9 km WNW of Cobb, CA",2026-08-01T00:49:43Z,https://earthquake.usgs.gov/earthquakes/eventpage/nc75409327,usgs:nc75409327,"9 km WNW of Cobb, CA",CA,US,1.04,md,,38.8398323059082,-122.824333190918,1.91999995708466,2026-08-01T00:51:22Z,2026-08-06T17:28:20Z,2026-08-06T17:28:20Z
usgs:pr71526888,usgs,sismo,"M 2.4 - 9 km SE of La Parguera, Puerto Rico",2026-08-01T00:46:50Z,https://earthquake.usgs.gov/earthquakes/eventpage/pr71526888,usgs:pr71526888,"9 km SE of La Parguera, Puerto Rico",Puerto Rico,PR,2.37,md,,17.9161666666667,-66.9806666666667,10.95,2026-08-01T00:57:38Z,2026-08-06T17:28:20Z,2026-08-06T17:28:20Z
usgs:aka2026pbpvou,usgs,sismo,"M 2.2 - 20 km NNW of Willow, Alaska",2026-08-01T00:35:51Z,https://earthquake.usgs.gov/earthquakes/eventpage/aka2026pbpvou,usgs:aka2026pbpvou,"20 km NNW of Willow, Alaska",Alaska,US,2.2,ml,,61.924,-150.174,52.8,2026-08-05T17:41:49Z,2026-08-06T17:28:20Z,2026-08-06T17:28:20Z
usgs:aka2026pbpprw,usgs,sismo,"M 1.9 - 21 km E of Eagle River, Alaska",2026-08-01T00:29:04Z,https://earthquake.usgs.gov/earthquakes/eventpage/aka2026pbpprw,usgs:aka2026pbpprw,"21 km E of Eagle River, Alaska",Alaska,US,1.9,ml,,61.294,-149.174,25.4,2026-08-05T17:39:42Z,2026-08-06T17:28:20Z,2026-08-06T17:28:20Z
usgs:ci40664482,usgs,sismo,"M 1.2 - 10 km ENE of Ocotillo Wells, CA",2026-08-01T00:27:24Z,https://earthquake.usgs.gov/earthquakes/eventpage/ci40664482,usgs:ci40664482,"10 km ENE of Ocotillo Wells, CA",CA,US,1.2,ml,,33.1771666666667,-116.035833333333,4.74,2026-08-03T18:10:54Z,2026-08-06T17:28:20Z,2026-08-06T17:28:20Z
usgs:nc75409322,usgs,sismo,"M 1.0 - 7 km SE of Cloverdale, CA",2026-08-01T00:21:25Z,https://earthquake.usgs.gov/earthquakes/eventpage/nc75409322,usgs:nc75409322,"7 km SE of Cloverdale, CA",CA,US,1.0,md,,38.7646675109863,-122.958335876465,4.07999992370605,2026-08-01T00:23:01Z,2026-08-06T17:28:20Z,2026-08-06T17:28:20Z
usgs:ci40664474,usgs,sismo,"M 1.9 - 5 km SE of La Jolla, CA",2026-08-01T00:15:11Z,https://earthquake.usgs.gov/earthquakes/eventpage/ci40664474,usgs:ci40664474,"5 km SE of La Jolla, CA",CA,US,1.87,ml,,32.8111666666667,-117.235666666667,13.05,2026-08-01T15:07:16Z,2026-08-06T17:28:20Z,2026-08-06T17:28:20Z
usgs:av94348953,usgs,sismo,"M 1.0 - 62 km NE of Nikolski, Alaska",2026-08-01T00:04:51Z,https://earthquake.usgs.gov/earthquakes/eventpage/av94348953,usgs:av94348953,"62 km NE of Nikolski, Alaska",Alaska,US,1.03,ml,,53.373,-168.274,2.74,2026-08-02T04:17:58Z,2026-08-06T17:28:20Z,2026-08-06T17:28:20Z
gdacs:WF:1030142:2,gdacs,incendio,Green forest fire notification in Russian Federation,2026-08-01T00:00:00Z,https://www.gdacs.org/report.aspx?eventtype=WF&eventid=1030142,gdacs:WF:1030142,Russian Federation,Russian Federation,RU,9201.0,ha,verde,64.01125068806212,112.43656255315538,,2026-08-06T11:05:33Z,2026-08-06T17:28:20Z,2026-08-06T17:28:20Z
gdacs:WF:1030142:1,gdacs,incendio,Green forest fire notification in Russian Federation,2026-08-01T00:00:00Z,https://www.gdacs.org/report.aspx?eventtype=WF&eventid=1030142,gdacs:WF:1030142,Russian Federation,Russian Federation,RU,8456.0,ha,verde,64.01147167641368,112.43654375328974,,2026-08-06T11:05:33Z,2026-08-06T11:34:43Z,
gdacs:WF:1030114:1,gdacs,incendio,Green forest fire notification in Zambia,2026-08-01T00:00:00Z,https://www.gdacs.org/report.aspx?eventtype=WF&eventid=1030114,gdacs:WF:1030114,Zambia,Zambia,ZM,5019.0,ha,verde,-15.744443451009811,25.78001747085617,,2026-08-06T15:05:24Z,2026-08-06T06:06:09Z,2026-08-06T17:28:20Z
gdacs:WF:1030113:6,gdacs,incendio,Green forest fire notification in Russian Federation,2026-08-01T00:00:00Z,https://www.gdacs.org/report.aspx?eventtype=WF&eventid=1030113,gdacs:WF:1030113,Russian Federation,Russian Federation,RU,8735.0,ha,verde,64.23972330336083,114.96269642121021,,2026-08-05T19:03:16Z,2026-08-06T17:28:20Z,2026-08-06T17:28:20Z
gdacs:WF:1030113:5,gdacs,incendio,Green forest fire notification in Russian Federation,2026-08-01T00:00:00Z,https://www.gdacs.org/report.aspx?eventtype=WF&eventid=1030113,gdacs:WF:1030113,Russian Federation,Russian Federation,RU,8601.0,ha,verde,64.23989790371407,114.9628098758912,,2026-08-05T19:03:16Z,2026-08-06T11:34:43Z,
gdacs:WF:1030113:4,gdacs,incendio,Green forest fire notification in Russian Federation,2026-08-01T00:00:00Z,https://www.gdacs.org/report.aspx?eventtype=WF&eventid=1030113,gdacs:WF:1030113,Russian Federation,Russian Federation,RU,6430.0,ha,verde,64.23608567286634,114.95455009650243,,2026-08-05T19:03:16Z,2026-08-06T09:08:27Z,
gdacs:WF:1030113:3,gdacs,incendio,Green forest fire notification in Russian Federation,2026-08-01T00:00:00Z,https://www.gdacs.org/report.aspx?eventtype=WF&eventid=1030113,gdacs:WF:1030113,Russian Federation,Russian Federation,RU,6241.0,ha,verde,64.23603305017335,114.95310598333641,,2026-08-05T19:03:16Z,2026-08-06T06:06:09Z,
gdacs:WF:1030112:1,gdacs,incendio,Green forest fire notification in Angola,2026-08-01T00:00:00Z,https://www.gdacs.org/report.aspx?eventtype=WF&eventid=1030112,gdacs:WF:1030112,Angola,Angola,AO,5171.0,ha,verde,-9.278982860951947,19.93858841625871,,2026-08-06T15:06:18Z,2026-08-06T06:06:09Z,2026-08-06T17:28:20Z
gdacs:WF:1030095:5,gdacs,incendio,Green forest fire notification in Botswana,2026-08-01T00:00:00Z,https://www.gdacs.org/report.aspx?eventtype=WF&eventid=1030095,gdacs:WF:1030095,Botswana,Botswana,BW,5651.0,ha,verde,-23.332916045421378,21.02065875916165,,2026-08-05T07:01:40Z,2026-08-06T11:34:43Z,
gdacs:WF:1030095:4,gdacs,incendio,Green forest fire notification in Botswana,2026-08-01T00:00:00Z,https://www.gdacs.org/report.aspx?eventtype=WF&eventid=1030095,gdacs:WF:1030095,Botswana,Botswana,BW,5628.0,ha,verde,-23.333018551891275,21.020571620035412,,2026-08-05T07:01:40Z,2026-08-06T09:08:27Z,
gdacs:WF:1030095:3,gdacs,incendio,Green forest fire notification in Botswana,2026-08-01T00:00:00Z,https://www.gdacs.org/report.aspx?eventtype=WF&eventid=1030095,gdacs:WF:1030095,Botswana,Botswana,BW,5568.0,ha,verde,-23.333462473536045,21.02075128026115,,2026-08-05T07:01:40Z,2026-08-06T06:06:09Z,
gdacs:WF:1030087:3,gdacs,incendio,Green forest fire notification in Angola,2026-08-01T00:00:00Z,https://www.gdacs.org/report.aspx?eventtype=WF&eventid=1030087,gdacs:WF:1030087,Angola,Angola,AO,6002.0,ha,verde,-17.228435378877784,20.813603947516825,,2026-08-05T03:03:18Z,2026-08-06T06:06:09Z,
gdacs:WF:1030086:3,gdacs,incendio,Green forest fire notification in Namibia,2026-08-01T00:00:00Z,https://www.gdacs.org/report.aspx?eventtype=WF&eventid=1030086,gdacs:WF:1030086,Namibia,Namibia,NA,7965.0,ha,verde,-18.836241821304544,19.87291553790714,,2026-08-05T15:03:17Z,2026-08-06T11:34:43Z,
gdacs:WF:1030086:2,gdacs,incendio,Green forest fire notification in Namibia,2026-08-01T00:00:00Z,https://www.gdacs.org/report.aspx?eventtype=WF&eventid=1030086,gdacs:WF:1030086,Namibia,Namibia,NA,7914.0,ha,verde,-18.835920370624347,19.873046799548543,,2026-08-05T15:03:17Z,2026-08-06T06:06:09Z,
gdacs:WF:1030073:5,gdacs,incendio,Green forest fire notification in Canada,2026-08-01T00:00:00Z,https://www.gdacs.org/report.aspx?eventtype=WF&eventid=1030073,gdacs:WF:1030073,Canada,Canada,CA,8663.0,ha,verde,54.40644037497647,-90.01790078980517,,2026-08-04T11:02:27Z,2026-08-06T06:06:09Z,
gdacs:WF:1030052:3,gdacs,incendio,Green forest fire notification in Namibia,2026-08-01T00:00:00Z,https://www.gdacs.org/report.aspx?eventtype=WF&eventid=1030052,gdacs:WF:1030052,Namibia,Namibia,NA,7842.0,ha,verde,-19.15205040551914,20.16320718245484,,2026-08-04T15:02:11Z,2026-08-06T06:06:09Z,
gdacs:WF:1030048:5,gdacs,incendio,Green forest fire notification in Botswana,2026-08-01T00:00:00Z,https://www.gdacs.org/report.aspx?eventtype=WF&eventid=1030048,gdacs:WF:1030048,Botswana,Botswana,BW,12107.0,ha,verde,-23.598981600357384,23.32767195176414,,2026-08-03T15:01:45Z,2026-08-06T06:06:09Z,
gdacs:WF:1030046:9,gdacs,incendio,Green forest fire notification in United States,2026-08-01T00:00:00Z,https://www.gdacs.org/report.aspx?eventtype=WF&eventid=1030046,gdacs:WF:1030046,United States,United States,US,5951.0,ha,verde,39.133919648812665,-114.8985822912252,,2026-08-03T11:01:33Z,2026-08-06T06:06:09Z,
gdacs:WF:1030046:11,gdacs,incendio,Green forest fire notification in United States,2026-08-01T00:00:00Z,https://www.gdacs.org/report.aspx?eventtype=WF&eventid=1030046,gdacs:WF:1030046,United States,United States,US,6014.0,ha,verde,39.13410461206724,-114.89909796432413,,2026-08-03T11:01:33Z,2026-08-06T11:34:43Z,
gdacs:WF:1030046:10,gdacs,incendio,Green forest fire notification in United States,2026-08-01T00:00:00Z,https://www.gdacs.org/report.aspx?eventtype=WF&eventid=1030046,gdacs:WF:1030046,United States,United States,US,6006.0,ha,verde,39.134089048711246,-114.89903808238341,,2026-08-03T11:01:33Z,2026-08-06T09:08:27Z,
gdacs:WF:1030045:7,gdacs,incendio,Green forest fire notification in Australia,2026-08-01T00:00:00Z,https://www.gdacs.org/report.aspx?eventtype=WF&eventid=1030045,gdacs:WF:1030045,Australia,Australia,AU,6578.0,ha,verde,-14.238654111531986,143.43590314713265,,2026-08-04T07:01:04Z,2026-08-06T11:34:43Z,
gdacs:WF:1030045:6,gdacs,incendio,Green forest fire notification in Australia,2026-08-01T00:00:00Z,https://www.gdacs.org/report.aspx?eventtype=WF&eventid=1030045,gdacs:WF:1030045,Australia,Australia,AU,6285.0,ha,verde,-14.238076289342162,143.43457117877114,,2026-08-04T07:01:04Z,2026-08-06T06:06:09Z,
gdacs:WF:1030035:4,gdacs,incendio,Green forest fire notification in The Democratic Republic of Congo,2026-08-01T00:00:00Z,https://www.gdacs.org/report.aspx?eventtype=WF&eventid=1030035,gdacs:WF:1030035,The Democratic Republic of Congo,The Democratic Republic of Congo,CD,8246.0,ha,verde,-5.89160608387948,26.773156226171913,,2026-08-03T15:00:47Z,2026-08-06T06:06:09Z,
gdacs:WF:1030030:23,gdacs,incendio,Green forest fire notification in United States,2026-08-01T00:00:00Z,https://www.gdacs.org/report.aspx?eventtype=WF&eventid=1030030,gdacs:WF:1030030,United States,United States,US,37350.0,ha,verde,44.41358817116717,-117.0594965012404,,2026-08-02T11:00:36Z,2026-08-06T17:28:20Z,2026-08-06T17:28:20Z
gdacs:WF:1030030:22,gdacs,incendio,Green forest fire notification in United States,2026-08-01T00:00:00Z,https://www.gdacs.org/report.aspx?eventtype=WF&eventid=1030030,gdacs:WF:1030030,United States,United States,US,35956.0,ha,verde,44.41092996711972,-117.06323873978485,,2026-08-02T11:00:36Z,2026-08-06T11:34:43Z,
gdacs:WF:1030030:21,gdacs,incendio,Green forest fire notification in United States,2026-08-01T00:00:00Z,https://www.gdacs.org/report.aspx?eventtype=WF&eventid=1030030,gdacs:WF:1030030,United States,United States,US,36120.0,ha,verde,44.411242394575375,-117.0627207028401,,2026-08-02T11:00:36Z,2026-08-06T06:06:09Z,
gdacs:WF:1030002:6,gdacs,incendio,Green forest fire notification in Kazakhstan,2026-08-01T00:00:00Z,https://www.gdacs.org/report.aspx?eventtype=WF&eventid=1030002,gdacs:WF:1030002,Kazakhstan,Kazakhstan,KZ,17344.0,ha,verde,50.575527087190295,64.62820653671551,,2026-08-01T15:00:58Z,2026-08-06T06:06:09Z,
gdacs:WF:1030001:3,gdacs,incendio,Green forest fire notification in Kazakhstan,2026-08-01T00:00:00Z,https://www.gdacs.org/report.aspx?eventtype=WF&eventid=1030001,gdacs:WF:1030001,Kazakhstan,Kazakhstan,KZ,9856.0,ha,verde,50.09407450770079,63.38409549915448,,2026-08-02T11:01:04Z,2026-08-06T06:06:09Z,
gdacs:WF:1030000:5,gdacs,incendio,Green forest fire notification in Kazakhstan,2026-08-01T00:00:00Z,https://www.gdacs.org/report.aspx?eventtype=WF&eventid=1030000,gdacs:WF:1030000,Kazakhstan,Kazakhstan,KZ,12973.0,ha,verde,50.279503668286736,63.65712317936769,,2026-08-01T15:00:36Z,2026-08-06T06:06:09Z,
usgs:ci40664458,usgs,sismo,"M 1.6 - 2 km ESE of Century City, CA",2026-07-31T23:57:01Z,https://earthquake.usgs.gov/earthquakes/eventpage/ci40664458,usgs:ci40664458,"2 km ESE of Century City, CA",CA,US,1.58,ml,,34.0485,-118.3925,11.87,2026-08-02T19:08:23Z,2026-08-06T17:28:20Z,2026-08-06T17:28:20Z
usgs:aka2026pbomqj,usgs,sismo,"M 2.2 - 64 km NNE of White Mountain, Alaska",2026-07-31T23:55:33Z,https://earthquake.usgs.gov/earthquakes/eventpage/aka2026pbomqj,usgs:aka2026pbomqj,"64 km NNE of White Mountain, Alaska",Alaska,US,2.2,ml,,65.188,-162.734,7.7,2026-08-05T19:17:16Z,2026-08-06T17:28:20Z,2026-08-06T17:28:20Z
usgs:nc75409317,usgs,sismo,"M 1.0 - 7 km ESE of Cloverdale, CA",2026-07-31T23:46:47Z,https://earthquake.usgs.gov/earthquakes/eventpage/nc75409317,usgs:nc75409317,"7 km ESE of Cloverdale, CA",CA,US,0.99,md,,38.7718315124512,-122.942665100098,2.25,2026-07-31T23:48:22Z,2026-08-06T17:28:20Z,2026-08-06T17:28:20Z
usgs:aka2026pboexx,usgs,sismo,"M 3.0 - 98 km SE of Nikolski, Alaska",2026-07-31T23:46:39Z,https://earthquake.usgs.gov/earthquakes/eventpage/aka2026pboexx,usgs:aka2026pboexx,"98 km SE of Nikolski, Alaska",Alaska,US,3.0,ml,,52.225,-168.013,21.7,2026-08-05T17:25:10Z,2026-08-06T17:28:20Z,2026-08-06T17:28:20Z
usgs:aka2026pboeid,usgs,sismo,"M 3.1 - 95 km SE of Nikolski, Alaska",2026-07-31T23:46:02Z,https://earthquake.usgs.gov/earthquakes/eventpage/aka2026pboeid,usgs:aka2026pboeid,"95 km SE of Nikolski, Alaska",Alaska,US,3.1,ml,,52.3,-167.914,13.5,2026-08-05T17:24:11Z,2026-08-06T17:28:20Z,2026-08-06T17:28:20Z
usgs:ci40664450,usgs,sismo,"M 2.2 - 2 km N of Culver City, CA",2026-07-31T23:37:42Z,https://earthquake.usgs.gov/earthquakes/eventpage/ci40664450,usgs:ci40664450,"2 km N of Culver City, CA",CA,US,2.19,ml,,34.0425,-118.394166666667,12.96,2026-08-02T15:24:24Z,2026-08-06T17:28:20Z,2026-08-06T17:28:20Z
usgs:us6000thcu,usgs,sismo,"M 4.5 - 40 km ESE of Sulangan, Philippines",2026-07-31T23:36:03Z,https://earthquake.usgs.gov/earthquakes/eventpage/us6000thcu,usgs:us6000thcu,"40 km ESE of Sulangan, Philippines",Philippines,PH,4.5,mb,,10.7428,126.1452,10.001,2026-08-01T00:08:07Z,2026-08-06T17:28:20Z,2026-08-06T17:28:20Z
usgs:aka2026pbnqxv,usgs,sismo,"M 1.9 - 77 km SW of Unalaska, Alaska",2026-07-31T23:30:31Z,https://earthquake.usgs.gov/earthquakes/eventpage/aka2026pbnqxv,usgs:aka2026pbnqxv,"77 km SW of Unalaska, Alaska",Alaska,US,1.9,ml,,53.34,-167.288,22.7,2026-08-05T17:20:37Z,2026-08-06T17:28:20Z,2026-08-06T17:28:20Z
usgs:aka2026pbnjjx,usgs,sismo,"M 1.9 - 30 km NW of Ninilchik, Alaska",2026-07-31T23:21:48Z,https://earthquake.usgs.gov/earthquakes/eventpage/aka2026pbnjjx,usgs:aka2026pbnjjx,"30 km NW of Ninilchik, Alaska",Alaska,US,1.9,ml,,60.263,-152.014,77.2,2026-08-05T17:19:37Z,2026-08-06T17:28:20Z,2026-08-06T17:28:20Z
usgs:aka2026pbngng,usgs,sismo,"M 2.6 - 189 km SSE of Unalaska, Alaska",2026-07-31T23:18:27Z,https://earthquake.usgs.gov/earthquakes/eventpage/aka2026pbngng,usgs:aka2026pbngng,"189 km SSE of Unalaska, Alaska",Alaska,US,2.6,ml,,52.29,-165.479,2.5,2026-08-05T17:19:21Z,2026-08-06T17:28:20Z,2026-08-06T17:28:20Z
usgs:us6000thcs,usgs,sismo,"M 5.1 - 132 km ENE of Masohi, Indonesia",2026-07-31T23:17:37Z,https://earthquake.usgs.gov/earthquakes/eventpage/us6000thcs,usgs:us6000thcs,"132 km ENE of Masohi, Indonesia",Indonesia,ID,5.1,mb,,-3.0027,130.1237,10.0,2026-07-31T23:41:14Z,2026-08-06T17:28:20Z,2026-08-06T17:28:20Z
usgs:us6000thcq,usgs,sismo,"M 5.1 - 153 km ENE of Masohi, Indonesia",2026-07-31T23:15:49Z,https://earthquake.usgs.gov/earthquakes/eventpage/us6000thcq,usgs:us6000thcq,"153 km ENE of Masohi, Indonesia",Indonesia,ID,5.1,mb,,-2.8982,130.2942,10.0,2026-07-31T23:33:25Z,2026-08-06T17:28:20Z,2026-08-06T17:28:20Z
usgs:av94348898,usgs,sismo,"M -0.6 - 82 km W of Salamatof, Alaska",2026-07-31T23:14:22Z,https://earthquake.usgs.gov/earthquakes/eventpage/av94348898,usgs:av94348898,"82 km W of Salamatof, Alaska",Alaska,US,-0.55,ml,,60.6443333333333,-152.821833333333,11.01,2026-08-01T03:26:47Z,2026-08-06T17:28:20Z,2026-08-06T17:28:20Z
usgs:aka2026pbmzus,usgs,sismo,"M 1.5 - 53 km ENE of Arctic Village, Alaska",2026-07-31T23:10:46Z,https://earthquake.usgs.gov/earthquakes/eventpage/aka2026pbmzus,usgs:aka2026pbmzus,"53 km ENE of Arctic Village, Alaska",Alaska,US,1.5,ml,,68.232,-144.29,9.6,2026-08-05T19:14:27Z,2026-08-06T17:28:20Z,2026-08-06T17:28:20Z
usgs:mb90204003,usgs,sismo,"M 0.3 - 26 km W of Hebgen Lake Estates, Montana",2026-07-31T23:09:49Z,https://earthquake.usgs.gov/earthquakes/eventpage/mb90204003,usgs:mb90204003,"26 km W of Hebgen Lake Estates, Montana",Montana,US,0.29,ml,,44.797,-111.52,3.76,2026-08-03T14:02:59Z,2026-08-06T17:28:20Z,2026-08-06T17:28:20Z
usgs:nn00922652,usgs,sismo,"M 1.8 - 23 km W of Alamo, Nevada",2026-07-31T23:03:55Z,https://earthquake.usgs.gov/earthquakes/eventpage/nn00922652,usgs:nn00922652,"23 km W of Alamo, Nevada",Nevada,US,1.79,ml,,37.3673,-115.4309,11.9914,2026-08-01T02:05:33Z,2026-08-06T17:28:20Z,2026-08-06T17:28:20Z
usgs:aka2026pbmqmw,usgs,sismo,"M 2.5 - 160 km W of Adak, Alaska",2026-07-31T23:00:02Z,https://earthquake.usgs.gov/earthquakes/eventpage/aka2026pbmqmw,usgs:aka2026pbmqmw,"160 km W of Adak, Alaska",Alaska,US,2.5,ml,,51.729,-178.953,98.5,2026-08-05T17:16:34Z,2026-08-06T17:28:20Z,2026-08-06T17:28:20Z
usgs:aka2026pbmlel,usgs,sismo,"M 2.5 - 160 km W of Adak, Alaska",2026-07-31T23:00:02Z,https://earthquake.usgs.gov/earthquakes/eventpage/aka2026pbmlel,usgs:aka2026pbmlel,"160 km W of Adak, Alaska",Alaska,US,2.5,ml,,51.84,-178.961,95.4,2026-08-05T17:14:29Z,2026-08-06T17:28:20Z,2026-08-06T17:28:20Z
usgs:ci40664442,usgs,sismo,"M 1.2 - 4 km S of Santa Barbara, CA",2026-07-31T22:58:02Z,https://earthquake.usgs.gov/earthquakes/eventpage/ci40664442,usgs:ci40664442,"4 km S of Santa Barbara, CA",CA,US,1.15,ml,,34.3821666666667,-119.703166666667,8.8,2026-08-03T18:05:22Z,2026-08-06T17:28:20Z,2026-08-06T17:28:20Z
usgs:aka2026pbmobs,usgs,sismo,"M 2.1 - 90 km E of Nikolski, Alaska",2026-07-31T22:57:16Z,https://earthquake.usgs.gov/earthquakes/eventpage/aka2026pbmobs,usgs:aka2026pbmobs,"90 km E of Nikolski, Alaska",Alaska,US,2.1,ml,,52.826,-167.53,38.9,2026-08-05T17:15:30Z,2026-08-06T17:28:20Z,2026-08-06T17:28:20Z
usgs:nc75409302,usgs,sismo,"M 1.5 - 6 km S of Tres Pinos, CA",2026-07-31T22:54:48Z,https://earthquake.usgs.gov/earthquakes/eventpage/nc75409302,usgs:nc75409302,"6 km S of Tres Pinos, CA",CA,US,1.47,md,,36.7351684570312,-121.321166992188,6.86999988555908,2026-08-01T00:07:21Z,2026-08-06T17:28:20Z,2026-08-06T17:28:20Z
usgs:tx2026ozbqfu,usgs,sismo,"M 2.3 - 12 km SE of Pearsall, Texas",2026-07-31T22:49:55Z,https://earthquake.usgs.gov/earthquakes/eventpage/tx2026ozbqfu,usgs:tx2026ozbqfu,"12 km SE of Pearsall, Texas",Texas,US,2.3,ml,,28.83,-98.991,7.7396,2026-08-03T15:04:39Z,2026-08-06T17:28:20Z,2026-08-06T17:28:20Z
usgs:tx2026ozbmsv,usgs,sismo,"M 1.6 - 22 km S of Lindsay, Texas",2026-07-31T22:45:52Z,https://earthquake.usgs.gov/earthquakes/eventpage/tx2026ozbmsv,usgs:tx2026ozbmsv,"22 km S of Lindsay, Texas",Texas,US,1.6,ml,,31.173,-103.494,3.6902,2026-08-03T19:58:26Z,2026-08-06T17:28:20Z,2026-08-06T17:28:20Z
usgs:aka2026pbmdqu,usgs,sismo,"M 1.3 - 56 km E of Denali National Park, Alaska",2026-07-31T22:45:13Z,https://earthquake.usgs.gov/earthquakes/eventpage/aka2026pbmdqu,usgs:aka2026pbmdqu,"56 km E of Denali National Park, Alaska",Alaska,US,1.3,ml,,63.56,-150.581,3.3,2026-08-05T19:11:29Z,2026-08-06T17:28:20Z,2026-08-06T17:28:20Z
usgs:nc75409297,usgs,sismo,"M 1.8 - 4 km ESE of Lake Pillsbury, CA",2026-07-31T22:39:58Z,https://earthquake.usgs.gov/earthquakes/eventpage/nc75409297,usgs:nc75409297,"4 km ESE of Lake Pillsbury, CA",CA,US,1.79,md,,39.3918342590332,-122.917831420898,11.3599996566772,2026-07-31T23:22:22Z,2026-08-06T17:28:20Z,2026-08-06T17:28:20Z
usgs:aka2026pblxxm,usgs,sismo,"M 1.3 - 39 km W of Happy Valley, Alaska",2026-07-31T22:38:40Z,https://earthquake.usgs.gov/earthquakes/eventpage/aka2026pblxxm,usgs:aka2026pblxxm,"39 km W of Happy Valley, Alaska",Alaska,US,1.3,ml,,59.987,-152.435,82.9,2026-08-05T17:11:49Z,2026-08-06T17:28:20Z,2026-08-06T17:28:20Z
usgs:aka2026pbluel,usgs,sismo,"M 1.2 - 77 km SSE of Kokhanok, Alaska",2026-07-31T22:34:17Z,https://earthquake.usgs.gov/earthquakes/eventpage/aka2026pbluel,usgs:aka2026pbluel,"77 km SSE of Kokhanok, Alaska",Alaska,US,1.2,ml,,58.797,-154.272,94.5,2026-08-05T17:09:32Z,2026-08-06T17:28:20Z,2026-08-06T17:28:20Z
usgs:tx2026ozazit,usgs,sismo,"M 1.9 - 16 km ESE of Pearsall, Texas",2026-07-31T22:30:20Z,https://earthquake.usgs.gov/earthquakes/eventpage/tx2026ozazit,usgs:tx2026ozazit,"16 km ESE of Pearsall, Texas",Texas,US,1.9,ml,,28.817,-98.945,8.8033,2026-08-04T15:45:29Z,2026-08-06T17:28:20Z,2026-08-06T17:28:20Z
usgs:us6000thck,usgs,sismo,"M 4.1 - 158 km ENE of Masohi, Indonesia",2026-07-31T22:18:30Z,https://earthquake.usgs.gov/earthquakes/eventpage/us6000thck,usgs:us6000thck,"158 km ENE of Masohi, Indonesia",Indonesia,ID,4.1,mb,,-2.9385,130.3496,10.0,2026-08-01T02:47:49Z,2026-08-06T17:28:20Z,2026-08-06T17:28:20Z
usgs:us6000thci,usgs,sismo,"M 4.1 - 117 km ESE of Yamada, Japan",2026-07-31T22:01:54Z,https://earthquake.usgs.gov/earthquakes/eventpage/us6000thci,usgs:us6000thci,"117 km ESE of Yamada, Japan",Japan,JP,4.1,mb,,39.2159,143.2752,28.09,2026-08-01T01:36:58Z,2026-08-06T17:28:20Z,2026-08-06T17:28:20Z
usgs:aka2026pbkizx,usgs,sismo,"M 1.2 - 51 km ESE of Pedro Bay, Alaska",2026-07-31T21:51:26Z,https://earthquake.usgs.gov/earthquakes/eventpage/aka2026pbkizx,usgs:aka2026pbkizx,"51 km ESE of Pedro Bay, Alaska",Alaska,US,1.2,ml,,59.538,-153.329,119.7,2026-08-05T17:08:15Z,2026-08-06T17:28:20Z,2026-08-06T17:28:20Z
usgs:av94348783,usgs,sismo,"M 0.4 - 64 km WNW of Karluk, Alaska",2026-07-31T21:41:10Z,https://earthquake.usgs.gov/earthquakes/eventpage/av94348783,usgs:av94348783,"64 km WNW of Karluk, Alaska",Alaska,US,0.43,ml,,57.8608333333333,-155.3955,3.06,2026-08-01T03:12:46Z,2026-08-06T17:28:20Z,2026-08-06T17:28:20Z
usgs:ci40664426,usgs,sismo,"M 1.1 - 10 km ENE of Coso Junction, CA",2026-07-31T21:30:03Z,https://earthquake.usgs.gov/earthquakes/eventpage/ci40664426,usgs:ci40664426,"10 km ENE of Coso Junction, CA",CA,US,1.12,ml,,36.0675,-117.843666666667,2.42,2026-08-01T14:58:32Z,2026-08-06T17:28:20Z,2026-08-06T17:28:20Z
usgs:us6000thf0,usgs,sismo,"M 3.6 - 67 km SE of Atka, Alaska",2026-07-31T21:27:50Z,https://earthquake.usgs.gov/earthquakes/eventpage/us6000thf0,usgs:us6000thf0,"67 km SE of Atka, Alaska",Alaska,US,3.6,ml,,51.8071,-173.4501,23.896,2026-08-01T21:03:05Z,2026-08-06T17:28:20Z,2026-08-06T17:28:20Z
usgs:nn00922645,usgs,otro,"M 1.5 Explosion - 6 km SSE of Humboldt, Nevada",2026-07-31T21:25:19Z,https://earthquake.usgs.gov/earthquakes/eventpage/nn00922645,usgs:nn00922645,"6 km SSE of Humboldt, Nevada",Nevada,US,1.5,ml,,40.5456,-118.2209,14.2141,2026-08-01T02:05:09Z,2026-08-06T17:28:20Z,2026-08-06T17:28:20Z
usgs:us6000thc9,usgs,sismo,"M 4.5 - 54 km NE of Simao, China",2026-07-31T21:24:10Z,https://earthquake.usgs.gov/earthquakes/eventpage/us6000thc9,usgs:us6000thc9,"54 km NE of Simao, China",China,CN,4.5,mb,,23.1907,101.2878,10.0,2026-07-31T23:15:24Z,2026-08-06T17:28:20Z,2026-08-06T17:28:20Z
usgs:us6000thca,usgs,sismo,"M 4.4 - 105 km ESE of Sarangani, Philippines",2026-07-31T21:23:58Z,https://earthquake.usgs.gov/earthquakes/eventpage/us6000thca,usgs:us6000thca,"105 km ESE of Sarangani, Philippines",Philippines,PH,4.4,mb,,4.8905,126.2704,68.804,2026-07-31T22:27:44Z,2026-08-06T17:28:20Z,2026-08-06T17:28:20Z
usgs:uw714067251,usgs,otro,"M 1.7 Explosion - 17 km S of Princeton, Canada",2026-07-31T21:13:33Z,https://earthquake.usgs.gov/earthquakes/eventpage/uw714067251,usgs:uw714067251,"17 km S of Princeton, Canada",Canada,CA,1.7,ml,,49.3038333333333,-120.472,-0.54,2026-08-03T17:25:34Z,2026-08-06T17:28:20Z,2026-08-06T17:28:20Z
usgs:av94348758,usgs,sismo,"M 0.4 - 151 km W of Adak, Alaska",2026-07-31T21:10:40Z,https://earthquake.usgs.gov/earthquakes/eventpage/av94348758,usgs:av94348758,"151 km W of Adak, Alaska",Alaska,US,0.4,ml,,51.7761666666667,-178.820333333333,12.41,2026-08-01T03:20:46Z,2026-08-06T17:28:20Z,2026-08-06T17:28:20Z
usgs:us6000thc6,usgs,sismo,"M 4.4 - 144 km ENE of Masohi, Indonesia",2026-07-31T21:10:36Z,https://earthquake.usgs.gov/earthquakes/eventpage/us6000thc6,usgs:us6000thc6,"144 km ENE of Masohi, Indonesia",Indonesia,ID,4.4,mb,,-2.9075,130.2088,10.0,2026-07-31T21:51:37Z,2026-08-06T17:28:20Z,2026-08-06T17:28:20Z
usgs:aka2026pbivti,usgs,sismo,"M 1.5 - 82 km NNW of Karluk, Alaska",2026-07-31T21:06:09Z,https://earthquake.usgs.gov/earthquakes/eventpage/aka2026pbivti,usgs:aka2026pbivti,"82 km NNW of Karluk, Alaska",Alaska,US,1.5,ml,,58.26,-154.975,5.0,2026-08-01T03:18:16Z,2026-08-06T17:28:20Z,2026-08-06T17:28:20Z
usgs:us6000thc1,usgs,sismo,"M 4.4 - 123 km WSW of Puerto Madero, Mexico",2026-07-31T20:59:14Z,https://earthquake.usgs.gov/earthquakes/eventpage/us6000thc1,usgs:us6000thc1,"123 km WSW of Puerto Madero, Mexico",Mexico,US,4.4,mb,,14.2008,-93.4388,10.0,2026-08-01T17:09:10Z,2026-08-06T17:28:20Z,2026-08-06T17:28:20Z
usgs:ci10247462,usgs,sismo,"M 0.3 - 20 km SSW of La Quinta, CA",2026-07-31T20:50:49Z,https://earthquake.usgs.gov/earthquakes/eventpage/ci10247462,usgs:ci10247462,"20 km SSW of La Quinta, CA",CA,US,0.34,ml,,33.5035,-116.410333333333,11.11,2026-07-31T21:11:07Z,2026-08-06T17:28:20Z,2026-08-06T17:28:20Z
usgs:ci40664410,usgs,sismo,"M 0.6 - 21 km ESE of Anza, CA",2026-07-31T20:50:29Z,https://earthquake.usgs.gov/earthquakes/eventpage/ci40664410,usgs:ci40664410,"21 km ESE of Anza, CA",CA,US,0.57,ml,,33.464,-116.477166666667,13.88,2026-07-31T21:08:51Z,2026-08-06T17:28:20Z,2026-08-06T17:28:20Z
usgs:ci40664402,usgs,sismo,"M 1.2 - 6 km E of Calimesa, CA",2026-07-31T20:49:35Z,https://earthquake.usgs.gov/earthquakes/eventpage/ci40664402,usgs:ci40664402,"6 km E of Calimesa, CA",CA,US,1.22,ml,,33.9971666666667,-116.993,15.85,2026-07-31T21:06:49Z,2026-08-06T17:28:20Z,2026-08-06T17:28:20Z
usgs:av94348723,usgs,sismo,"M -0.3 - 76 km WNW of Tyonek, Alaska",2026-07-31T20:46:30Z,https://earthquake.usgs.gov/earthquakes/eventpage/av94348723,usgs:av94348723,"76 km WNW of Tyonek, Alaska",Alaska,US,-0.25,ml,,61.2843333333333,-152.4795,3.37,2026-08-01T03:01:45Z,2026-08-06T17:28:20Z,2026-08-06T17:28:20Z
usgs:aka2026pbicuu,usgs,otro,"M 1.4 Quarry Blast - 5 km NW of Farmers Loop, Alaska",2026-07-31T20:44:18Z,https://earthquake.usgs.gov/earthquakes/eventpage/aka2026pbicuu,usgs:aka2026pbicuu,"5 km NW of Farmers Loop, Alaska",Alaska,US,1.4,ml,,64.941,-147.772,0.0,2026-08-05T17:05:20Z,2026-08-06T17:28:20Z,2026-08-06T17:28:20Z
usgs:us6000thbz,usgs,sismo,M 4.4 - south of the Fiji Islands,2026-07-31T20:32:22Z,https://earthquake.usgs.gov/earthquakes/eventpage/us6000thbz,usgs:us6000thbz,south of the Fiji Islands,,,4.4,mb,,-26.793,-178.8251,347.147,2026-08-01T16:56:16Z,2026-08-06T17:28:20Z,2026-08-06T17:28:20Z
usgs:av94348683,usgs,sismo,"M 0.4 - 43 km ENE of Adak, Alaska",2026-07-31T20:30:34Z,https://earthquake.usgs.gov/earthquakes/eventpage/av94348683,usgs:av94348683,"43 km ENE of Adak, Alaska",Alaska,US,0.35,ml,,52.0856666666667,-176.1085,11.69,2026-08-01T02:58:45Z,2026-08-06T17:28:20Z,2026-08-06T17:28:20Z
usgs:us6000thbu,usgs,sismo,"M 4.6 - 132 km ENE of Masohi, Indonesia",2026-07-31T20:29:10Z,https://earthquake.usgs.gov/earthquakes/eventpage/us6000thbu,usgs:us6000thbu,"132 km ENE of Masohi, Indonesia",Indonesia,ID,4.6,mb,,-2.9125,130.0959,10.0,2026-08-01T16:41:56Z,2026-08-06T17:28:20Z,2026-08-06T17:28:20Z
usgs:us6000thbs,usgs,sismo,"M 4.4 - 10 km S of Kŭlob, Tajikistan",2026-07-31T20:26:49Z,https://earthquake.usgs.gov/earthquakes/eventpage/us6000thbs,usgs:us6000thbs,"10 km S of Kŭlob, Tajikistan",Tajikistan,TJ,4.4,mb,,37.8214,69.7889,45.838,2026-08-01T16:30:00Z,2026-08-06T17:28:20Z,2026-08-06T17:28:20Z
usgs:us6000thbq,usgs,sismo,"M 5.3 - 140 km ENE of Masohi, Indonesia",2026-07-31T20:19:26Z,https://earthquake.usgs.gov/earthquakes/eventpage/us6000thbq,usgs:us6000thbq,"140 km ENE of Masohi, Indonesia",Indonesia,ID,5.3,mww,,-2.8782,130.1637,10.0,2026-08-01T15:37:41Z,2026-08-06T17:28:20Z,2026-08-06T17:28:20Z
usgs:tx2026oywmul,usgs,sismo,"M 1.5 - 55 km S of Whites City, New Mexico",2026-07-31T20:15:05Z,https://earthquake.usgs.gov/earthquakes/eventpage/tx2026oywmul,usgs:tx2026oywmul,"55 km S of Whites City, New Mexico",New Mexico,US,1.5,ml,,31.672,-104.337,6.8689,2026-08-03T17:04:33Z,2026-08-06T17:28:20Z,2026-08-06T17:28:20Z
usgs:ci40664378,usgs,otro,"M 1.0 Quarry Blast - 7 km NNW of La Mesa, CA",2026-07-31T20:13:38Z,https://earthquake.usgs.gov/earthquakes/eventpage/ci40664378,usgs:ci40664378,"7 km NNW of La Mesa, CA",CA,US,1.01,ml,,32.8203333333333,-117.063333333333,-0.27,2026-07-31T21:01:30Z,2026-08-06T17:28:20Z,2026-08-06T17:28:20Z
usgs:aka2026pbgzyt,usgs,sismo,"M 2.2 - 42 km S of Adak, Alaska",2026-07-31T20:11:01Z,https://earthquake.usgs.gov/earthquakes/eventpage/aka2026pbgzyt,usgs:aka2026pbgzyt,"42 km S of Adak, Alaska",Alaska,US,2.2,ml,,51.502,-176.742,63.5,2026-08-05T17:02:09Z,2026-08-06T17:28:20Z,2026-08-06T17:28:20Z
usgs:ci40664370,usgs,sismo,"M 3.0 - 9 km W of Palomar Observatory, CA",2026-07-31T20:10:15Z,https://earthquake.usgs.gov/earthquakes/eventpage/ci40664370,usgs:ci40664370,"9 km W of Palomar Observatory, CA",CA,US,2.98,ml,,33.3535,-116.9555,14.39,2026-08-05T17:47:33Z,2026-08-06T17:28:20Z,2026-08-06T17:28:20Z
usgs:aka2026pbgwib,usgs,sismo,"M 2.4 - 235 km W of Adak, Alaska",2026-07-31T20:06:49Z,https://earthquake.usgs.gov/earthquakes/eventpage/aka2026pbgwib,usgs:aka2026pbgwib,"235 km W of Adak, Alaska",Alaska,US,2.4,ml,,51.575,179.992,15.1,2026-08-05T17:00:54Z,2026-08-06T17:28:20Z,2026-08-06T17:28:20Z
usgs:ci40664362,usgs,sismo,"M 1.3 - 13 km NNE of Banning, CA",2026-07-31T20:06:38Z,https://earthquake.usgs.gov/earthquakes/eventpage/ci40664362,usgs:ci40664362,"13 km NNE of Banning, CA",CA,US,1.32,ml,,34.0346666666667,-116.822166666667,11.9,2026-07-31T21:12:09Z,2026-08-06T17:28:20Z,2026-08-06T17:28:20Z
usgs:nc75409242,usgs,sismo,"M 2.9 - 11 km ESE of Gilroy, CA",2026-07-31T20:02:42Z,https://earthquake.usgs.gov/earthquakes/eventpage/nc75409242,usgs:nc75409242,"11 km ESE of Gilroy, CA",CA,US,2.94,md,,36.9664993286133,-121.449668884277,5.40000009536743,2026-08-01T02:05:30Z,2026-08-06T17:28:20Z,2026-08-06T17:28:20Z
usgs:aka2026pbgqqz,usgs,otro,"M 1.3 Quarry Blast - 10 km ENE of Fox, Alaska",2026-07-31T20:00:19Z,https://earthquake.usgs.gov/earthquakes/eventpage/aka2026pbgqqz,usgs:aka2026pbgqqz,"10 km ENE of Fox, Alaska",Alaska,US,1.3,ml,,64.978,-147.408,0.0,2026-08-05T16:58:54Z,2026-08-06T17:28:20Z,2026-08-06T17:28:20Z
usgs:us6000thbi,usgs,sismo,"M 4.3 - 36 km WSW of El Arenal, Mexico",2026-07-31T19:57:27Z,https://earthquake.usgs.gov/earthquakes/eventpage/us6000thbi,usgs:us6000thbi,"36 km WSW of El Arenal, Mexico",Mexico,US,4.3,mb,,15.0665,-93.0238,67.96,2026-07-31T21:54:40Z,2026-08-06T17:28:20Z,2026-08-06T17:28:20Z
usgs:aka2026pbgjex,usgs,sismo,"M 2.4 - 99 km SE of Akutan, Alaska",2026-07-31T19:51:40Z,https://earthquake.usgs.gov/earthquakes/eventpage/aka2026pbgjex,usgs:aka2026pbgjex,"99 km SE of Akutan, Alaska",Alaska,US,2.4,ml,,53.6,-164.568,1.1,2026-08-05T16:57:37Z,2026-08-06T17:28:20Z,2026-08-06T17:28:20Z
usgs:hv75011127,usgs,sismo,"M 1.9 - 3 km SSW of Pāhala, Hawaii",2026-07-31T19:47:38Z,https://earthquake.usgs.gov/earthquakes/eventpage/hv75011127,usgs:hv75011127,"3 km SSW of Pāhala, Hawaii",Hawaii,US,1.87,md,,19.1723327636719,-155.488327026367,28.6499996185303,2026-07-31T19:51:10Z,2026-08-06T17:28:20Z,2026-08-06T17:28:20Z
usgs:aka2026pbgcqi,usgs,sismo,"M 1.4 - 64 km ENE of Pedro Bay, Alaska",2026-07-31T19:44:08Z,https://earthquake.usgs.gov/earthquakes/eventpage/aka2026pbgcqi,usgs:aka2026pbgcqi,"64 km ENE of Pedro Bay, Alaska",Alaska,US,1.4,ml,,60.052,-153.084,5.0,2026-08-01T02:42:44Z,2026-08-06T17:28:20Z,2026-08-06T17:28:20Z
usgs:aka2026pbfziy,usgs,sismo,"M 1.8 - 58 km W of Nanwalek, Alaska",2026-07-31T19:40:29Z,https://earthquake.usgs.gov/earthquakes/eventpage/aka2026pbfziy,usgs:aka2026pbfziy,"58 km W of Nanwalek, Alaska",Alaska,US,1.8,ml,,59.348,-152.942,82.5,2026-08-05T16:55:45Z,2026-08-06T17:28:20Z,2026-08-06T17:28:20Z
usgs:ci40664346,usgs,otro,"M 1.3 Quarry Blast - 2 km SE of Home Gardens, CA",2026-07-31T19:36:20Z,https://earthquake.usgs.gov/earthquakes/eventpage/ci40664346,usgs:ci40664346,"2 km SE of Home Gardens, CA",CA,US,1.33,ml,,33.8666666666667,-117.500666666667,-0.5,2026-07-31T20:26:43Z,2026-08-06T17:28:20Z,2026-08-06T17:28:20Z
usgs:aka2026pbftea,usgs,sismo,"M 1.3 - 31 km W of Ester, Alaska",2026-07-31T19:33:11Z,https://earthquake.usgs.gov/earthquakes/eventpage/aka2026pbftea,usgs:aka2026pbftea,"31 km W of Ester, Alaska",Alaska,US,1.3,ml,,64.831,-148.686,17.7,2026-08-05T19:00:44Z,2026-08-06T17:28:20Z,2026-08-06T17:28:20Z
usgs:ci40664338,usgs,sismo,"M 1.2 - 2 km W of Lake Henshaw, CA",2026-07-31T19:27:32Z,https://earthquake.usgs.gov/earthquakes/eventpage/ci40664338,usgs:ci40664338,"2 km W of Lake Henshaw, CA",CA,US,1.2,ml,,33.238,-116.7865,14.87,2026-07-31T19:45:08Z,2026-08-06T17:28:20Z,2026-08-06T17:28:20Z
usgs:aka2026pbfnyy,usgs,sismo,"M 1.5 - 6 km ENE of Susitna North, Alaska",2026-07-31T19:27:15Z,https://earthquake.usgs.gov/earthquakes/eventpage/aka2026pbfnyy,usgs:aka2026pbfnyy,"6 km ENE of Susitna North, Alaska",Alaska,US,1.5,ml,,62.188,-149.744,58.5,2026-08-05T16:54:59Z,2026-08-06T17:28:20Z,2026-08-06T17:28:20Z
usgs:av94348598,usgs,sismo,"M 0.8 - 151 km W of Adak, Alaska",2026-07-31T19:26:19Z,https://earthquake.usgs.gov/earthquakes/eventpage/av94348598,usgs:av94348598,"151 km W of Adak, Alaska",Alaska,US,0.8,ml,,51.8115,-178.824166666667,11.8,2026-07-31T20:42:53Z,2026-08-06T17:28:20Z,2026-08-06T17:28:20Z
usgs:ci40664330,usgs,sismo,"M 0.3 - 19 km NNW of Borrego Springs, CA",2026-07-31T19:10:54Z,https://earthquake.usgs.gov/earthquakes/eventpage/ci40664330,usgs:ci40664330,"19 km NNW of Borrego Springs, CA",CA,US,0.33,ml,,33.4128333333333,-116.443833333333,14.52,2026-07-31T19:43:23Z,2026-08-06T17:28:20Z,2026-08-06T17:28:20Z
usgs:aka2026pbezsj,usgs,sismo,"M 1.6 - 54 km E of Denali National Park, Alaska",2026-07-31T19:10:46Z,https://earthquake.usgs.gov/earthquakes/eventpage/aka2026pbezsj,usgs:aka2026pbezsj,"54 km E of Denali National Park, Alaska",Alaska,US,1.6,ml,,63.564,-150.63,11.1,2026-08-05T18:56:52Z,2026-08-06T17:28:20Z,2026-08-06T17:28:20Z
usgs:uw714067111,usgs,otro,"M 1.4 Explosion - 6 km ENE of Amity, Oregon",2026-07-31T19:00:38Z,https://earthquake.usgs.gov/earthquakes/eventpage/uw714067111,usgs:uw714067111,"6 km ENE of Amity, Oregon",Oregon,US,1.35,md,,45.1438333333333,-123.1385,-0.21,2026-07-31T21:50:28Z,2026-08-06T17:28:20Z,2026-08-06T17:28:20Z
usgs:ok2026owyt,usgs,otro,"M 1.5 Quarry Blast - 2 km E of Sportsmen Acres, Oklahoma",2026-07-31T19:00:17Z,https://earthquake.usgs.gov/earthquakes/eventpage/ok2026owyt,usgs:ok2026owyt,"2 km E of Sportsmen Acres, Oklahoma",Oklahoma,US,1.5,ml,,36.243,-95.2275,0.0,2026-08-05T17:23:07Z,2026-08-06T17:28:20Z,2026-08-06T17:28:20Z
usgs:us6000thb5,usgs,sismo,M 5.1 - South Sandwich Islands region,2026-07-31T18:58:13Z,https://earthquake.usgs.gov/earthquakes/eventpage/us6000thb5,usgs:us6000thb5,South Sandwich Islands region,,,5.1,mb,,-58.713,-25.2881,77.66,2026-08-01T14:10:50Z,2026-08-06T17:28:20Z,2026-08-06T17:28:20Z
usgs:us6000thaw,usgs,sismo,"M 3.1 - 17 km SSE of Miramichi, Canada",2026-07-31T18:55:52Z,https://earthquake.usgs.gov/earthquakes/eventpage/us6000thaw,usgs:us6000thaw,"17 km SSE of Miramichi, Canada",Canada,CA,3.1,mb_lg,,46.8912,-65.403,10.0,2026-08-01T15:57:13Z,2026-08-06T17:28:20Z,2026-08-06T17:28:20Z
usgs:ok2026owyd,usgs,otro,"M 1.3 Quarry Blast - 12 km SSE of Wapanucka, Oklahoma",2026-07-31T18:41:08Z,https://earthquake.usgs.gov/earthquakes/eventpage/ok2026owyd,usgs:ok2026owyd,"12 km SSE of Wapanucka, Oklahoma",Oklahoma,US,1.3,ml,,34.271,-96.381,0.0,2026-08-05T17:23:02Z,2026-08-06T17:28:20Z,2026-08-06T17:28:20Z
usgs:tx2026oytgss,usgs,sismo,"M 2.3 - 58 km S of Whites City, New Mexico",2026-07-31T18:41:07Z,https://earthquake.usgs.gov/earthquakes/eventpage/tx2026oytgss,usgs:tx2026oytgss,"58 km S of Whites City, New Mexico",New Mexico,US,2.3,ml,,31.648,-104.431,5.8948,2026-08-03T15:35:03Z,2026-08-06T17:28:20Z,2026-08-06T17:28:20Z
usgs:ci40664322,usgs,sismo,"M 0.6 - 7 km SSW of Idyllwild, CA",2026-07-31T18:40:22Z,https://earthquake.usgs.gov/earthquakes/eventpage/ci40664322,usgs:ci40664322,"7 km SSW of Idyllwild, CA",CA,US,0.61,ml,,33.6775,-116.738166666667,14.43,2026-07-31T19:44:27Z,2026-08-06T17:28:20Z,2026-08-06T17:28:20Z
usgs:aka2026pbdrgc,usgs,sismo,"M 2.6 - 96 km SSW of Unalaska, Alaska",2026-07-31T18:30:57Z,https://earthquake.usgs.gov/earthquakes/eventpage/aka2026pbdrgc,usgs:aka2026pbdrgc,"96 km SSW of Unalaska, Alaska",Alaska,US,2.6,ml,,53.037,-166.923,26.4,2026-08-05T16:52:43Z,2026-08-06T17:28:20Z,2026-08-06T17:28:20Z
usgs:ci40664306,usgs,sismo,"M 0.7 - 8 km S of Borrego Springs, CA",2026-07-31T18:28:41Z,https://earthquake.usgs.gov/earthquakes/eventpage/ci40664306,usgs:ci40664306,"8 km S of Borrego Springs, CA",CA,US,0.72,ml,,33.1806666666667,-116.372666666667,11.51,2026-07-31T19:44:46Z,2026-08-06T17:28:20Z,2026-08-06T17:28:20Z
usgs:nc75409212,usgs,sismo,"M 1.0 - 6 km W of Cobb, CA",2026-07-31T18:25:57Z,https://earthquake.usgs.gov/earthquakes/eventpage/nc75409212,usgs:nc75409212,"6 km W of Cobb, CA",CA,US,1.02,md,,38.8288345336914,-122.789329528809,1.62999999523163,2026-07-31T18:27:32Z,2026-08-06T17:28:20Z,2026-08-06T17:28:20Z
usgs:aka2026pbdmve,usgs,sismo,"M 2.1 - 137 km E of Chignik, Alaska",2026-07-31T18:25:55Z,https://earthquake.usgs.gov/earthquakes/eventpage/aka2026pbdmve,usgs:aka2026pbdmve,"137 km E of Chignik, Alaska",Alaska,US,2.1,ml,,56.175,-156.201,2.9,2026-08-05T16:52:30Z,2026-08-06T17:28:20Z,2026-08-06T17:28:20Z
usgs:ci40664298,usgs,sismo,"M 1.5 - 13 km NNE of Avalon, CA",2026-07-31T18:23:44Z,https://earthquake.usgs.gov/earthquakes/eventpage/ci40664298,usgs:ci40664298,"13 km NNE of Avalon, CA",CA,US,1.54,ml,,33.4501666666667,-118.277333333333,12.13,2026-07-31T19:49:34Z,2026-08-06T17:28:20Z,2026-08-06T17:28:20Z
usgs:aka2026pbdjqy,usgs,sismo,"M 2.5 - 63 km SE of Adak, Alaska",2026-07-31T18:22:16Z,https://earthquake.usgs.gov/earthquakes/eventpage/aka2026pbdjqy,usgs:aka2026pbdjqy,"63 km SE of Adak, Alaska",Alaska,US,2.5,ml,,51.538,-175.888,33.3,2026-08-05T16:52:16Z,2026-08-06T17:28:20Z,2026-08-06T17:28:20Z
usgs:uw714067091,usgs,sismo,"M 2.2 - 2 km N of Lyman, Washington",2026-07-31T18:17:22Z,https://earthquake.usgs.gov/earthquakes/eventpage/uw714067091,usgs:uw714067091,"2 km N of Lyman, Washington",Washington,US,2.18,ml,,48.553,-122.057,5.73,2026-08-01T16:56:06Z,2026-08-06T17:28:20Z,2026-08-06T17:28:20Z
usgs:uw714067081,usgs,otro,"M 2.6 Explosion - 18 km NE of Amboy, Washington",2026-07-31T18:14:53Z,https://earthquake.usgs.gov/earthquakes/eventpage/uw714067081,usgs:uw714067081,"18 km NE of Amboy, Washington",Washington,US,2.61,md,,46.024,-122.2645,-1.07,2026-07-31T21:36:02Z,2026-08-06T17:28:20Z,2026-08-06T17:28:20Z
usgs:hv75011102,usgs,sismo,"M 1.7 - 12 km ENE of Pāhala, Hawaii",2026-07-31T18:09:41Z,https://earthquake.usgs.gov/earthquakes/eventpage/hv75011102,usgs:hv75011102,"12 km ENE of Pāhala, Hawaii",Hawaii,US,1.7,md,,19.2285003662109,-155.360504150391,31.5599994659424,2026-07-31T18:13:17Z,2026-08-06T17:28:20Z,2026-08-06T17:28:20Z
usgs:aka2026pbcxtx,usgs,sismo,"M 1.6 - 54 km E of Denali National Park, Alaska",2026-07-31T18:08:33Z,https://earthquake.usgs.gov/earthquakes/eventpage/aka2026pbcxtx,usgs:aka2026pbcxtx,"54 km E of Denali National Park, Alaska",Alaska,US,1.6,ml,,63.558,-150.623,6.3,2026-08-05T18:53:27Z,2026-08-06T17:28:20Z,2026-08-06T17:28:20Z
usgs:av94348538,usgs,sismo,"M 0.5 - 23 km NNE of Atka, Alaska",2026-07-31T18:07:49Z,https://earthquake.usgs.gov/earthquakes/eventpage/av94348538,usgs:av94348538,"23 km NNE of Atka, Alaska",Alaska,US,0.54,ml,,52.394,-174.094333333333,8.41,2026-07-31T20:40:53Z,2026-08-06T17:28:20Z,2026-08-06T17:28:20Z
usgs:tx2026oysdjg,usgs,sismo,"M 0.8 - 31 km WSW of Ackerly, Texas",2026-07-31T18:03:43Z,https://earthquake.usgs.gov/earthquakes/eventpage/tx2026oysdjg,usgs:tx2026oysdjg,"31 km WSW of Ackerly, Texas",Texas,US,0.8,ml,,32.412,-102.019,8.3252,2026-08-04T16:11:18Z,2026-08-06T17:28:20Z,2026-08-06T17:28:20Z
usgs:aka2026pbcrvq,usgs,sismo,"M 1.4 - 47 km NNW of Valdez, Alaska",2026-07-31T18:01:43Z,https://earthquake.usgs.gov/earthquakes/eventpage/aka2026pbcrvq,usgs:aka2026pbcrvq,"47 km NNW of Valdez, Alaska",Alaska,US,1.4,ml,,61.544,-146.581,20.0,2026-08-05T16:52:03Z,2026-08-06T17:28:20Z,2026-08-06T17:28:20Z
usgs:nc75409197,usgs,sismo,"M 0.7 - 4 km W of The Geysers, CA",2026-07-31T17:59:36Z,https://earthquake.usgs.gov/earthquakes/eventpage/nc75409197,usgs:nc75409197,"4 km W of The Geysers, CA",CA,US,0.74,md,,38.7724990844727,-122.798164367676,3.36999988555908,2026-07-31T18:01:12Z,2026-08-06T17:28:20Z,2026-08-06T17:28:20Z
usgs:hv75011087,usgs,sismo,"M 1.9 - 1 km WSW of Pāhala, Hawaii",2026-07-31T17:55:04Z,https://earthquake.usgs.gov/earthquakes/eventpage/hv75011087,usgs:hv75011087,"1 km WSW of Pāhala, Hawaii",Hawaii,US,1.91,md,,19.1975002288818,-155.492172241211,28.0100002288818,2026-07-31T17:58:28Z,2026-08-06T17:28:20Z,2026-08-06T17:28:20Z
usgs:aka2026pbcjtm,usgs,sismo,"M 1.7 - 33 km SSW of Dry Creek, Alaska",2026-07-31T17:52:24Z,https://earthquake.usgs.gov/earthquakes/eventpage/aka2026pbcjtm,usgs:aka2026pbcjtm,"33 km SSW of Dry Creek, Alaska",Alaska,US,1.7,ml,,63.362,-144.841,0.8,2026-08-05T16:50:53Z,2026-08-06T17:28:20Z,2026-08-06T17:28:20Z
usgs:av94348503,usgs,sismo,"M 0.5 - 20 km WNW of Ivanof Bay, Alaska",2026-07-31T17:49:58Z,https://earthquake.usgs.gov/earthquakes/eventpage/av94348503,usgs:av94348503,"20 km WNW of Ivanof Bay, Alaska",Alaska,US,0.47,ml,,55.9975,-159.755166666667,3.6,2026-08-01T02:27:13Z,2026-08-06T17:28:20Z,2026-08-06T17:28:20Z
usgs:us6000th96,usgs,sismo,"M 5.0 - 76 km W of Coquimbo, Chile",2026-07-31T17:47:05Z,https://earthquake.usgs.gov/earthquakes/eventpage/us6000th96,usgs:us6000th96,"76 km W of Coquimbo, Chile",Chile,CL,5.0,mww,,-29.867,-72.1202,11.851,2026-08-01T13:55:09Z,2026-08-06T17:28:20Z,2026-08-06T17:28:20Z
usgs:us6000th99,usgs,sismo,"M 4.5 - 0 km WNW of Torre Caracciolo, Italy",2026-07-31T17:46:43Z,https://earthquake.usgs.gov/earthquakes/eventpage/us6000th99,usgs:us6000th99,"0 km WNW of Torre Caracciolo, Italy",Italy,IT,4.5,mww,verde,40.8789,14.1713,5.0,2026-08-02T16:11:06Z,2026-08-06T17:28:20Z,2026-08-06T17:28:20Z
usgs:av94348488,usgs,sismo,"M -0.2 - 91 km NNW of Karluk, Alaska",2026-07-31T17:44:09Z,https://earthquake.usgs.gov/earthquakes/eventpage/av94348488,usgs:av94348488,"91 km NNW of Karluk, Alaska",Alaska,US,-0.17,ml,,58.3668333333333,-154.785833333333,4.22,2026-08-01T02:30:43Z,2026-08-06T17:28:20Z,2026-08-06T17:28:20Z
usgs:uu80146811,usgs,sismo,"M 1.2 - 11 km NE of Milford, Utah",2026-07-31T17:43:05Z,https://earthquake.usgs.gov/earthquakes/eventpage/uu80146811,usgs:uu80146811,"11 km NE of Milford, Utah",Utah,US,1.18,md,,38.47,-112.909833333333,3.42,2026-07-31T18:35:15Z,2026-08-06T17:28:20Z,2026-08-06T17:28:20Z
usgs:av94348483,usgs,sismo,"M -1.0 - 78 km NW of Ninilchik, Alaska",2026-07-31T17:41:12Z,https://earthquake.usgs.gov/earthquakes/eventpage/av94348483,usgs:av94348483,"78 km NW of Ninilchik, Alaska",Alaska,US,-1.0,ml,,60.508,-152.758666666667,4.08,2026-08-01T02:36:43Z,2026-08-06T17:28:20Z,2026-08-06T17:28:20Z
usgs:av94348478,usgs,sismo,"M 1.1 - 73 km ENE of Adak, Alaska",2026-07-31T17:30:11Z,https://earthquake.usgs.gov/earthquakes/eventpage/av94348478,usgs:av94348478,"73 km ENE of Adak, Alaska",Alaska,US,1.05,ml,,52.1375,-175.657166666667,12.78,2026-08-01T02:33:43Z,2026-08-06T17:28:20Z,2026-08-06T17:28:20Z
usgs:aka2026pbboxy,usgs,sismo,"M 1.4 - 117 km N of Yakutat, Alaska",2026-07-31T17:28:22Z,https://earthquake.usgs.gov/earthquakes/eventpage/aka2026pbboxy,usgs:aka2026pbboxy,"117 km N of Yakutat, Alaska",Alaska,US,1.4,ml,,60.604,-139.765,6.5,2026-08-05T16:47:55Z,2026-08-06T17:28:20Z,2026-08-06T17:28:20Z
usgs:nc75409182,usgs,sismo,"M 0.2 - 7 km W of Cobb, CA",2026-07-31T17:18:55Z,https://earthquake.usgs.gov/earthquakes/eventpage/nc75409182,usgs:nc75409182,"7 km W of Cobb, CA",CA,US,0.21,md,,38.8305015563965,-122.799667358398,2.1800000667572,2026-07-31T17:20:31Z,2026-08-06T17:28:20Z,2026-08-06T17:28:20Z
usgs:us6000th92,usgs,sismo,"M 3.4 - 92 km SSE of King Cove, Alaska",2026-07-31T17:15:39Z,https://earthquake.usgs.gov/earthquakes/eventpage/us6000th92,usgs:us6000th92,"92 km SSE of King Cove, Alaska",Alaska,US,3.4,mb,,54.3663,-161.5336,35.0,2026-08-05T16:45:54Z,2026-08-06T17:28:20Z,2026-08-06T17:28:20Z
usgs:ok2026owvc,usgs,otro,"M 1.3 Quarry Blast - 4 km SSE of Owasso, Oklahoma",2026-07-31T17:09:09Z,https://earthquake.usgs.gov/earthquakes/eventpage/ok2026owvc,usgs:ok2026owvc,"4 km SSE of Owasso, Oklahoma",Oklahoma,US,1.26,ml,,36.23566667,-95.83616667,0.0,2026-08-05T17:22:57Z,2026-08-06T17:28:20Z,2026-08-06T17:28:20Z
usgs:nc75409172,usgs,sismo,"M 1.1 - 8 km ESE of Cloverdale, CA",2026-07-31T17:01:34Z,https://earthquake.usgs.gov/earthquakes/eventpage/nc75409172,usgs:nc75409172,"8 km ESE of Cloverdale, CA",CA,US,1.12,md,,38.7783317565918,-122.936668395996,6.38000011444092,2026-07-31T18:07:23Z,2026-08-06T17:28:20Z,2026-08-06T17:28:20Z
usgs:ci40664242,usgs,sismo,"M 0.8 - 3 km SSE of Granada Hills, CA",2026-07-31T16:57:17Z,https://earthquake.usgs.gov/earthquakes/eventpage/ci40664242,usgs:ci40664242,"3 km SSE of Granada Hills, CA",CA,US,0.78,ml,,34.2503333333333,-118.491,11.49,2026-07-31T17:32:18Z,2026-08-06T17:28:20Z,2026-08-06T17:28:20Z
usgs:aka2026pbajee,usgs,sismo,"M 2.7 - 270 km WSW of Adak, Alaska",2026-07-31T16:52:05Z,https://earthquake.usgs.gov/earthquakes/eventpage/aka2026pbajee,usgs:aka2026pbajee,"270 km WSW of Adak, Alaska",Alaska,US,2.7,ml,,51.208,179.612,37.1,2026-08-05T16:44:08Z,2026-08-06T17:28:20Z,2026-08-06T17:28:20Z
usgs:ci40664234,usgs,sismo,"M 1.9 - 9 km S of Borrego Springs, CA",2026-07-31T16:49:04Z,https://earthquake.usgs.gov/earthquakes/eventpage/ci40664234,usgs:ci40664234,"9 km S of Borrego Springs, CA",CA,US,1.93,ml,,33.1758333333333,-116.381666666667,11.69,2026-07-31T17:34:20Z,2026-08-06T17:28:20Z,2026-08-06T17:28:20Z
usgs:ci40664226,usgs,sismo,"M 1.6 - 9 km S of Borrego Springs, CA",2026-07-31T16:47:07Z,https://earthquake.usgs.gov/earthquakes/eventpage/ci40664226,usgs:ci40664226,"9 km S of Borrego Springs, CA",CA,US,1.63,ml,,33.1753333333333,-116.381,11.62,2026-07-31T17:24:03Z,2026-08-06T17:28:20Z,2026-08-06T17:28:20Z
usgs:aka2026pbadeq,usgs,otro,"M 1.1 Ice Quake - 63 km S of Glacier View, Alaska",2026-07-31T16:44:55Z,https://earthquake.usgs.gov/earthquakes/eventpage/aka2026pbadeq,usgs:aka2026pbadeq,"63 km S of Glacier View, Alaska",Alaska,US,1.1,ml,,61.241,-147.72,0.0,2026-08-05T16:59:39Z,2026-08-06T17:28:20Z,2026-08-06T17:28:20Z
usgs:ci40664218,usgs,sismo,"M 1.1 - 9 km S of Borrego Springs, CA",2026-07-31T16:30:48Z,https://earthquake.usgs.gov/earthquakes/eventpage/ci40664218,usgs:ci40664218,"9 km S of Borrego Springs, CA",CA,US,1.14,ml,,33.1785,-116.374166666667,11.49,2026-07-31T17:34:24Z,2026-08-06T17:28:20Z,2026-08-06T17:28:20Z
usgs:av94348358,usgs,sismo,"M 0.2 - 26 km WSW of Dutch Harbor, Alaska",2026-07-31T16:30:19Z,https://earthquake.usgs.gov/earthquakes/eventpage/av94348358,usgs:av94348358,"26 km WSW of Dutch Harbor, Alaska",Alaska,US,0.15,ml,,53.8206666666667,-166.922,35.11,2026-08-01T02:20:12Z,2026-08-06T17:28:20Z,2026-08-06T17:28:20Z
usgs:nn00922637,usgs,otro,"M 1.8 Explosion - 8 km ESE of Sparks, Nevada",2026-07-31T16:30:13Z,https://earthquake.usgs.gov/earthquakes/eventpage/nn00922637,usgs:nn00922637,"8 km ESE of Sparks, Nevada",Nevada,US,1.75,ml,,39.5155,-119.6624,2.6798,2026-07-31T17:03:53Z,2026-08-06T17:28:20Z,2026-08-06T17:28:20Z
usgs:aka2026pazkoi,usgs,sismo,"M 1.7 - 13 km W of Beluga, Alaska",2026-07-31T16:23:24Z,https://earthquake.usgs.gov/earthquakes/eventpage/aka2026pazkoi,usgs:aka2026pazkoi,"13 km W of Beluga, Alaska",Alaska,US,1.7,ml,,61.163,-151.338,91.4,2026-08-05T16:41:54Z,2026-08-06T17:28:20Z,2026-08-06T17:28:20Z
usgs:nc75409152,usgs,sismo,"M 1.4 - 8 km ESE of Cloverdale, CA",2026-07-31T16:20:50Z,https://earthquake.usgs.gov/earthquakes/eventpage/nc75409152,usgs:nc75409152,"8 km ESE of Cloverdale, CA",CA,US,1.37,md,,38.7788314819336,-122.933334350586,4.25,2026-07-31T16:52:21Z,2026-08-06T17:28:20Z,2026-08-06T17:28:20Z
usgs:ci40664202,usgs,sismo,"M 0.6 - 8 km S of Borrego Springs, CA",2026-07-31T16:18:29Z,https://earthquake.usgs.gov/earthquakes/eventpage/ci40664202,usgs:ci40664202,"8 km S of Borrego Springs, CA",CA,US,0.61,ml,,33.1821666666667,-116.374666666667,11.5,2026-07-31T17:19:57Z,2026-08-06T17:28:20Z,2026-08-06T17:28:20Z
usgs:nc75409147,usgs,sismo,"M 1.1 - 6 km WNW of Cobb, CA",2026-07-31T16:16:32Z,https://earthquake.usgs.gov/earthquakes/eventpage/nc75409147,usgs:nc75409147,"6 km WNW of Cobb, CA",CA,US,1.06,md,,38.8356666564941,-122.792831420898,2.0699999332428,2026-07-31T16:18:07Z,2026-08-06T17:28:20Z,2026-08-06T17:28:20Z
usgs:us6000th8n,usgs,sismo,"M 5.2 - 85 km SW of El Arenal, Mexico",2026-07-31T16:15:58Z,https://earthquake.usgs.gov/earthquakes/eventpage/us6000th8n,usgs:us6000th8n,"85 km SW of El Arenal, Mexico",Mexico,US,5.2,mww,,14.6031,-93.2309,10.0,2026-07-31T16:32:13Z,2026-08-06T17:28:20Z,2026-08-06T17:28:20Z
usgs:aka2026payuvl,usgs,sismo,"M 2.5 - 7 km W of Funny River, Alaska",2026-07-31T16:05:13Z,https://earthquake.usgs.gov/earthquakes/eventpage/aka2026payuvl,usgs:aka2026payuvl,"7 km W of Funny River, Alaska",Alaska,US,2.5,ml,,60.507,-150.904,2.4,2026-08-05T16:42:14Z,2026-08-06T17:28:20Z,2026-08-06T17:28:20Z
usgs:us6000th8m,usgs,sismo,"M 4.7 - 260 km NNW of Puerto Ayora, Ecuador",2026-07-31T16:04:11Z,https://earthquake.usgs.gov/earthquakes/eventpage/us6000th8m,usgs:us6000th8m,"260 km NNW of Puerto Ayora, Ecuador",Ecuador,EC,4.7,mb,,1.5255,-90.9633,10.0,2026-07-31T16:58:06Z,2026-08-06T17:28:20Z,2026-08-06T17:28:20Z
usgs:av94348293,usgs,sismo,"M -1.0 - 79 km NW of Ninilchik, Alaska",2026-07-31T15:53:26Z,https://earthquake.usgs.gov/earthquakes/eventpage/av94348293,usgs:av94348293,"79 km NW of Ninilchik, Alaska",Alaska,US,-0.97,ml,,60.5163333333333,-152.764333333333,2.93,2026-08-01T02:13:13Z,2026-08-06T17:28:20Z,2026-08-06T17:28:20Z
usgs:nc75409137,usgs,sismo,"M 0.8 - 5 km NW of The Geysers, CA",2026-07-31T15:49:40Z,https://earthquake.usgs.gov/earthquakes/eventpage/nc75409137,usgs:nc75409137,"5 km NW of The Geysers, CA",CA,US,0.75,md,,38.8139991760254,-122.795669555664,3.51999998092651,2026-07-31T15:51:17Z,2026-08-06T17:28:20Z,2026-08-06T17:28:20Z
usgs:hv75011057,usgs,sismo,"M 1.8 - 5 km SSW of Pāhala, Hawaii",2026-07-31T15:46:35Z,https://earthquake.usgs.gov/earthquakes/eventpage/hv75011057,usgs:hv75011057,"5 km SSW of Pāhala, Hawaii",Hawaii,US,1.8,md,,19.1511669158936,-155.491668701172,29.8500003814697,2026-07-31T15:50:03Z,2026-08-06T17:28:20Z,2026-08-06T17:28:20Z
usgs:aka2026paxvib,usgs,sismo,"M 2.1 - 153 km ESE of McCarthy, Alaska",2026-07-31T15:35:48Z,https://earthquake.usgs.gov/earthquakes/eventpage/aka2026paxvib,usgs:aka2026paxvib,"153 km ESE of McCarthy, Alaska",Alaska,US,2.1,ml,,61.08,-140.15,3.2,2026-08-05T16:39:59Z,2026-08-06T17:28:20Z,2026-08-06T17:28:20Z
usgs:aka2026paxrtc,usgs,sismo,"M 2.4 - 88 km SSE of Sand Point, Alaska",2026-07-31T15:31:36Z,https://earthquake.usgs.gov/earthquakes/eventpage/aka2026paxrtc,usgs:aka2026paxrtc,"88 km SSE of Sand Point, Alaska",Alaska,US,2.4,ml,,54.561,-160.181,1.7,2026-08-05T16:38:49Z,2026-08-06T17:28:20Z,2026-08-06T17:28:20Z
usgs:av94348248,usgs,sismo,"M -0.1 - 86 km NNW of Karluk, Alaska",2026-07-31T15:31:01Z,https://earthquake.usgs.gov/earthquakes/eventpage/av94348248,usgs:av94348248,"86 km NNW of Karluk, Alaska",Alaska,US,-0.07,ml,,58.2968333333333,-154.979833333333,2.75,2026-08-01T02:16:12Z,2026-08-06T17:28:20Z,2026-08-06T17:28:20Z
usgs:nc75409127,usgs,sismo,"M 1.7 - 3 km NW of The Geysers, CA",2026-07-31T15:24:25Z,https://earthquake.usgs.gov/earthquakes/eventpage/nc75409127,usgs:nc75409127,"3 km NW of The Geysers, CA",CA,US,1.74,md,,38.8025016784668,-122.778663635254,3.60999989509583,2026-07-31T15:57:20Z,2026-08-06T17:28:20Z,2026-08-06T17:28:20Z
usgs:uw714066901,usgs,sismo,"M -0.3 - 38 km NNE of Amboy, Washington",2026-07-31T15:22:54Z,https://earthquake.usgs.gov/earthquakes/eventpage/uw714066901,usgs:uw714066901,"38 km NNE of Amboy, Washington",Washington,US,-0.32,mh,,46.2028333333333,-122.185166666667,-1.81,2026-07-31T18:12:13Z,2026-08-06T17:28:20Z,2026-08-06T17:28:20Z
usgs:aka2026paxhjl,usgs,sismo,"M 1.3 - 52 km E of Denali National Park, Alaska",2026-07-31T15:19:19Z,https://earthquake.usgs.gov/earthquakes/eventpage/aka2026paxhjl,usgs:aka2026paxhjl,"52 km E of Denali National Park, Alaska",Alaska,US,1.3,ml,,63.558,-150.659,6.5,2026-08-05T18:47:19Z,2026-08-06T17:28:20Z,2026-08-06T17:28:20Z
usgs:tx2026oymqxz,usgs,sismo,"M 1.6 - 13 km SE of Pearsall, Texas",2026-07-31T15:18:09Z,https://earthquake.usgs.gov/earthquakes/eventpage/tx2026oymqxz,usgs:tx2026oymqxz,"13 km SE of Pearsall, Texas",Texas,US,1.6,ml,,28.825,-98.984,9.7037,2026-08-06T15:04:35Z,2026-08-06T17:28:20Z,2026-08-06T17:28:20Z
usgs:hv75011032,usgs,sismo,"M 1.9 - 12 km ENE of Pāhala, Hawaii",2026-07-31T15:10:22Z,https://earthquake.usgs.gov/earthquakes/eventpage/hv75011032,usgs:hv75011032,"12 km ENE of Pāhala, Hawaii",Hawaii,US,1.85,md,,19.2353324890137,-155.363830566406,32.3400001525879,2026-07-31T15:13:59Z,2026-08-06T17:28:20Z,2026-08-06T17:28:20Z
usgs:aka2026pawxlw,usgs,sismo,"M 1.8 - 52 km NNW of Petersville, Alaska",2026-07-31T15:08:16Z,https://earthquake.usgs.gov/earthquakes/eventpage/aka2026pawxlw,usgs:aka2026pawxlw,"52 km NNW of Petersville, Alaska",Alaska,US,1.8,ml,,62.94,-151.102,116.0,2026-08-05T16:36:46Z,2026-08-06T17:28:20Z,2026-08-06T17:28:20Z
usgs:aka2026pawubw,usgs,sismo,"M 1.2 - 23 km SE of Chickaloon, Alaska",2026-07-31T15:04:23Z,https://earthquake.usgs.gov/earthquakes/eventpage/aka2026pawubw,usgs:aka2026pawubw,"23 km SE of Chickaloon, Alaska",Alaska,US,1.2,ml,,61.642,-148.154,14.1,2026-08-05T16:36:31Z,2026-08-06T17:28:20Z,2026-08-06T17:28:20Z
usgs:ci10246982,usgs,sismo,"M 0.6 - 17 km WSW of Johannesburg, CA",2026-07-31T14:54:43Z,https://earthquake.usgs.gov/earthquakes/eventpage/ci10246982,usgs:ci10246982,"17 km WSW of Johannesburg, CA",CA,US,0.56,ml,,35.311,-117.8105,8.32,2026-07-31T17:12:54Z,2026-08-06T17:28:20Z,2026-08-06T17:28:20Z
usgs:ci40664186,usgs,sismo,"M 1.0 - 17 km WSW of Johannesburg, CA",2026-07-31T14:54:17Z,https://earthquake.usgs.gov/earthquakes/eventpage/ci40664186,usgs:ci40664186,"17 km WSW of Johannesburg, CA",CA,US,1.0,ml,,35.312,-117.812666666667,9.67,2026-07-31T17:09:37Z,2026-08-06T17:28:20Z,2026-08-06T17:28:20Z
usgs:nc75409117,usgs,sismo,"M 0.8 - 2 km NNW of The Geysers, CA",2026-07-31T14:53:55Z,https://earthquake.usgs.gov/earthquakes/eventpage/nc75409117,usgs:nc75409117,"2 km NNW of The Geysers, CA",CA,US,0.75,md,,38.7895011901855,-122.766830444336,1.5,2026-07-31T14:55:32Z,2026-08-06T17:28:20Z,2026-08-06T17:28:20Z
usgs:hv75011027,usgs,sismo,"M 1.6 - 12 km ENE of Pāhala, Hawaii",2026-07-31T14:53:28Z,https://earthquake.usgs.gov/earthquakes/eventpage/hv75011027,usgs:hv75011027,"12 km ENE of Pāhala, Hawaii",Hawaii,US,1.64,ml,,19.227,-155.3615,32.31,2026-08-04T01:14:40Z,2026-08-06T17:28:20Z,2026-08-06T17:28:20Z
usgs:aka2026pawdol,usgs,sismo,"M 2.7 - 53 km ENE of Denali National Park, Alaska",2026-07-31T14:45:21Z,https://earthquake.usgs.gov/earthquakes/eventpage/aka2026pawdol,usgs:aka2026pawdol,"53 km ENE of Denali National Park, Alaska",Alaska,US,2.7,ml,,63.639,-150.669,10.0,2026-08-05T16:36:05Z,2026-08-06T17:28:20Z,2026-08-06T17:28:20Z
usgs:nc75409107,usgs,sismo,"M 0.2 - 5 km W of Cobb, CA",2026-07-31T14:45:14Z,https://earthquake.usgs.gov/earthquakes/eventpage/nc75409107,usgs:nc75409107,"5 km W of Cobb, CA",CA,US,0.22,md,,38.8306655883789,-122.784332275391,2.47000002861023,2026-07-31T14:46:52Z,2026-08-06T17:28:20Z,2026-08-06T17:28:20Z
usgs:av93065209,usgs,sismo,"M -0.4 - 82 km NE of Nikolski, Alaska",2026-07-31T14:43:05Z,https://earthquake.usgs.gov/earthquakes/eventpage/av93065209,usgs:av93065209,"82 km NE of Nikolski, Alaska",Alaska,US,-0.35,ml,,53.5133333333333,-168.081833333333,5.6,2026-08-01T02:03:11Z,2026-08-06T17:28:20Z,2026-08-06T17:28:20Z
usgs:aka2026pavzcv,usgs,sismo,"M 1.4 - 54 km E of Denali National Park, Alaska",2026-07-31T14:40:12Z,https://earthquake.usgs.gov/earthquakes/eventpage/aka2026pavzcv,usgs:aka2026pavzcv,"54 km E of Denali National Park, Alaska",Alaska,US,1.4,ml,,63.565,-150.632,11.7,2026-08-05T18:38:26Z,2026-08-06T17:28:20Z,2026-08-06T17:28:20Z
usgs:uu80146806,usgs,sismo,"M 1.0 - 4 km WSW of Circleville, Utah",2026-07-31T14:23:40Z,https://earthquake.usgs.gov/earthquakes/eventpage/uu80146806,usgs:uu80146806,"4 km WSW of Circleville, Utah",Utah,US,1.02,md,,38.1526666666667,-112.309666666667,3.58,2026-07-31T17:40:29Z,2026-08-06T17:28:20Z,2026-08-06T17:28:20Z
usgs:av94348153,usgs,sismo,"M -0.9 - 66 km ENE of Pedro Bay, Alaska",2026-07-31T14:22:33Z,https://earthquake.usgs.gov/earthquakes/eventpage/av94348153,usgs:av94348153,"66 km ENE of Pedro Bay, Alaska",Alaska,US,-0.86,ml,,60.0653333333333,-153.062,4.04,2026-08-01T03:35:17Z,2026-08-06T17:28:20Z,2026-08-06T17:28:20Z
usgs:hv75011002,usgs,sismo,"M 1.7 - 1 km SW of Pāhala, Hawaii",2026-07-31T14:08:36Z,https://earthquake.usgs.gov/earthquakes/eventpage/hv75011002,usgs:hv75011002,"1 km SW of Pāhala, Hawaii",Hawaii,US,1.72,md,,19.19700050354,-155.48616027832,28.6399993896484,2026-07-31T14:12:07Z,2026-08-06T17:28:20Z,2026-08-06T17:28:20Z
usgs:av94348133,usgs,sismo,"M 0.4 - 41 km NE of Adak, Alaska",2026-07-31T14:05:20Z,https://earthquake.usgs.gov/earthquakes/eventpage/av94348133,usgs:av94348133,"41 km NE of Adak, Alaska",Alaska,US,0.36,ml,,52.0883333333333,-176.1385,5.1,2026-08-01T01:51:10Z,2026-08-06T17:28:20Z,2026-08-06T17:28:20Z
usgs:aka2026pautfx,usgs,sismo,"M 2.1 - 70 km NNE of White Mountain, Alaska",2026-07-31T14:03:26Z,https://earthquake.usgs.gov/earthquakes/eventpage/aka2026pautfx,usgs:aka2026pautfx,"70 km NNE of White Mountain, Alaska",Alaska,US,2.1,ml,,65.252,-162.745,15.4,2026-08-05T18:34:45Z,2026-08-06T17:28:20Z,2026-08-06T17:28:20Z
usgs:aka2026paubqb,usgs,sismo,"M 3.1 - 110 km SSE of Atka, Alaska",2026-07-31T13:43:12Z,https://earthquake.usgs.gov/earthquakes/eventpage/aka2026paubqb,usgs:aka2026paubqb,"110 km SSE of Atka, Alaska",Alaska,US,3.1,ml,,51.367,-173.317,10.7,2026-08-05T16:33:43Z,2026-08-06T17:28:20Z,2026-08-06T17:28:20Z
usgs:ci40664154,usgs,sismo,"M 1.2 - 7 km SW of Corona, CA",2026-07-31T13:42:31Z,https://earthquake.usgs.gov/earthquakes/eventpage/ci40664154,usgs:ci40664154,"7 km SW of Corona, CA",CA,US,1.17,ml,,33.8291666666667,-117.620333333333,8.54,2026-07-31T15:39:55Z,2026-08-06T17:28:20Z,2026-08-06T17:28:20Z
usgs:aka2026patvnn,usgs,sismo,"M 3.2 - 89 km WSW of Karluk, Alaska",2026-07-31T13:36:05Z,https://earthquake.usgs.gov/earthquakes/eventpage/aka2026patvnn,usgs:aka2026patvnn,"89 km WSW of Karluk, Alaska",Alaska,US,3.2,ml,,57.17,-155.737,84.5,2026-08-05T01:32:08Z,2026-08-06T17:28:20Z,2026-08-06T17:28:20Z
usgs:aka2026patrkm,usgs,sismo,"M 1.4 - 98 km N of Yakutat, Alaska",2026-07-31T13:31:22Z,https://earthquake.usgs.gov/earthquakes/eventpage/aka2026patrkm,usgs:aka2026patrkm,"98 km N of Yakutat, Alaska",Alaska,US,1.4,ml,,60.431,-139.863,3.2,2026-08-05T01:31:10Z,2026-08-06T17:28:20Z,2026-08-06T17:28:20Z
usgs:aka2026patnqh,usgs,sismo,"M 1.3 - 18 km NNW of Ninilchik, Alaska",2026-07-31T13:26:59Z,https://earthquake.usgs.gov/earthquakes/eventpage/aka2026patnqh,usgs:aka2026patnqh,"18 km NNW of Ninilchik, Alaska",Alaska,US,1.3,ml,,60.216,-151.746,69.2,2026-08-05T01:29:55Z,2026-08-06T17:28:20Z,2026-08-06T17:28:20Z
usgs:aka2026patlzv,usgs,sismo,"M 1.6 - 66 km SE of Ugashik, Alaska",2026-07-31T13:25:05Z,https://earthquake.usgs.gov/earthquakes/eventpage/aka2026patlzv,usgs:aka2026patlzv,"66 km SE of Ugashik, Alaska",Alaska,US,1.6,ml,,57.05,-156.694,3.3,2026-08-05T01:28:29Z,2026-08-06T17:28:20Z,2026-08-06T17:28:20Z
usgs:aka2026patdxo,usgs,sismo,"M 1.9 - 2 km E of Kenai, Alaska",2026-07-31T13:15:47Z,https://earthquake.usgs.gov/earthquakes/eventpage/aka2026patdxo,usgs:aka2026patdxo,"2 km E of Kenai, Alaska",Alaska,US,1.9,ml,,60.553,-151.218,70.9,2026-08-05T01:04:59Z,2026-08-06T17:28:20Z,2026-08-06T17:28:20Z
usgs:nc75409097,usgs,sismo,"M 0.2 - 7 km WNW of Cobb, CA",2026-07-31T13:13:53Z,https://earthquake.usgs.gov/earthquakes/eventpage/nc75409097,usgs:nc75409097,"7 km WNW of Cobb, CA",CA,US,0.21,md,,38.8383331298828,-122.802169799805,1.77999997138977,2026-07-31T13:15:26Z,2026-08-06T17:28:20Z,2026-08-06T17:28:20Z
usgs:av94348053,usgs,sismo,"M 1.0 - 38 km ENE of Adak, Alaska",2026-07-31T13:13:04Z,https://earthquake.usgs.gov/earthquakes/eventpage/av94348053,usgs:av94348053,"38 km ENE of Adak, Alaska",Alaska,US,0.98,ml,,52.0678333333333,-176.167166666667,3.64,2026-08-01T01:36:40Z,2026-08-06T17:28:20Z,2026-08-06T17:28:20Z
usgs:uu80146801,usgs,sismo,"M 1.1 - 3 km NE of Castle Dale, Utah",2026-07-31T13:05:16Z,https://earthquake.usgs.gov/earthquakes/eventpage/uu80146801,usgs:uu80146801,"3 km NE of Castle Dale, Utah",Utah,US,1.13,md,,39.231,-110.993333333333,9.34,2026-07-31T17:38:32Z,2026-08-06T17:28:20Z,2026-08-06T17:28:20Z
usgs:us6000th7y,usgs,sismo,"M 4.6 - 95 km WNW of Amagi, Japan",2026-07-31T12:58:40Z,https://earthquake.usgs.gov/earthquakes/eventpage/us6000th7y,usgs:us6000th7y,"95 km WNW of Amagi, Japan",Japan,JP,4.6,mb,,28.2012,128.0296,10.0,2026-07-31T13:25:29Z,2026-08-06T17:28:20Z,2026-08-06T17:28:20Z
usgs:nc75409082,usgs,sismo,"M 1.0 - 3 km NNW of The Geysers, CA",2026-07-31T12:54:04Z,https://earthquake.usgs.gov/earthquakes/eventpage/nc75409082,usgs:nc75409082,"3 km NNW of The Geysers, CA",CA,US,0.96,md,,38.8016662597656,-122.764999389648,4.01999998092651,2026-07-31T12:55:41Z,2026-08-06T17:28:20Z,2026-08-06T17:28:20Z
usgs:uu80146796,usgs,sismo,"M 1.5 - 1 km SW of Circleville, Utah",2026-07-31T12:51:49Z,https://earthquake.usgs.gov/earthquakes/eventpage/uu80146796,usgs:uu80146796,"1 km SW of Circleville, Utah",Utah,US,1.53,ml,,38.1628333333333,-112.2845,1.85,2026-07-31T17:35:38Z,2026-08-06T17:28:20Z,2026-08-06T17:28:20Z
usgs:ok2026owmo,usgs,sismo,"M 1.5 - 9 km ENE of Chickasha, Oklahoma",2026-07-31T12:49:59Z,https://earthquake.usgs.gov/earthquakes/eventpage/ok2026owmo,usgs:ok2026owmo,"9 km ENE of Chickasha, Oklahoma",Oklahoma,US,1.45,ml,,35.0805,-97.83633333,7.65,2026-08-05T17:22:52Z,2026-08-06T17:28:20Z,2026-08-06T17:28:20Z
usgs:tx2026oyhrkh,usgs,sismo,"M 1.2 - 35 km ESE of Malaga, New Mexico",2026-07-31T12:47:55Z,https://earthquake.usgs.gov/earthquakes/eventpage/tx2026oyhrkh,usgs:tx2026oyhrkh,"35 km ESE of Malaga, New Mexico",New Mexico,US,1.2,ml,,32.063,-103.745,7.843,2026-07-31T14:50:57Z,2026-08-06T17:28:20Z,2026-08-06T17:28:20Z
usgs:nc75409077,usgs,sismo,"M 1.9 - 2 km ESE of The Geysers, CA",2026-07-31T12:46:06Z,https://earthquake.usgs.gov/earthquakes/eventpage/nc75409077,usgs:nc75409077,"2 km ESE of The Geysers, CA",CA,US,1.87,md,,38.7716674804688,-122.735168457031,1.08000004291534,2026-07-31T13:32:20Z,2026-08-06T17:28:20Z,2026-08-06T17:28:20Z
usgs:ci40664138,usgs,sismo,"M 0.3 - 17 km W of Searles Valley, CA",2026-07-31T12:45:36Z,https://earthquake.usgs.gov/earthquakes/eventpage/ci40664138,usgs:ci40664138,"17 km W of Searles Valley, CA",CA,US,0.29,ml,,35.7801666666667,-117.594333333333,11.21,2026-07-31T17:02:22Z,2026-08-06T17:28:20Z,2026-08-06T17:28:20Z
usgs:aka2026pascgy,usgs,sismo,"M 1.2 - 11 km NNW of Sterling, Alaska",2026-07-31T12:43:55Z,https://earthquake.usgs.gov/earthquakes/eventpage/aka2026pascgy,usgs:aka2026pascgy,"11 km NNW of Sterling, Alaska",Alaska,US,1.2,ml,,60.623,-150.874,66.4,2026-08-05T01:04:33Z,2026-08-06T17:28:20Z,2026-08-06T17:28:20Z
usgs:ci40664130,usgs,sismo,"M 1.3 - 10 km NE of Ocotillo Wells, CA",2026-07-31T12:34:59Z,https://earthquake.usgs.gov/earthquakes/eventpage/ci40664130,usgs:ci40664130,"10 km NE of Ocotillo Wells, CA",CA,US,1.3,ml,,33.2096666666667,-116.057833333333,9.58,2026-07-31T15:40:59Z,2026-08-06T17:28:20Z,2026-08-06T17:28:20Z
usgs:aka2026paruhb,usgs,sismo,"M 2.5 - 49 km S of Denali National Park, Alaska",2026-07-31T12:34:32Z,https://earthquake.usgs.gov/earthquakes/eventpage/aka2026paruhb,usgs:aka2026paruhb,"49 km S of Denali National Park, Alaska",Alaska,US,2.5,ml,,63.108,-151.538,1.0,2026-08-05T01:01:52Z,2026-08-06T17:28:20Z,2026-08-06T17:28:20Z
usgs:nc75409072,usgs,sismo,"M 1.5 - 7 km SSW of Toms Place, CA",2026-07-31T12:34:00Z,https://earthquake.usgs.gov/earthquakes/eventpage/nc75409072,usgs:nc75409072,"7 km SSW of Toms Place, CA",CA,US,1.53,md,,37.5089988708496,-118.720497131348,5.51999998092651,2026-07-31T13:07:22Z,2026-08-06T17:28:20Z,2026-08-06T17:28:20Z
usgs:aka2026partii,usgs,sismo,"M 1.6 - 42 km ESE of Knik River, Alaska",2026-07-31T12:33:35Z,https://earthquake.usgs.gov/earthquakes/eventpage/aka2026partii,usgs:aka2026partii,"42 km ESE of Knik River, Alaska",Alaska,US,1.6,ml,,61.325,-148.166,17.6,2026-08-05T00:59:43Z,2026-08-06T17:28:20Z,2026-08-06T17:28:20Z
usgs:aka2026paqxhw,usgs,sismo,"M 2.6 - 93 km SSE of False Pass, Alaska",2026-07-31T12:08:16Z,https://earthquake.usgs.gov/earthquakes/eventpage/aka2026paqxhw,usgs:aka2026paqxhw,"93 km SSE of False Pass, Alaska",Alaska,US,2.6,ml,,54.084,-162.828,15.7,2026-08-05T00:58:11Z,2026-08-06T17:28:20Z,2026-08-06T17:28:20Z
usgs:tx2026oygfyp,usgs,sismo,"M 1.6 - 12 km SE of Pearsall, Texas",2026-07-31T12:04:22Z,https://earthquake.usgs.gov/earthquakes/eventpage/tx2026oygfyp,usgs:tx2026oygfyp,"12 km SE of Pearsall, Texas",Texas,US,1.6,ml,,28.819,-99.002,8.9027,2026-08-06T14:55:38Z,2026-08-06T17:28:20Z,2026-08-06T17:28:20Z
usgs:aka2026paqtbx,usgs,sismo,"M 2.0 - 0 km N of Nanwalek, Alaska",2026-07-31T12:03:20Z,https://earthquake.usgs.gov/earthquakes/eventpage/aka2026paqtbx,usgs:aka2026paqtbx,"0 km N of Nanwalek, Alaska",Alaska,US,2.0,ml,,59.363,-151.919,51.8,2026-08-05T00:57:39Z,2026-08-06T17:28:20Z,2026-08-06T17:28:20Z
usgs:ci40664122,usgs,sismo,"M 0.6 - 19 km NNE of Indio, CA",2026-07-31T11:56:23Z,https://earthquake.usgs.gov/earthquakes/eventpage/ci40664122,usgs:ci40664122,"19 km NNE of Indio, CA",CA,US,0.63,ml,,33.8893333333333,-116.1675,5.49,2026-07-31T16:58:59Z,2026-08-06T17:28:20Z,2026-08-06T17:28:20Z
usgs:av94347973,usgs,sismo,"M -0.4 - 38 km ENE of Adak, Alaska",2026-07-31T11:39:29Z,https://earthquake.usgs.gov/earthquakes/eventpage/av94347973,usgs:av94347973,"38 km ENE of Adak, Alaska",Alaska,US,-0.37,ml,,52.0576666666667,-176.152666666667,12.12,2026-08-01T01:30:39Z,2026-08-06T17:28:20Z,2026-08-06T17:28:20Z
usgs:hv75010962,usgs,sismo,"M 2.2 - 11 km E of Pāhala, Hawaii",2026-07-31T11:36:42Z,https://earthquake.usgs.gov/earthquakes/eventpage/hv75010962,usgs:hv75010962,"11 km E of Pāhala, Hawaii",Hawaii,US,2.16,ml,,19.1981666666667,-155.373333333333,29.69,2026-08-04T01:00:43Z,2026-08-06T17:28:20Z,2026-08-06T17:28:20Z
usgs:ok2026owjz,usgs,sismo,"M 1.4 - 12 km NNW of Leon, Oklahoma",2026-07-31T11:32:44Z,https://earthquake.usgs.gov/earthquakes/eventpage/ok2026owjz,usgs:ok2026owjz,"12 km NNW of Leon, Oklahoma",Oklahoma,US,1.44,ml,,33.98316667,-97.48866667,4.85,2026-08-05T17:22:47Z,2026-08-06T17:28:20Z,2026-08-06T17:28:20Z
usgs:aka2026paplhm,usgs,sismo,"M 1.7 - 22 km NE of Akhiok, Alaska",2026-07-31T11:24:21Z,https://earthquake.usgs.gov/earthquakes/eventpage/aka2026paplhm,usgs:aka2026paplhm,"22 km NE of Akhiok, Alaska",Alaska,US,1.7,ml,,57.077,-153.898,21.9,2026-08-05T00:57:13Z,2026-08-06T17:28:20Z,2026-08-06T17:28:20Z
usgs:nn00922633,usgs,sismo,"M 1.6 - 13 km SSW of Hawthorne, Nevada",2026-07-31T11:21:57Z,https://earthquake.usgs.gov/earthquakes/eventpage/nn00922633,usgs:nn00922633,"13 km SSW of Hawthorne, Nevada",Nevada,US,1.58,ml,,38.4115,-118.6795,7.93,2026-08-01T02:04:49Z,2026-08-06T17:28:20Z,2026-08-06T17:28:20Z
usgs:tx2026oyesch,usgs,sismo,"M 1.7 - 58 km NW of Toyah, Texas",2026-07-31T11:18:11Z,https://earthquake.usgs.gov/earthquakes/eventpage/tx2026oyesch,usgs:tx2026oyesch,"58 km NW of Toyah, Texas",Texas,US,1.7,ml,,31.649,-104.27,6.0999,2026-07-31T13:24:58Z,2026-08-06T17:28:20Z,2026-08-06T17:28:20Z
usgs:nc75409042,usgs,sismo,"M 1.0 - 8 km NW of The Geysers, CA",2026-07-31T11:17:40Z,https://earthquake.usgs.gov/earthquakes/eventpage/nc75409042,usgs:nc75409042,"8 km NW of The Geysers, CA",CA,US,0.98,md,,38.829833984375,-122.815170288086,1.60000002384186,2026-07-31T11:19:16Z,2026-08-06T17:28:20Z,2026-08-06T17:28:20Z
usgs:us6000th7q,usgs,sismo,"M 4.5 - 31 km WNW of Titahi Bay, New Zealand",2026-07-31T11:09:22Z,https://earthquake.usgs.gov/earthquakes/eventpage/us6000th7q,usgs:us6000th7q,"31 km WNW of Titahi Bay, New Zealand",New Zealand,NZ,4.5,mb,,-41.0049,174.4771,55.622,2026-07-31T12:28:19Z,2026-08-06T17:28:20Z,2026-08-06T17:28:20Z
usgs:aka2026paofid,usgs,sismo,"M 2.9 - 116 km ENE of Chiniak, Alaska",2026-07-31T10:47:32Z,https://earthquake.usgs.gov/earthquakes/eventpage/aka2026paofid,usgs:aka2026paofid,"116 km ENE of Chiniak, Alaska",Alaska,US,2.9,ml,,57.983,-150.457,10.0,2026-08-05T00:55:15Z,2026-08-06T17:28:20Z,2026-08-06T17:28:20Z
usgs:ci40664114,usgs,sismo,"M 1.6 - 7 km SW of Progreso, B.C., MX",2026-07-31T10:47:18Z,https://earthquake.usgs.gov/earthquakes/eventpage/ci40664114,usgs:ci40664114,"7 km SW of Progreso, B.C., MX",MX,MX,1.58,ml,,32.5391666666667,-115.642,10.15,2026-07-31T16:35:32Z,2026-08-06T17:28:20Z,2026-08-06T17:28:20Z
usgs:ci40664106,usgs,sismo,"M 1.5 - 5 km N of Progreso, B.C., MX",2026-07-31T10:37:55Z,https://earthquake.usgs.gov/earthquakes/eventpage/ci40664106,usgs:ci40664106,"5 km N of Progreso, B.C., MX",MX,MX,1.46,ml,,32.6246666666667,-115.575666666667,5.99,2026-07-31T16:27:19Z,2026-08-06T17:28:20Z,2026-08-06T17:28:20Z
usgs:tx2026oydgmp,usgs,sismo,"M 0.8 - 21 km W of Garden City, Texas",2026-07-31T10:37:07Z,https://earthquake.usgs.gov/earthquakes/eventpage/tx2026oydgmp,usgs:tx2026oydgmp,"21 km W of Garden City, Texas",Texas,US,0.8,ml,,31.852,-101.706,5.7373,2026-07-31T10:57:36Z,2026-08-06T17:28:20Z,2026-08-06T17:28:20Z
usgs:tx2026oyddbz,usgs,sismo,"M 1.6 - 58 km S of Whites City, New Mexico",2026-07-31T10:30:48Z,https://earthquake.usgs.gov/earthquakes/eventpage/tx2026oyddbz,usgs:tx2026oyddbz,"58 km S of Whites City, New Mexico",New Mexico,US,1.6,ml,,31.647,-104.398,6.0999,2026-07-31T11:14:17Z,2026-08-06T17:28:20Z,2026-08-06T17:28:20Z
usgs:aka2026panpvo,usgs,sismo,"M 1.6 - 24 km SW of Susitna, Alaska",2026-07-31T10:29:37Z,https://earthquake.usgs.gov/earthquakes/eventpage/aka2026panpvo,usgs:aka2026panpvo,"24 km SW of Susitna, Alaska",Alaska,US,1.6,ml,,61.385,-150.825,66.7,2026-08-05T00:51:12Z,2026-08-06T17:28:20Z,2026-08-06T17:28:20Z
usgs:tx2026oyczto,usgs,sismo,"M 1.1 - 8 km SE of Gardendale, Texas",2026-07-31T10:26:44Z,https://earthquake.usgs.gov/earthquakes/eventpage/tx2026oyczto,usgs:tx2026oyczto,"8 km SE of Gardendale, Texas",Texas,US,1.1,ml,,31.971,-102.314,7.8857,2026-07-31T11:36:33Z,2026-08-06T17:28:20Z,2026-08-06T17:28:20Z
usgs:nc75409032,usgs,sismo,"M 1.7 - 3 km SE of The Geysers, CA",2026-07-31T10:24:14Z,https://earthquake.usgs.gov/earthquakes/eventpage/nc75409032,usgs:nc75409032,"3 km SE of The Geysers, CA",CA,US,1.67,md,,38.7610015869141,-122.730667114258,1.42999994754791,2026-07-31T10:57:22Z,2026-08-06T17:28:20Z,2026-08-06T17:28:20Z
usgs:aka2026pankkd,usgs,sismo,"M 1.7 - 111 km N of Yakutat, Alaska",2026-07-31T10:23:21Z,https://earthquake.usgs.gov/earthquakes/eventpage/aka2026pankkd,usgs:aka2026pankkd,"111 km N of Yakutat, Alaska",Alaska,US,1.7,ml,,60.533,-140.054,7.0,2026-08-05T00:48:46Z,2026-08-06T17:28:20Z,2026-08-06T17:28:20Z
usgs:uu80146791,usgs,sismo,"M 0.2 - 22 km SSW of Mammoth, Wyoming",2026-07-31T10:22:07Z,https://earthquake.usgs.gov/earthquakes/eventpage/uu80146791,usgs:uu80146791,"22 km SSW of Mammoth, Wyoming",Wyoming,US,0.18,md,,44.7953333333333,-110.839833333333,4.69,2026-07-31T17:25:22Z,2026-08-06T17:28:20Z,2026-08-06T17:28:20Z
usgs:ci40664098,usgs,sismo,"M 0.8 - 2 km SE of Yucaipa, CA",2026-07-31T10:19:49Z,https://earthquake.usgs.gov/earthquakes/eventpage/ci40664098,usgs:ci40664098,"2 km SE of Yucaipa, CA",CA,US,0.82,ml,,34.0241666666667,-117.029166666667,19.24,2026-07-31T16:17:41Z,2026-08-06T17:28:20Z,2026-08-06T17:28:20Z
usgs:mb90203988,usgs,sismo,"M 0.7 - 8 km SSW of Marysville, Montana",2026-07-31T10:13:11Z,https://earthquake.usgs.gov/earthquakes/eventpage/mb90203988,usgs:mb90203988,"8 km SSW of Marysville, Montana",Montana,US,0.69,ml,,46.6775,-112.3265,4.95,2026-08-02T20:00:01Z,2026-08-06T17:28:20Z,2026-08-06T17:28:20Z
usgs:aka2026pamwpq,usgs,sismo,"M 2.1 - 76 km SE of Adak, Alaska",2026-07-31T10:07:26Z,https://earthquake.usgs.gov/earthquakes/eventpage/aka2026pamwpq,usgs:aka2026pamwpq,"76 km SE of Adak, Alaska",Alaska,US,2.1,ml,,51.328,-175.958,34.7,2026-08-05T00:47:15Z,2026-08-06T17:28:20Z,2026-08-06T17:28:20Z
usgs:tx2026oycgma,usgs,sismo,"M 0.9 - 16 km NE of Midland, Texas",2026-07-31T10:05:10Z,https://earthquake.usgs.gov/earthquakes/eventpage/tx2026oycgma,usgs:tx2026oycgma,"16 km NE of Midland, Texas",Texas,US,0.9,ml,,32.108,-101.964,8.4473,2026-07-31T11:43:55Z,2026-08-06T17:28:20Z,2026-08-06T17:28:20Z
usgs:av94347833,usgs,sismo,"M -0.7 - 60 km ENE of Pedro Bay, Alaska",2026-07-31T10:00:12Z,https://earthquake.usgs.gov/earthquakes/eventpage/av94347833,usgs:av94347833,"60 km ENE of Pedro Bay, Alaska",Alaska,US,-0.68,ml,,60.034,-153.152333333333,4.89,2026-07-31T23:37:34Z,2026-08-06T17:28:20Z,2026-08-06T17:28:20Z
usgs:aka2026pamoue,usgs,sismo,"M 3.0 - 102 km SSE of Sand Point, Alaska",2026-07-31T09:58:24Z,https://earthquake.usgs.gov/earthquakes/eventpage/aka2026pamoue,usgs:aka2026pamoue,"102 km SSE of Sand Point, Alaska",Alaska,US,3.0,ml,,54.533,-159.712,35.9,2026-08-05T00:46:11Z,2026-08-06T17:28:20Z,2026-08-06T17:28:20Z
usgs:aka2026pamgja,usgs,sismo,"M 1.3 - 68 km S of Denali National Park, Alaska",2026-07-31T09:48:41Z,https://earthquake.usgs.gov/earthquakes/eventpage/aka2026pamgja,usgs:aka2026pamgja,"68 km S of Denali National Park, Alaska",Alaska,US,1.3,ml,,62.925,-151.775,1.3,2026-08-05T17:52:42Z,2026-08-06T17:28:20Z,2026-08-06T17:28:20Z
usgs:nc75409022,usgs,sismo,"M 0.7 - 5 km WNW of The Geysers, CA",2026-07-31T09:46:22Z,https://earthquake.usgs.gov/earthquakes/eventpage/nc75409022,usgs:nc75409022,"5 km WNW of The Geysers, CA",CA,US,0.73,md,,38.7915000915527,-122.806999206543,3.71000003814697,2026-07-31T09:47:57Z,2026-08-06T17:28:20Z,2026-08-06T17:28:20Z
usgs:us6000th7i,usgs,sismo,"M 4.3 - 27 km S of Balkh, Afghanistan",2026-07-31T09:44:48Z,https://earthquake.usgs.gov/earthquakes/eventpage/us6000th7i,usgs:us6000th7i,"27 km S of Balkh, Afghanistan",Afghanistan,AF,4.3,mb,,36.5084,66.8998,10.0,2026-08-03T08:08:43Z,2026-08-06T17:28:20Z,2026-08-06T17:28:20Z
usgs:us6000th7g,usgs,sismo,"M 4.4 - 120 km SW of Puerto Madero, Mexico",2026-07-31T09:40:08Z,https://earthquake.usgs.gov/earthquakes/eventpage/us6000th7g,usgs:us6000th7g,"120 km SW of Puerto Madero, Mexico",Mexico,US,4.4,mb,,14.0049,-93.2612,10.0,2026-07-31T11:35:40Z,2026-08-06T17:28:20Z,2026-08-06T17:28:20Z
usgs:uu80146786,usgs,sismo,"M 1.8 - 1 km W of Circleville, Utah",2026-07-31T09:34:21Z,https://earthquake.usgs.gov/earthquakes/eventpage/uu80146786,usgs:uu80146786,"1 km W of Circleville, Utah",Utah,US,1.82,ml,,38.1741666666667,-112.2885,2.53,2026-07-31T17:12:17Z,2026-08-06T17:28:20Z,2026-08-06T17:28:20Z
usgs:uu80146781,usgs,sismo,"M 1.7 - 2 km SW of Circleville, Utah",2026-07-31T09:28:10Z,https://earthquake.usgs.gov/earthquakes/eventpage/uu80146781,usgs:uu80146781,"2 km SW of Circleville, Utah",Utah,US,1.67,ml,,38.1613333333333,-112.289666666667,1.58,2026-07-31T16:00:11Z,2026-08-06T17:28:20Z,2026-08-06T17:28:20Z
usgs:aka2026palmti,usgs,sismo,"M 1.0 - 63 km N of Karluk, Alaska",2026-07-31T09:26:01Z,https://earthquake.usgs.gov/earthquakes/eventpage/aka2026palmti,usgs:aka2026palmti,"63 km N of Karluk, Alaska",Alaska,US,1.0,ml,,58.137,-154.604,34.6,2026-07-31T23:41:35Z,2026-08-06T17:28:20Z,2026-08-06T17:28:20Z
usgs:ci40664090,usgs,sismo,"M 1.6 - 14 km W of Johannesburg, CA",2026-07-31T09:25:25Z,https://earthquake.usgs.gov/earthquakes/eventpage/ci40664090,usgs:ci40664090,"14 km W of Johannesburg, CA",CA,US,1.55,ml,,35.3608333333333,-117.790833333333,4.61,2026-07-31T15:41:17Z,2026-08-06T17:28:20Z,2026-08-06T17:28:20Z
usgs:hv75010932,usgs,sismo,"M 1.8 - 22 km SE of Pāhala, Hawaii",2026-07-31T09:12:00Z,https://earthquake.usgs.gov/earthquakes/eventpage/hv75010932,usgs:hv75010932,"22 km SE of Pāhala, Hawaii",Hawaii,US,1.81,md,,19.0531673431396,-155.340667724609,31.2099990844727,2026-07-31T09:15:26Z,2026-08-06T17:28:20Z,2026-08-06T17:28:20Z
usgs:us6000th6a,usgs,sismo,"M 4.6 - 37 km WNW of Dāmghān, Iran",2026-07-31T09:08:55Z,https://earthquake.usgs.gov/earthquakes/eventpage/us6000th6a,usgs:us6000th6a,"37 km WNW of Dāmghān, Iran",Iran,IR,4.6,mb,,36.2353,53.9299,10.0,2026-07-31T10:19:32Z,2026-08-06T17:28:20Z,2026-08-06T17:28:20Z
usgs:aka2026pakqzb,usgs,sismo,"M 1.3 - 5 km SW of Ninilchik, Alaska",2026-07-31T09:00:57Z,https://earthquake.usgs.gov/earthquakes/eventpage/aka2026pakqzb,usgs:aka2026pakqzb,"5 km SW of Ninilchik, Alaska",Alaska,US,1.3,ml,,60.013,-151.737,82.5,2026-08-05T00:42:11Z,2026-08-06T17:28:20Z,2026-08-06T17:28:20Z
usgs:tx2026oyadii,usgs,sismo,"M 0.4 - 36 km WSW of Ackerly, Texas",2026-07-31T09:00:20Z,https://earthquake.usgs.gov/earthquakes/eventpage/tx2026oyadii,usgs:tx2026oyadii,"36 km WSW of Ackerly, Texas",Texas,US,0.4,ml,,32.37,-102.053,8.4229,2026-07-31T11:55:03Z,2026-08-06T17:28:20Z,2026-08-06T17:28:20Z
usgs:aka2026pakpqh,usgs,sismo,"M 1.1 - 22 km WNW of Ninilchik, Alaska",2026-07-31T08:59:26Z,https://earthquake.usgs.gov/earthquakes/eventpage/aka2026pakpqh,usgs:aka2026pakpqh,"22 km WNW of Ninilchik, Alaska",Alaska,US,1.1,ml,,60.102,-152.056,73.3,2026-08-05T00:00:52Z,2026-08-06T17:28:20Z,2026-08-06T17:28:20Z
usgs:tx2026oyaaoo,usgs,sismo,"M 0.6 - 17 km NNW of Stanton, Texas",2026-07-31T08:57:09Z,https://earthquake.usgs.gov/earthquakes/eventpage/tx2026oyaaoo,usgs:tx2026oyaaoo,"17 km NNW of Stanton, Texas",Texas,US,0.6,ml,,32.27,-101.875,6.7139,2026-07-31T11:46:21Z,2026-08-06T17:28:20Z,2026-08-06T17:28:20Z
usgs:nc75409012,usgs,sismo,"M 1.1 - 8 km ESE of Cloverdale, CA",2026-07-31T08:54:56Z,https://earthquake.usgs.gov/earthquakes/eventpage/nc75409012,usgs:nc75409012,"8 km ESE of Cloverdale, CA",CA,US,1.14,md,,38.7755012512207,-122.937835693359,3.29999995231628,2026-07-31T09:37:22Z,2026-08-06T17:28:20Z,2026-08-06T17:28:20Z
usgs:us6000ti5r,usgs,sismo,"M 2.9 - 194 km SE of Akutan, Alaska",2026-07-31T08:54:23Z,https://earthquake.usgs.gov/earthquakes/eventpage/us6000ti5r,usgs:us6000ti5r,"194 km SE of Akutan, Alaska",Alaska,US,2.9,ml,,53.0535,-163.4681,10.0,2026-08-06T09:25:30Z,2026-08-06T17:28:20Z,2026-08-06T17:28:20Z
usgs:pr71526858,usgs,sismo,"M 2.4 - 6 km E of La Parguera, Puerto Rico",2026-07-31T08:47:32Z,https://earthquake.usgs.gov/earthquakes/eventpage/pr71526858,usgs:pr71526858,"6 km E of La Parguera, Puerto Rico",Puerto Rico,PR,2.36,md,,17.9793333333333,-66.9836666666667,6.82,2026-07-31T10:22:42Z,2026-08-06T17:28:20Z,2026-08-06T17:28:20Z
usgs:av93065199,usgs,sismo,"M -0.5 - 61 km WNW of Beluga, Alaska",2026-07-31T08:46:30Z,https://earthquake.usgs.gov/earthquakes/eventpage/av93065199,usgs:av93065199,"61 km WNW of Beluga, Alaska",Alaska,US,-0.47,ml,,61.3086666666667,-152.175166666667,-3.18,2026-07-31T23:26:33Z,2026-08-06T17:28:20Z,2026-08-06T17:28:20Z
usgs:aka2026pajyuz,usgs,sismo,"M 1.3 - 54 km E of Denali National Park, Alaska",2026-07-31T08:40:01Z,https://earthquake.usgs.gov/earthquakes/eventpage/aka2026pajyuz,usgs:aka2026pajyuz,"54 km E of Denali National Park, Alaska",Alaska,US,1.3,ml,,63.553,-150.63,10.3,2026-08-05T17:49:45Z,2026-08-06T17:28:20Z,2026-08-06T17:28:20Z
usgs:nm60625956,usgs,sismo,"M 1.7 - 7 km ESE of Marston, Missouri",2026-07-31T08:39:55Z,https://earthquake.usgs.gov/earthquakes/eventpage/nm60625956,usgs:nm60625956,"7 km ESE of Marston, Missouri",Missouri,US,1.68,md,,36.484,-89.5381666666667,8.84,2026-07-31T12:41:45Z,2026-08-06T17:28:20Z,2026-08-06T17:28:20Z
usgs:us6000tibl,usgs,sismo,M 4.1 - Kermadec Islands region,2026-07-31T08:37:59Z,https://earthquake.usgs.gov/earthquakes/eventpage/us6000tibl,usgs:us6000tibl,Kermadec Islands region,,,4.1,mb,,-31.1617,-179.4566,186.332,2026-08-06T09:22:59Z,2026-08-06T17:28:20Z,2026-08-06T17:28:20Z
usgs:us6000th68,usgs,sismo,"M 4.9 - 279 km SW of Banda Aceh, Indonesia",2026-07-31T08:31:28Z,https://earthquake.usgs.gov/earthquakes/eventpage/us6000th68,usgs:us6000th68,"279 km SW of Banda Aceh, Indonesia",Indonesia,ID,4.9,mww,,4.1382,93.2336,10.0,2026-08-06T09:15:08Z,2026-08-06T17:28:20Z,2026-08-06T17:28:20Z
usgs:nc75409002,usgs,sismo,"M 1.8 - 7 km ESE of Cloverdale, CA",2026-07-31T08:28:53Z,https://earthquake.usgs.gov/earthquakes/eventpage/nc75409002,usgs:nc75409002,"7 km ESE of Cloverdale, CA",CA,US,1.81,md,,38.7734985351562,-122.943832397461,6.3600001335144,2026-07-31T09:12:18Z,2026-08-06T17:28:20Z,2026-08-06T17:28:20Z
usgs:aka2026pajngw,usgs,sismo,"M 1.5 - 76 km N of Aleneva, Alaska",2026-07-31T08:26:44Z,https://earthquake.usgs.gov/earthquakes/eventpage/aka2026pajngw,usgs:aka2026pajngw,"76 km N of Aleneva, Alaska",Alaska,US,1.5,ml,,58.739,-152.695,53.4,2026-08-04T23:57:47Z,2026-08-06T17:28:20Z,2026-08-06T17:28:20Z
usgs:ci40664082,usgs,sismo,"M 1.0 - 9 km W of Holtville, CA",2026-07-31T08:26:34Z,https://earthquake.usgs.gov/earthquakes/eventpage/ci40664082,usgs:ci40664082,"9 km W of Holtville, CA",CA,US,1.02,ml,,32.826,-115.4705,10.66,2026-07-31T16:14:09Z,2026-08-06T17:28:20Z,2026-08-06T17:28:20Z
usgs:nc75408997,usgs,sismo,"M 2.5 - 76 km W of Petrolia, CA",2026-07-31T08:25:35Z,https://earthquake.usgs.gov/earthquakes/eventpage/nc75408997,usgs:nc75408997,"76 km W of Petrolia, CA",CA,US,2.53,md,,40.3321647644043,-125.179664611816,2.76999998092651,2026-08-06T09:12:55Z,2026-08-06T17:28:20Z,2026-08-06T17:28:20Z
usgs:aka2026pajlqz,usgs,sismo,"M 1.6 - 8 km SE of Tyonek, Alaska",2026-07-31T08:24:51Z,https://earthquake.usgs.gov/earthquakes/eventpage/aka2026pajlqz,usgs:aka2026pajlqz,"8 km SE of Tyonek, Alaska",Alaska,US,1.6,ml,,61.025,-151.018,2.7,2026-08-04T23:56:13Z,2026-08-06T17:28:20Z,2026-08-06T17:28:20Z
usgs:us6000tibj,usgs,sismo,"M 4.3 - 157 km SSW of Hengchun, Taiwan",2026-07-31T08:11:07Z,https://earthquake.usgs.gov/earthquakes/eventpage/us6000tibj,usgs:us6000tibj,"157 km SSW of Hengchun, Taiwan",Taiwan,TW,4.3,mb,,20.8038,119.9255,10.0,2026-08-06T09:05:38Z,2026-08-06T17:28:20Z,2026-08-06T17:28:20Z
usgs:pr71526848,usgs,sismo,"M 2.2 - 3 km S of Guánica, Puerto Rico",2026-07-31T08:09:01Z,https://earthquake.usgs.gov/earthquakes/eventpage/pr71526848,usgs:pr71526848,"3 km S of Guánica, Puerto Rico",Puerto Rico,PR,2.17,md,,17.938,-66.9141666666667,14.83,2026-07-31T10:14:48Z,2026-08-06T17:28:20Z,2026-08-06T17:28:20Z
usgs:us6000th6b,usgs,sismo,"M 3.5 - 97 km SSE of Atka, Alaska",2026-07-31T08:02:07Z,https://earthquake.usgs.gov/earthquakes/eventpage/us6000th6b,usgs:us6000th6b,"97 km SSE of Atka, Alaska",Alaska,US,3.5,mb,,51.4521,-173.4452,11.178,2026-08-06T08:57:38Z,2026-08-06T17:28:20Z,2026-08-06T17:28:20Z
usgs:av93065189,usgs,sismo,"M -0.2 - 19 km W of Sitka, Alaska",2026-07-31T07:56:54Z,https://earthquake.usgs.gov/earthquakes/eventpage/av93065189,usgs:av93065189,"19 km W of Sitka, Alaska",Alaska,US,-0.19,ml,,57.0361666666667,-135.6465,6.83,2026-07-31T23:13:02Z,2026-08-06T17:28:20Z,2026-08-06T17:28:20Z
usgs:ci40664074,usgs,sismo,"M 1.2 - 9 km SSW of Hemet, CA",2026-07-31T07:38:28Z,https://earthquake.usgs.gov/earthquakes/eventpage/ci40664074,usgs:ci40664074,"9 km SSW of Hemet, CA",CA,US,1.18,ml,,33.6693333333333,-116.993333333333,11.34,2026-07-31T15:42:08Z,2026-08-06T17:28:20Z,2026-08-06T17:28:20Z
usgs:uw714066821,usgs,sismo,"M 2.2 - 10 km NNE of Startup, Washington",2026-07-31T07:37:54Z,https://earthquake.usgs.gov/earthquakes/eventpage/uw714066821,usgs:uw714066821,"10 km NNE of Startup, Washington",Washington,US,2.19,ml,,47.958,-121.701333333333,-0.27,2026-07-31T17:34:13Z,2026-08-06T17:28:20Z,2026-08-06T17:28:20Z
usgs:aka2026pahugj,usgs,sismo,"M 1.1 - 82 km NNW of Karluk, Alaska",2026-07-31T07:34:48Z,https://earthquake.usgs.gov/earthquakes/eventpage/aka2026pahugj,usgs:aka2026pahugj,"82 km NNW of Karluk, Alaska",Alaska,US,1.1,ml,,58.271,-154.89,3.3,2026-07-31T23:09:03Z,2026-08-06T17:28:20Z,2026-08-06T17:28:20Z
usgs:us6000th63,usgs,sismo,M 4.4 - Fiji region,2026-07-31T07:32:54Z,https://earthquake.usgs.gov/earthquakes/eventpage/us6000th63,usgs:us6000th63,Fiji region,,,4.4,mb,,-19.3295,-177.4889,576.772,2026-08-06T08:49:20Z,2026-08-06T17:28:20Z,2026-08-06T17:28:20Z
usgs:aka2026pahrfu,usgs,sismo,"M 2.2 - 62 km NNE of Petersville, Alaska",2026-07-31T07:31:18Z,https://earthquake.usgs.gov/earthquakes/eventpage/aka2026pahrfu,usgs:aka2026pahrfu,"62 km NNE of Petersville, Alaska",Alaska,US,2.2,ml,,63.032,-150.38,106.1,2026-08-04T23:51:57Z,2026-08-06T17:28:20Z,2026-08-06T17:28:20Z
usgs:av94347583,usgs,sismo,"M 1.0 - 150 km W of Adak, Alaska",2026-07-31T07:28:35Z,https://earthquake.usgs.gov/earthquakes/eventpage/av94347583,usgs:av94347583,"150 km W of Adak, Alaska",Alaska,US,1.02,ml,,51.696,-178.7985,13.6,2026-07-31T20:35:52Z,2026-08-06T17:28:20Z,2026-08-06T17:28:20Z
usgs:nc75408982,usgs,sismo,"M 0.7 - 7 km NW of The Geysers, CA",2026-07-31T07:22:07Z,https://earthquake.usgs.gov/earthquakes/eventpage/nc75408982,usgs:nc75408982,"7 km NW of The Geysers, CA",CA,US,0.74,md,,38.8211669921875,-122.80933380127,2.88000011444092,2026-07-31T07:23:42Z,2026-08-06T17:28:20Z,2026-08-06T17:28:20Z
usgs:av94347568,usgs,sismo,"M -0.3 - 37 km ENE of Adak, Alaska",2026-07-31T07:20:13Z,https://earthquake.usgs.gov/earthquakes/eventpage/av94347568,usgs:av94347568,"37 km ENE of Adak, Alaska",Alaska,US,-0.34,ml,,52.0556666666667,-176.176833333333,6.88,2026-07-31T23:04:31Z,2026-08-06T17:28:20Z,2026-08-06T17:28:20Z
usgs:aka2026pahdbf,usgs,sismo,"M 2.0 - 77 km SSE of Adak, Alaska",2026-07-31T07:15:04Z,https://earthquake.usgs.gov/earthquakes/eventpage/aka2026pahdbf,usgs:aka2026pahdbf,"77 km SSE of Adak, Alaska",Alaska,US,2.0,ml,,51.284,-176.049,25.4,2026-08-04T23:50:39Z,2026-08-06T17:28:20Z,2026-08-06T17:28:20Z
usgs:aka2026pagvih,usgs,sismo,"M 1.6 - 9 km S of Clam Gulch, Alaska",2026-07-31T07:06:02Z,https://earthquake.usgs.gov/earthquakes/eventpage/aka2026pagvih,usgs:aka2026pagvih,"9 km S of Clam Gulch, Alaska",Alaska,US,1.6,ml,,60.15,-151.387,54.9,2026-08-04T23:49:40Z,2026-08-06T17:28:20Z,2026-08-06T17:28:20Z
usgs:aka2026pagsrw,usgs,sismo,"M 1.6 - 45 km ENE of Chenega, Alaska",2026-07-31T07:03:00Z,https://earthquake.usgs.gov/earthquakes/eventpage/aka2026pagsrw,usgs:aka2026pagsrw,"45 km ENE of Chenega, Alaska",Alaska,US,1.6,ml,,60.268,-147.293,19.9,2026-08-04T23:48:25Z,2026-08-06T17:28:20Z,2026-08-06T17:28:20Z
usgs:ci40664066,usgs,sismo,"M 1.2 - 7 km SE of Loma Linda, CA",2026-07-31T06:58:59Z,https://earthquake.usgs.gov/earthquakes/eventpage/ci40664066,usgs:ci40664066,"7 km SE of Loma Linda, CA",CA,US,1.22,ml,,34.0016666666667,-117.2185,3.9,2026-07-31T15:41:22Z,2026-08-06T17:28:20Z,2026-08-06T17:28:20Z
usgs:nc75408977,usgs,sismo,"M 2.7 - 18 km NNE of Upper Lake, CA",2026-07-31T06:51:57Z,https://earthquake.usgs.gov/earthquakes/eventpage/nc75408977,usgs:nc75408977,"18 km NNE of Upper Lake, CA",CA,US,2.65,md,,39.3028335571289,-122.793167114258,4.3600001335144,2026-07-31T07:50:15Z,2026-08-06T17:28:20Z,2026-08-06T17:28:20Z
usgs:aka2026pagght,usgs,sismo,"M 1.7 - 22 km WNW of Salamatof, Alaska",2026-07-31T06:48:43Z,https://earthquake.usgs.gov/earthquakes/eventpage/aka2026pagght,usgs:aka2026pagght,"22 km WNW of Salamatof, Alaska",Alaska,US,1.7,ml,,60.672,-151.719,79.4,2026-08-04T23:47:16Z,2026-08-06T17:28:20Z,2026-08-06T17:28:20Z
usgs:aka2026pagbjf,usgs,sismo,"M 1.0 - 75 km NW of Karluk, Alaska",2026-07-31T06:43:01Z,https://earthquake.usgs.gov/earthquakes/eventpage/aka2026pagbjf,usgs:aka2026pagbjf,"75 km NW of Karluk, Alaska",Alaska,US,1.0,ml,,57.986,-155.459,97.7,2026-08-04T23:44:38Z,2026-08-06T17:28:20Z,2026-08-06T17:28:20Z
usgs:aka2026pagbbx,usgs,sismo,"M 1.5 - 54 km E of Denali National Park, Alaska",2026-07-31T06:42:41Z,https://earthquake.usgs.gov/earthquakes/eventpage/aka2026pagbbx,usgs:aka2026pagbbx,"54 km E of Denali National Park, Alaska",Alaska,US,1.5,ml,,63.554,-150.637,10.8,2026-08-05T17:46:51Z,2026-08-06T17:28:20Z,2026-08-06T17:28:20Z
usgs:aka2026pafvac,usgs,sismo,"M 1.4 - 67 km WSW of Nanwalek, Alaska",2026-07-31T06:35:41Z,https://earthquake.usgs.gov/earthquakes/eventpage/aka2026pafvac,usgs:aka2026pafvac,"67 km WSW of Nanwalek, Alaska",Alaska,US,1.4,ml,,59.086,-152.988,76.5,2026-08-04T23:43:12Z,2026-08-06T17:28:20Z,2026-08-06T17:28:20Z
usgs:uu80146776,usgs,sismo,"M 0.3 - 29 km ESE of West Yellowstone, Montana",2026-07-31T06:34:22Z,https://earthquake.usgs.gov/earthquakes/eventpage/uu80146776,usgs:uu80146776,"29 km ESE of West Yellowstone, Montana",Montana,US,0.34,md,,44.5733333333333,-110.751833333333,5.7,2026-07-31T15:55:07Z,2026-08-06T17:28:20Z,2026-08-06T17:28:20Z
usgs:hv75010897,usgs,sismo,"M 1.8 - 1 km NNW of Pāhala, Hawaii",2026-07-31T06:34:18Z,https://earthquake.usgs.gov/earthquakes/eventpage/hv75010897,usgs:hv75010897,"1 km NNW of Pāhala, Hawaii",Hawaii,US,1.79,ml,,19.2191666666667,-155.486166666667,31.63,2026-07-31T22:45:02Z,2026-08-06T17:28:20Z,2026-08-06T17:28:20Z
usgs:us6000th5s,usgs,sismo,M 5.0 - Kermadec Islands region,2026-07-31T06:30:26Z,https://earthquake.usgs.gov/earthquakes/eventpage/us6000th5s,usgs:us6000th5s,Kermadec Islands region,,,5.0,mb,,-29.4109,-176.5524,37.846,2026-07-31T06:48:01Z,2026-08-06T17:28:20Z,2026-08-06T17:28:20Z
usgs:tx2026oxvajc,usgs,sismo,"M 1.2 - 6 km ESE of Big Spring, Texas",2026-07-31T06:26:05Z,https://earthquake.usgs.gov/earthquakes/eventpage/tx2026oxvajc,usgs:tx2026oxvajc,"6 km ESE of Big Spring, Texas",Texas,US,1.2,ml,,32.224,-101.414,8.2275,2026-07-31T13:53:55Z,2026-08-06T17:28:20Z,2026-08-06T17:28:20Z
usgs:ci40664058,usgs,sismo,"M 0.5 - 11 km SW of Anza, CA",2026-07-31T06:25:25Z,https://earthquake.usgs.gov/earthquakes/eventpage/ci40664058,usgs:ci40664058,"11 km SW of Anza, CA",CA,US,0.46,ml,,33.4771666666667,-116.7405,15.26,2026-07-31T15:41:35Z,2026-08-06T17:28:20Z,2026-08-06T17:28:20Z
usgs:hv75010892,usgs,sismo,"M 1.8 - 9 km SSW of Pāhala, Hawaii",2026-07-31T06:24:48Z,https://earthquake.usgs.gov/earthquakes/eventpage/hv75010892,usgs:hv75010892,"9 km SSW of Pāhala, Hawaii",Hawaii,US,1.78,md,,19.1206665039062,-155.502502441406,32.2900009155273,2026-07-31T06:28:42Z,2026-08-06T17:28:20Z,2026-08-06T17:28:20Z
usgs:uu80146771,usgs,sismo,"M 1.0 - 29 km ESE of West Yellowstone, Montana",2026-07-31T06:21:45Z,https://earthquake.usgs.gov/earthquakes/eventpage/uu80146771,usgs:uu80146771,"29 km ESE of West Yellowstone, Montana",Montana,US,1.04,ml,,44.5795,-110.754166666667,7.49,2026-07-31T15:52:20Z,2026-08-06T17:28:20Z,2026-08-06T17:28:20Z
usgs:aka2026pafhpc,usgs,sismo,"M 2.4 - 65 km SW of Nikolski, Alaska",2026-07-31T06:20:19Z,https://earthquake.usgs.gov/earthquakes/eventpage/aka2026pafhpc,usgs:aka2026pafhpc,"65 km SW of Nikolski, Alaska",Alaska,US,2.4,ml,,52.523,-169.543,17.8,2026-08-04T23:42:48Z,2026-08-06T17:28:20Z,2026-08-06T17:28:20Z
usgs:uu80146766,usgs,sismo,"M 1.5 - 29 km ESE of West Yellowstone, Montana",2026-07-31T06:18:58Z,https://earthquake.usgs.gov/earthquakes/eventpage/uu80146766,usgs:uu80146766,"29 km ESE of West Yellowstone, Montana",Montana,US,1.45,ml,,44.5798333333333,-110.751333333333,7.17,2026-07-31T15:40:51Z,2026-08-06T17:28:20Z,2026-08-06T17:28:20Z
usgs:tx2026oxukzu,usgs,sismo,"M 1.5 - 57 km S of Whites City, New Mexico",2026-07-31T06:11:40Z,https://earthquake.usgs.gov/earthquakes/eventpage/tx2026oxukzu,usgs:tx2026oxukzu,"57 km S of Whites City, New Mexico",New Mexico,US,1.5,ml,,31.656,-104.42,5.7922,2026-07-31T19:41:00Z,2026-08-06T17:28:20Z,2026-08-06T17:28:20Z
usgs:aka2026paeuak,usgs,sismo,"M 1.4 - 2 km SSW of Soldotna, Alaska",2026-07-31T06:04:33Z,https://earthquake.usgs.gov/earthquakes/eventpage/aka2026paeuak,usgs:aka2026paeuak,"2 km SSW of Soldotna, Alaska",Alaska,US,1.4,ml,,60.466,-151.073,70.1,2026-08-04T23:41:47Z,2026-08-06T17:28:20Z,2026-08-06T17:28:20Z
usgs:aka2026paetxx,usgs,sismo,"M 1.8 - 35 km E of Nelson Lagoon, Alaska",2026-07-31T06:04:20Z,https://earthquake.usgs.gov/earthquakes/eventpage/aka2026paetxx,usgs:aka2026paetxx,"35 km E of Nelson Lagoon, Alaska",Alaska,US,1.8,ml,,55.982,-160.638,141.6,2026-08-04T23:39:57Z,2026-08-06T17:28:20Z,2026-08-06T17:28:20Z
usgs:tx2026oxtxvl,usgs,sismo,"M 1.8 - 23 km SSW of Westbrook, Texas",2026-07-31T05:52:55Z,https://earthquake.usgs.gov/earthquakes/eventpage/tx2026oxtxvl,usgs:tx2026oxtxvl,"23 km SSW of Westbrook, Texas",Texas,US,1.8,ml,,32.147,-101.073,3.9795,2026-07-31T07:52:55Z,2026-08-06T17:28:20Z,2026-08-06T17:28:20Z
usgs:aka2026paekav,usgs,sismo,"M 2.3 - 100 km SSE of Sand Point, Alaska",2026-07-31T05:52:41Z,https://earthquake.usgs.gov/earthquakes/eventpage/aka2026paekav,usgs:aka2026paekav,"100 km SSE of Sand Point, Alaska",Alaska,US,2.3,ml,,54.464,-160.087,6.3,2026-08-04T20:31:45Z,2026-08-06T17:28:20Z,2026-08-06T17:28:20Z
usgs:aka2026paefio,usgs,sismo,"M 2.1 - 77 km ESE of Selawik, Alaska",2026-07-31T05:47:37Z,https://earthquake.usgs.gov/earthquakes/eventpage/aka2026paefio,usgs:aka2026paefio,"77 km ESE of Selawik, Alaska",Alaska,US,2.1,ml,,66.268,-158.488,10.0,2026-08-05T17:36:25Z,2026-08-06T17:28:20Z,2026-08-06T17:28:20Z
usgs:aka2026paeeni,usgs,sismo,"M 1.4 - 79 km SW of Nanwalek, Alaska",2026-07-31T05:46:40Z,https://earthquake.usgs.gov/earthquakes/eventpage/aka2026paeeni,usgs:aka2026paeeni,"79 km SW of Nanwalek, Alaska",Alaska,US,1.4,ml,,58.922,-153.023,73.4,2026-08-04T20:29:43Z,2026-08-06T17:28:20Z,2026-08-06T17:28:20Z
usgs:ci40664042,usgs,sismo,"M 0.6 - 1 km SSW of Borrego Springs, CA",2026-07-31T05:46:25Z,https://earthquake.usgs.gov/earthquakes/eventpage/ci40664042,usgs:ci40664042,"1 km SSW of Borrego Springs, CA",CA,US,0.64,ml,,33.2431666666667,-116.378166666667,5.01,2026-07-31T15:41:39Z,2026-08-06T17:28:20Z,2026-08-06T17:28:20Z
usgs:us6000th5m,usgs,sismo,"M 4.1 - 111 km N of Campbell River, Canada",2026-07-31T05:45:57Z,https://earthquake.usgs.gov/earthquakes/eventpage/us6000th5m,usgs:us6000th5m,"111 km N of Campbell River, Canada",Canada,CA,4.1,mb,verde,50.9988,-125.5443,10.0,2026-08-01T05:53:41Z,2026-08-06T17:28:20Z,2026-08-06T17:28:20Z
usgs:aka2026padwff,usgs,sismo,"M 1.3 - 50 km WSW of Nanwalek, Alaska",2026-07-31T05:37:07Z,https://earthquake.usgs.gov/earthquakes/eventpage/aka2026padwff,usgs:aka2026padwff,"50 km WSW of Nanwalek, Alaska",Alaska,US,1.3,ml,,59.267,-152.797,74.4,2026-08-04T20:27:41Z,2026-08-06T17:28:20Z,2026-08-06T17:28:20Z
usgs:uu80146761,usgs,sismo,"M 0.8 - 29 km ESE of West Yellowstone, Montana",2026-07-31T05:36:34Z,https://earthquake.usgs.gov/earthquakes/eventpage/uu80146761,usgs:uu80146761,"29 km ESE of West Yellowstone, Montana",Montana,US,0.8,ml,,44.5805,-110.7525,6.95,2026-07-31T15:33:57Z,2026-08-06T17:28:20Z,2026-08-06T17:28:20Z
usgs:ci40664034,usgs,sismo,"M 0.7 - 17 km SSW of Searles Valley, CA",2026-07-31T05:33:40Z,https://earthquake.usgs.gov/earthquakes/eventpage/ci40664034,usgs:ci40664034,"17 km SSW of Searles Valley, CA",CA,US,0.73,ml,,35.6198333333333,-117.452166666667,5.19,2026-07-31T15:41:52Z,2026-08-06T17:28:20Z,2026-08-06T17:28:20Z
usgs:aka2026padqzf,usgs,sismo,"M 2.0 - 80 km SSW of Kokhanok, Alaska",2026-07-31T05:31:06Z,https://earthquake.usgs.gov/earthquakes/eventpage/aka2026padqzf,usgs:aka2026padqzf,"80 km SSW of Kokhanok, Alaska",Alaska,US,2.0,ml,,58.731,-155.056,136.6,2026-08-04T20:27:06Z,2026-08-06T17:28:20Z,2026-08-06T17:28:20Z
usgs:ci40664026,usgs,sismo,"M 1.5 - 4 km NNE of Progreso, B.C., MX",2026-07-31T05:31:04Z,https://earthquake.usgs.gov/earthquakes/eventpage/ci40664026,usgs:ci40664026,"4 km NNE of Progreso, B.C., MX",MX,MX,1.53,ml,,32.6151666666667,-115.574333333333,3.87,2026-07-31T16:04:36Z,2026-08-06T17:28:20Z,2026-08-06T17:28:20Z
usgs:aka2026paddgk,usgs,sismo,"M 2.6 - 47 km SE of Atka, Alaska",2026-07-31T05:15:15Z,https://earthquake.usgs.gov/earthquakes/eventpage/aka2026paddgk,usgs:aka2026paddgk,"47 km SE of Atka, Alaska",Alaska,US,2.6,ml,,51.861,-173.783,64.8,2026-08-04T20:26:11Z,2026-08-06T17:28:20Z,2026-08-06T17:28:20Z
usgs:uw714066791,usgs,sismo,"M 0.3 - 34 km NNE of Amboy, Washington",2026-07-31T05:12:56Z,https://earthquake.usgs.gov/earthquakes/eventpage/uw714066791,usgs:uw714066791,"34 km NNE of Amboy, Washington",Washington,US,0.34,md,,46.2081666666667,-122.3055,12.31,2026-07-31T05:48:21Z,2026-08-06T17:28:20Z,2026-08-06T17:28:20Z
usgs:aka2026pacxcn,usgs,sismo,"M 1.5 - 18 km WSW of Karluk, Alaska",2026-07-31T05:08:14Z,https://earthquake.usgs.gov/earthquakes/eventpage/aka2026pacxcn,usgs:aka2026pacxcn,"18 km WSW of Karluk, Alaska",Alaska,US,1.5,ml,,57.507,-154.743,16.3,2026-08-04T20:25:26Z,2026-08-06T17:28:20Z,2026-08-06T17:28:20Z
usgs:aka2026pacwnk,usgs,sismo,"M 1.6 - 2 km E of Susitna, Alaska",2026-07-31T05:07:28Z,https://earthquake.usgs.gov/earthquakes/eventpage/aka2026pacwnk,usgs:aka2026pacwnk,"2 km E of Susitna, Alaska",Alaska,US,1.6,ml,,61.542,-150.469,66.8,2026-08-04T20:24:30Z,2026-08-06T17:28:20Z,2026-08-06T17:28:20Z
usgs:aka2026pacneh,usgs,sismo,"M 1.9 - 39 km NE of Fox River, Alaska",2026-07-31T04:56:41Z,https://earthquake.usgs.gov/earthquakes/eventpage/aka2026pacneh,usgs:aka2026pacneh,"39 km NE of Fox River, Alaska",Alaska,US,1.9,ml,,60.106,-150.44,35.4,2026-08-04T20:22:41Z,2026-08-06T17:28:20Z,2026-08-06T17:28:20Z
usgs:tx2026oxrurm,usgs,sismo,"M 1.8 - 56 km S of Whites City, New Mexico",2026-07-31T04:50:31Z,https://earthquake.usgs.gov/earthquakes/eventpage/tx2026oxrurm,usgs:tx2026oxrurm,"56 km S of Whites City, New Mexico",New Mexico,US,1.8,ml,,31.667,-104.426,4.4849,2026-07-31T07:31:17Z,2026-08-06T17:28:20Z,2026-08-06T17:28:20Z
usgs:av94347333,usgs,sismo,"M 1.2 - 144 km W of Adak, Alaska",2026-07-31T04:49:38Z,https://earthquake.usgs.gov/earthquakes/eventpage/av94347333,usgs:av94347333,"144 km W of Adak, Alaska",Alaska,US,1.23,ml,,51.6978333333333,-178.708666666667,12.44,2026-07-31T20:33:22Z,2026-08-06T17:28:20Z,2026-08-06T17:28:20Z
usgs:us6000th5i,usgs,sismo,"M 4.1 - 17 km ESE of Kirkuk, Iraq",2026-07-31T04:49:37Z,https://earthquake.usgs.gov/earthquakes/eventpage/us6000th5i,usgs:us6000th5i,"17 km ESE of Kirkuk, Iraq",Iraq,IQ,4.1,mb,,35.4057,44.5639,10.0,2026-08-01T01:12:54Z,2026-08-06T17:28:20Z,2026-08-06T17:28:20Z
usgs:aka2026pacerp,usgs,sismo,"M 1.3 - 12 km SW of Trapper Creek, Alaska",2026-07-31T04:46:54Z,https://earthquake.usgs.gov/earthquakes/eventpage/aka2026pacerp,usgs:aka2026pacerp,"12 km SW of Trapper Creek, Alaska",Alaska,US,1.3,ml,,62.241,-150.406,64.9,2026-08-04T20:22:24Z,2026-08-06T17:28:20Z,2026-08-06T17:28:20Z
usgs:uw714066781,usgs,sismo,"M -0.1 - 35 km NNE of Amboy, Washington",2026-07-31T04:37:11Z,https://earthquake.usgs.gov/earthquakes/eventpage/uw714066781,usgs:uw714066781,"35 km NNE of Amboy, Washington",Washington,US,-0.07,md,,46.2095,-122.302333333333,14.87,2026-07-31T05:51:42Z,2026-08-06T17:28:20Z,2026-08-06T17:28:20Z
usgs:ok2026ovwg,usgs,sismo,"M 1.1 - 2 km NE of Meridian, Oklahoma",2026-07-31T04:36:09Z,https://earthquake.usgs.gov/earthquakes/eventpage/ok2026ovwg,usgs:ok2026ovwg,"2 km NE of Meridian, Oklahoma",Oklahoma,US,1.08,ml,,35.858,-97.23,6.86,2026-08-05T17:22:43Z,2026-08-06T17:28:20Z,2026-08-06T17:28:20Z
usgs:ci40664018,usgs,sismo,"M 0.7 - 15 km NE of Little Lake, CA",2026-07-31T04:26:41Z,https://earthquake.usgs.gov/earthquakes/eventpage/ci40664018,usgs:ci40664018,"15 km NE of Little Lake, CA",CA,US,0.7,ml,,36.0256666666667,-117.775666666667,1.69,2026-07-31T15:42:09Z,2026-08-06T17:28:20Z,2026-08-06T17:28:20Z
usgs:nc75408952,usgs,sismo,"M 1.1 - 2 km WNW of Anderson Springs, CA",2026-07-31T04:18:21Z,https://earthquake.usgs.gov/earthquakes/eventpage/nc75408952,usgs:nc75408952,"2 km WNW of Anderson Springs, CA",CA,US,1.08,md,,38.783332824707,-122.717834472656,1.99000000953674,2026-07-31T04:19:55Z,2026-08-06T17:28:20Z,2026-08-06T17:28:20Z
usgs:us6000thlu,usgs,sismo,M 4.6 - Kermadec Islands region,2026-07-31T04:16:59Z,https://earthquake.usgs.gov/earthquakes/eventpage/us6000thlu,usgs:us6000thlu,Kermadec Islands region,,,4.6,mb,,-28.7252,-178.4196,7.126,2026-08-02T11:52:14Z,2026-08-06T17:28:20Z,2026-08-06T17:28:20Z
usgs:tx2026oxqhlu,usgs,sismo,"M 1.5 - 19 km NW of Toyah, Texas",2026-07-31T04:03:27Z,https://earthquake.usgs.gov/earthquakes/eventpage/tx2026oxqhlu,usgs:tx2026oxqhlu,"19 km NW of Toyah, Texas",Texas,US,1.5,ml,,31.431,-103.943,6.0999,2026-07-31T08:16:19Z,2026-08-06T17:28:20Z,2026-08-06T17:28:20Z
usgs:us6000th5f,usgs,sismo,M 5.0 - Kermadec Islands region,2026-07-31T04:02:53Z,https://earthquake.usgs.gov/earthquakes/eventpage/us6000th5f,usgs:us6000th5f,Kermadec Islands region,,,5.0,mb,,-28.3933,-176.7278,35.0,2026-07-31T04:22:26Z,2026-08-06T17:28:20Z,2026-08-06T17:28:20Z
usgs:nc75408947,usgs,sismo,"M 0.7 - 10 km WNW of The Geysers, CA",2026-07-31T04:02:29Z,https://earthquake.usgs.gov/earthquakes/eventpage/nc75408947,usgs:nc75408947,"10 km WNW of The Geysers, CA",CA,US,0.74,md,,38.8276672363281,-122.854164123535,1.98000001907349,2026-07-31T04:04:06Z,2026-08-06T17:28:20Z,2026-08-06T17:28:20Z
usgs:mb90203973,usgs,sismo,"M 0.7 - 18 km N of Twin Bridges, Montana",2026-07-31T03:49:05Z,https://earthquake.usgs.gov/earthquakes/eventpage/mb90203973,usgs:mb90203973,"18 km N of Twin Bridges, Montana",Montana,US,0.65,ml,,45.7101666666667,-112.2955,0.51,2026-08-02T19:57:30Z,2026-08-06T17:28:20Z,2026-08-06T17:28:20Z
usgs:uu80007788,usgs,sismo,"M 0.3 - 29 km ESE of West Yellowstone, Montana",2026-07-31T03:37:51Z,https://earthquake.usgs.gov/earthquakes/eventpage/uu80007788,usgs:uu80007788,"29 km ESE of West Yellowstone, Montana",Montana,US,0.29,md,,44.5845,-110.747166666667,4.49,2026-07-31T14:43:35Z,2026-08-06T17:28:20Z,2026-08-06T17:28:20Z
usgs:uu80146756,usgs,sismo,"M 0.3 - 29 km ESE of West Yellowstone, Montana",2026-07-31T03:37:25Z,https://earthquake.usgs.gov/earthquakes/eventpage/uu80146756,usgs:uu80146756,"29 km ESE of West Yellowstone, Montana",Montana,US,0.31,md,,44.582,-110.751666666667,4.8,2026-07-31T14:42:03Z,2026-08-06T17:28:20Z,2026-08-06T17:28:20Z
usgs:aka2026ozzuos,usgs,sismo,"M 3.1 - 264 km S of False Pass, Alaska",2026-07-31T03:34:55Z,https://earthquake.usgs.gov/earthquakes/eventpage/aka2026ozzuos,usgs:aka2026ozzuos,"264 km S of False Pass, Alaska",Alaska,US,3.1,ml,,52.523,-162.644,1.2,2026-08-04T20:20:33Z,2026-08-06T17:28:20Z,2026-08-06T17:28:20Z
usgs:ci40664010,usgs,sismo,"M 1.5 - 24 km ESE of Julian, CA",2026-07-31T03:34:18Z,https://earthquake.usgs.gov/earthquakes/eventpage/ci40664010,usgs:ci40664010,"24 km ESE of Julian, CA",CA,US,1.49,ml,,33.0076666666667,-116.361333333333,8.64,2026-07-31T15:43:14Z,2026-08-06T17:28:20Z,2026-08-06T17:28:20Z
usgs:ci40664002,usgs,sismo,"M 1.3 - 16 km NNE of Ridgecrest, CA",2026-07-31T03:27:09Z,https://earthquake.usgs.gov/earthquakes/eventpage/ci40664002,usgs:ci40664002,"16 km NNE of Ridgecrest, CA",CA,US,1.26,ml,,35.7463333333333,-117.584166666667,2.9,2026-07-31T15:42:29Z,2026-08-06T17:28:20Z,2026-08-06T17:28:20Z
usgs:tx2026oxpbxl,usgs,sismo,"M 1.6 - 51 km NW of Toyah, Texas",2026-07-31T03:26:49Z,https://earthquake.usgs.gov/earthquakes/eventpage/tx2026oxpbxl,usgs:tx2026oxpbxl,"51 km NW of Toyah, Texas",Texas,US,1.6,ml,,31.644,-104.172,6.087,2026-07-31T08:07:16Z,2026-08-06T17:28:20Z,2026-08-06T17:28:20Z
usgs:aka2026ozzmxg,usgs,sismo,"M 1.1 - 92 km N of Karluk, Alaska",2026-07-31T03:26:24Z,https://earthquake.usgs.gov/earthquakes/eventpage/aka2026ozzmxg,usgs:aka2026ozzmxg,"92 km N of Karluk, Alaska",Alaska,US,1.1,ml,,58.402,-154.449,1.1,2026-07-31T22:19:59Z,2026-08-06T17:28:20Z,2026-08-06T17:28:20Z
usgs:tx2026oxozzu,usgs,sismo,"M 0.3 - 21 km SW of Ackerly, Texas",2026-07-31T03:24:35Z,https://earthquake.usgs.gov/earthquakes/eventpage/tx2026oxozzu,usgs:tx2026oxozzu,"21 km SW of Ackerly, Texas",Texas,US,0.3,ml,,32.414,-101.903,8.9111,2026-07-31T11:29:43Z,2026-08-06T17:28:20Z,2026-08-06T17:28:20Z
usgs:aka2026ozzitt,usgs,sismo,"M 2.6 - 260 km W of Adak, Alaska",2026-07-31T03:21:44Z,https://earthquake.usgs.gov/earthquakes/eventpage/aka2026ozzitt,usgs:aka2026ozzitt,"260 km W of Adak, Alaska",Alaska,US,2.6,ml,,52.025,179.588,176.2,2026-08-04T20:18:57Z,2026-08-06T17:28:20Z,2026-08-06T17:28:20Z
usgs:uu80146751,usgs,sismo,"M 1.5 - 29 km ESE of West Yellowstone, Montana",2026-07-31T03:21:12Z,https://earthquake.usgs.gov/earthquakes/eventpage/uu80146751,usgs:uu80146751,"29 km ESE of West Yellowstone, Montana",Montana,US,1.51,ml,,44.5805,-110.755166666667,5.37,2026-07-31T14:25:09Z,2026-08-06T17:28:20Z,2026-08-06T17:28:20Z
usgs:nc75408937,usgs,sismo,"M 1.3 - 6 km NNW of Redwood Valley, CA",2026-07-31T03:17:24Z,https://earthquake.usgs.gov/earthquakes/eventpage/nc75408937,usgs:nc75408937,"6 km NNW of Redwood Valley, CA",CA,US,1.27,md,,39.3118324279785,-123.226997375488,12.8000001907349,2026-07-31T04:52:21Z,2026-08-06T17:28:20Z,2026-08-06T17:28:20Z
usgs:hv75010807,usgs,sismo,"M 1.7 - 15 km ENE of Pāhala, Hawaii",2026-07-31T03:14:44Z,https://earthquake.usgs.gov/earthquakes/eventpage/hv75010807,usgs:hv75010807,"15 km ENE of Pāhala, Hawaii",Hawaii,US,1.67,ml,,19.282,-155.352833333333,29.68,2026-07-31T20:38:24Z,2026-08-06T17:28:20Z,2026-08-06T17:28:20Z
usgs:uu80146746,usgs,sismo,"M 0.6 - 29 km ESE of West Yellowstone, Montana",2026-07-31T03:14:12Z,https://earthquake.usgs.gov/earthquakes/eventpage/uu80146746,usgs:uu80146746,"29 km ESE of West Yellowstone, Montana",Montana,US,0.6,ml,,44.583,-110.750666666667,5.59,2026-07-31T14:40:27Z,2026-08-06T17:28:20Z,2026-08-06T17:28:20Z
usgs:uu80146741,usgs,sismo,"M 0.1 - 29 km ESE of West Yellowstone, Montana",2026-07-31T03:11:32Z,https://earthquake.usgs.gov/earthquakes/eventpage/uu80146741,usgs:uu80146741,"29 km ESE of West Yellowstone, Montana",Montana,US,0.12,ml,,44.5776666666667,-110.756333333333,5.48,2026-07-31T14:34:48Z,2026-08-06T17:28:20Z,2026-08-06T17:28:20Z
usgs:ci40663994,usgs,sismo,"M 1.1 - 14 km E of Ocotillo Wells, CA",2026-07-31T03:00:12Z,https://earthquake.usgs.gov/earthquakes/eventpage/ci40663994,usgs:ci40663994,"14 km E of Ocotillo Wells, CA",CA,US,1.06,ml,,33.1668333333333,-115.979166666667,8.35,2026-07-31T15:57:17Z,2026-08-06T17:28:20Z,2026-08-06T17:28:20Z
usgs:nc75408932,usgs,sismo,"M 1.1 - 1 km SW of Anderson Springs, CA",2026-07-31T02:55:27Z,https://earthquake.usgs.gov/earthquakes/eventpage/nc75408932,usgs:nc75408932,"1 km SW of Anderson Springs, CA",CA,US,1.08,md,,38.7661666870117,-122.701164245605,2.15000009536743,2026-07-31T02:57:05Z,2026-08-06T17:28:20Z,2026-08-06T17:28:20Z
usgs:uw714066741,usgs,sismo,"M 1.0 - 5 km WNW of Entiat, Washington",2026-07-31T02:54:42Z,https://earthquake.usgs.gov/earthquakes/eventpage/uw714066741,usgs:uw714066741,"5 km WNW of Entiat, Washington",Washington,US,1.03,ml,,47.7045,-120.272833333333,1.22,2026-07-31T18:27:25Z,2026-08-06T17:28:20Z,2026-08-06T17:28:20Z
usgs:aka2026ozykvm,usgs,sismo,"M 1.1 - 84 km S of Kaktovik, Alaska",2026-07-31T02:54:03Z,https://earthquake.usgs.gov/earthquakes/eventpage/aka2026ozykvm,usgs:aka2026ozykvm,"84 km S of Kaktovik, Alaska",Alaska,US,1.1,ml,,69.382,-143.886,9.7,2026-08-05T17:31:33Z,2026-08-06T17:28:20Z,2026-08-06T17:28:20Z
usgs:nc75408927,usgs,sismo,"M 1.1 - 9 km ESE of Cloverdale, CA",2026-07-31T02:52:48Z,https://earthquake.usgs.gov/earthquakes/eventpage/nc75408927,usgs:nc75408927,"9 km ESE of Cloverdale, CA",CA,US,1.12,md,,38.7848320007324,-122.917663574219,4.5,2026-07-31T03:42:22Z,2026-08-06T17:28:20Z,2026-08-06T17:28:20Z
usgs:nc75408922,usgs,sismo,"M 1.1 - 8 km ESE of Cloverdale, CA",2026-07-31T02:52:40Z,https://earthquake.usgs.gov/earthquakes/eventpage/nc75408922,usgs:nc75408922,"8 km ESE of Cloverdale, CA",CA,US,1.13,md,,38.7755012512207,-122.9375,4.34999990463257,2026-07-31T04:27:21Z,2026-08-06T17:28:20Z,2026-08-06T17:28:20Z
usgs:tx2026oxnvph,usgs,sismo,"M 1.4 - 26 km ENE of McKinney Acres, Texas",2026-07-31T02:49:20Z,https://earthquake.usgs.gov/earthquakes/eventpage/tx2026oxnvph,usgs:tx2026oxnvph,"26 km ENE of McKinney Acres, Texas",Texas,US,1.4,ml,,32.413,-102.275,8.8867,2026-07-31T08:46:42Z,2026-08-06T17:28:20Z,2026-08-06T17:28:20Z
usgs:tx2026oxnueg,usgs,sismo,"M 1.6 - 26 km ENE of McKinney Acres, Texas",2026-07-31T02:47:42Z,https://earthquake.usgs.gov/earthquakes/eventpage/tx2026oxnueg,usgs:tx2026oxnueg,"26 km ENE of McKinney Acres, Texas",Texas,US,1.6,ml,,32.416,-102.276,8.7158,2026-07-31T08:33:03Z,2026-08-06T17:28:20Z,2026-08-06T17:28:20Z
usgs:nc75408917,usgs,sismo,"M 1.6 - 8 km ESE of Cloverdale, CA",2026-07-31T02:47:21Z,https://earthquake.usgs.gov/earthquakes/eventpage/nc75408917,usgs:nc75408917,"8 km ESE of Cloverdale, CA",CA,US,1.57,md,,38.7745018005371,-122.93416595459,4.57000017166138,2026-07-31T03:37:19Z,2026-08-06T17:28:20Z,2026-08-06T17:28:20Z
usgs:nc75408912,usgs,sismo,"M 0.7 - 8 km NW of The Geysers, CA",2026-07-31T02:46:46Z,https://earthquake.usgs.gov/earthquakes/eventpage/nc75408912,usgs:nc75408912,"8 km NW of The Geysers, CA",CA,US,0.71,md,,38.8296661376953,-122.81600189209,1.60000002384186,2026-07-31T02:48:21Z,2026-08-06T17:28:20Z,2026-08-06T17:28:20Z
usgs:aka2026ozxyfl,usgs,sismo,"M 2.1 - 122 km WSW of Adak, Alaska",2026-07-31T02:39:29Z,https://earthquake.usgs.gov/earthquakes/eventpage/aka2026ozxyfl,usgs:aka2026ozxyfl,"122 km WSW of Adak, Alaska",Alaska,US,2.1,ml,,51.307,-178.157,10.9,2026-08-04T20:17:50Z,2026-08-06T17:28:20Z,2026-08-06T17:28:20Z
usgs:aka2026ozxolf,usgs,sismo,"M 1.2 - 44 km SSE of Denali National Park, Alaska",2026-07-31T02:28:13Z,https://earthquake.usgs.gov/earthquakes/eventpage/aka2026ozxolf,usgs:aka2026ozxolf,"44 km SSE of Denali National Park, Alaska",Alaska,US,1.2,ml,,63.184,-151.332,2.1,2026-08-05T17:29:50Z,2026-08-06T17:28:20Z,2026-08-06T17:28:20Z
usgs:av94347133,usgs,sismo,"M 1.1 - 22 km ENE of Atka, Alaska",2026-07-31T02:25:55Z,https://earthquake.usgs.gov/earthquakes/eventpage/av94347133,usgs:av94347133,"22 km ENE of Atka, Alaska",Alaska,US,1.06,ml,,52.2998333333333,-173.913666666667,14.62,2026-07-31T22:01:58Z,2026-08-06T17:28:20Z,2026-08-06T17:28:20Z
usgs:nc75408907,usgs,sismo,"M 0.7 - 1 km NNE of The Geysers, CA",2026-07-31T02:23:50Z,https://earthquake.usgs.gov/earthquakes/eventpage/nc75408907,usgs:nc75408907,"1 km NNE of The Geysers, CA",CA,US,0.74,md,,38.7898330688477,-122.75,0.930000007152557,2026-07-31T02:25:26Z,2026-08-06T17:28:20Z,2026-08-06T17:28:20Z
usgs:nn00922625,usgs,sismo,"M 2.7 - 40 km SE of Alamo, Nevada",2026-07-31T02:21:20Z,https://earthquake.usgs.gov/earthquakes/eventpage/nn00922625,usgs:nn00922625,"40 km SE of Alamo, Nevada",Nevada,US,2.67,ml,,37.1177,-114.8339,6.8187,2026-08-01T02:04:09Z,2026-08-06T17:28:20Z,2026-08-06T17:28:20Z
usgs:nc75408897,usgs,sismo,"M 1.8 - 8 km ESE of Cloverdale, CA",2026-07-31T02:16:59Z,https://earthquake.usgs.gov/earthquakes/eventpage/nc75408897,usgs:nc75408897,"8 km ESE of Cloverdale, CA",CA,US,1.82,md,,38.7745018005371,-122.93433380127,4.67000007629395,2026-07-31T03:12:20Z,2026-08-06T17:28:20Z,2026-08-06T17:28:20Z
usgs:us6000th54,usgs,sismo,M 4.6 - Kermadec Islands region,2026-07-31T02:07:56Z,https://earthquake.usgs.gov/earthquakes/eventpage/us6000th54,usgs:us6000th54,Kermadec Islands region,,,4.6,mb,,-28.5632,-176.9647,44.986,2026-07-31T02:34:56Z,2026-08-06T17:28:20Z,2026-08-06T17:28:20Z
usgs:uw714066721,usgs,sismo,"M 1.4 - 16 km WSW of Nile, Washington",2026-07-31T02:02:57Z,https://earthquake.usgs.gov/earthquakes/eventpage/uw714066721,usgs:uw714066721,"16 km WSW of Nile, Washington",Washington,US,1.39,ml,,46.7381666666667,-121.1265,6.24,2026-07-31T18:00:19Z,2026-08-06T17:28:20Z,2026-08-06T17:28:20Z
usgs:ci40663986,usgs,sismo,"M 0.7 - 8 km ENE of Moreno Valley, CA",2026-07-31T02:01:28Z,https://earthquake.usgs.gov/earthquakes/eventpage/ci40663986,usgs:ci40663986,"8 km ENE of Moreno Valley, CA",CA,US,0.66,ml,,33.9641666666667,-117.151166666667,15.53,2026-07-31T15:46:58Z,2026-08-06T17:28:20Z,2026-08-06T17:28:20Z
usgs:aka2026ozwhek,usgs,sismo,"M 1.6 - 53 km SSE of Denali National Park, Alaska",2026-07-31T01:49:50Z,https://earthquake.usgs.gov/earthquakes/eventpage/aka2026ozwhek,usgs:aka2026ozwhek,"53 km SSE of Denali National Park, Alaska",Alaska,US,1.6,ml,,63.136,-151.137,2.2,2026-08-04T20:16:20Z,2026-08-06T17:28:20Z,2026-08-06T17:28:20Z
usgs:aka2026ozwdoo,usgs,sismo,"M 1.1 - 46 km W of Tyonek, Alaska",2026-07-31T01:45:41Z,https://earthquake.usgs.gov/earthquakes/eventpage/aka2026ozwdoo,usgs:aka2026ozwdoo,"46 km W of Tyonek, Alaska",Alaska,US,1.1,ml,,61.015,-151.985,88.5,2026-08-04T20:14:18Z,2026-08-06T17:28:20Z,2026-08-06T17:28:20Z
usgs:aka2026ozvysx,usgs,sismo,"M 1.1 - 21 km W of Ivanof Bay, Alaska",2026-07-31T01:40:09Z,https://earthquake.usgs.gov/earthquakes/eventpage/aka2026ozvysx,usgs:aka2026ozvysx,"21 km W of Ivanof Bay, Alaska",Alaska,US,1.1,ml,,55.877,-159.831,11.6,2026-07-31T21:58:57Z,2026-08-06T17:28:20Z,2026-08-06T17:28:20Z
usgs:tx2026oxljdg,usgs,sismo,"M 1.0 - 12 km SSW of Jal, New Mexico",2026-07-31T01:34:29Z,https://earthquake.usgs.gov/earthquakes/eventpage/tx2026oxljdg,usgs:tx2026oxljdg,"12 km SSW of Jal, New Mexico",New Mexico,US,1.0,ml,,32.004,-103.236,6.0999,2026-07-31T09:02:47Z,2026-08-06T17:28:20Z,2026-08-06T17:28:20Z
usgs:av94347043,usgs,sismo,"M 0.0 - 54 km W of Salamatof, Alaska",2026-07-31T01:26:22Z,https://earthquake.usgs.gov/earthquakes/eventpage/av94347043,usgs:av94347043,"54 km W of Salamatof, Alaska",Alaska,US,-0.03,ml,,60.525,-152.302666666667,13.28,2026-07-31T21:44:56Z,2026-08-06T17:28:20Z,2026-08-06T17:28:20Z
usgs:us6000th4p,usgs,sismo,"M 4.3 - 46 km NW of Manta, Ecuador",2026-07-31T01:10:00Z,https://earthquake.usgs.gov/earthquakes/eventpage/us6000th4p,usgs:us6000th4p,"46 km NW of Manta, Ecuador",Ecuador,EC,4.3,mb,,-0.6197,-80.9479,10.0,2026-07-31T01:23:50Z,2026-08-06T17:28:20Z,2026-08-06T17:28:20Z
usgs:nc75408877,usgs,sismo,"M 1.0 - 7 km NW of The Geysers, CA",2026-07-31T01:09:19Z,https://earthquake.usgs.gov/earthquakes/eventpage/nc75408877,usgs:nc75408877,"7 km NW of The Geysers, CA",CA,US,1.04,md,,38.8173332214355,-122.813163757324,2.77999997138977,2026-07-31T01:10:56Z,2026-08-06T17:28:20Z,2026-08-06T17:28:20Z
usgs:nc75408872,usgs,sismo,"M 1.1 - 5 km WNW of The Geysers, CA",2026-07-31T01:07:58Z,https://earthquake.usgs.gov/earthquakes/eventpage/nc75408872,usgs:nc75408872,"5 km WNW of The Geysers, CA",CA,US,1.09,md,,38.7900009155273,-122.806167602539,3.1800000667572,2026-07-31T01:09:36Z,2026-08-06T17:28:20Z,2026-08-06T17:28:20Z
gdacs:FL:1104066:1,gdacs,inundacion,Green flood alert in Germany,2026-07-31T01:00:00Z,https://www.gdacs.org/report.aspx?eventtype=FL&eventid=1104066,gdacs:FL:1104066,Germany,Germany,DE,0.0,,verde,48.742352,8.9628053,,2026-08-03T06:23:22Z,2026-08-06T06:06:09Z,
gdacs:FL:1104064:1,gdacs,inundacion,Green flood alert in Poland,2026-07-31T01:00:00Z,https://www.gdacs.org/report.aspx?eventtype=FL&eventid=1104064,gdacs:FL:1104064,Poland,Poland,PL,0.0,,verde,52.0290318,23.1494095,,2026-08-02T07:33:52Z,2026-08-06T06:06:09Z,
usgs:us6000th4k,usgs,sismo,"M 5.6 - 13 km ENE of San Fernando, Peru",2026-07-31T00:58:44Z,https://earthquake.usgs.gov/earthquakes/eventpage/us6000th4k,usgs:us6000th4k,"13 km ENE of San Fernando, Peru",Peru,PE,5.6,mww,verde,-8.3349,-74.4353,154.355,2026-08-01T01:04:30Z,2026-08-06T17:28:20Z,2026-08-06T17:28:20Z
usgs:av94346963,usgs,sismo,"M -0.5 - 83 km NW of Karluk, Alaska",2026-07-31T00:48:54Z,https://earthquake.usgs.gov/earthquakes/eventpage/av94346963,usgs:av94346963,"83 km NW of Karluk, Alaska",Alaska,US,-0.54,ml,,58.1603333333333,-155.3125,1.13,2026-07-31T20:56:25Z,2026-08-06T17:28:20Z,2026-08-06T17:28:20Z
usgs:nc75408857,usgs,sismo,"M 1.1 - 7 km NW of The Geysers, CA",2026-07-31T00:31:01Z,https://earthquake.usgs.gov/earthquakes/eventpage/nc75408857,usgs:nc75408857,"7 km NW of The Geysers, CA",CA,US,1.14,md,,38.8221664428711,-122.811500549316,2.91000008583069,2026-07-31T01:32:19Z,2026-08-06T17:28:20Z,2026-08-06T17:28:20Z
usgs:uw714066691,usgs,sismo,"M 0.3 - 15 km SSE of Carbonado, Washington",2026-07-31T00:25:28Z,https://earthquake.usgs.gov/earthquakes/eventpage/uw714066691,usgs:uw714066691,"15 km SSE of Carbonado, Washington",Washington,US,0.3,ml,,46.941,-122.0055,8.26,2026-07-31T06:00:41Z,2026-08-06T17:28:20Z,2026-08-06T17:28:20Z
usgs:aka2026oztikf,usgs,sismo,"M 1.8 - 118 km N of Yakutat, Alaska",2026-07-31T00:21:18Z,https://earthquake.usgs.gov/earthquakes/eventpage/aka2026oztikf,usgs:aka2026oztikf,"118 km N of Yakutat, Alaska",Alaska,US,1.8,ml,,60.612,-139.883,9.2,2026-08-04T19:58:35Z,2026-08-06T17:28:20Z,2026-08-06T17:28:20Z
usgs:av94346933,usgs,sismo,"M -0.4 - 61 km SE of Pedro Bay, Alaska",2026-07-31T00:19:36Z,https://earthquake.usgs.gov/earthquakes/eventpage/av94346933,usgs:av94346933,"61 km SE of Pedro Bay, Alaska",Alaska,US,-0.42,ml,,59.3576666666667,-153.429,-1.17,2026-08-01T03:36:17Z,2026-08-06T17:28:20Z,2026-08-06T17:28:20Z
usgs:uw714066671,usgs,sismo,"M 0.3 - 15 km SSE of Carbonado, Washington",2026-07-31T00:11:09Z,https://earthquake.usgs.gov/earthquakes/eventpage/uw714066671,usgs:uw714066671,"15 km SSE of Carbonado, Washington",Washington,US,0.29,ml,,46.9411666666667,-122.0065,8.43,2026-07-31T06:03:03Z,2026-08-06T17:28:20Z,2026-08-06T17:28:20Z
usgs:nn00922618,usgs,sismo,"M 1.7 - 6 km NW of Goldfield, Nevada",2026-07-31T00:09:08Z,https://earthquake.usgs.gov/earthquakes/eventpage/nn00922618,usgs:nn00922618,"6 km NW of Goldfield, Nevada",Nevada,US,1.66,ml,,37.7502,-117.2863,15.958,2026-07-31T00:11:29Z,2026-08-06T17:28:20Z,2026-08-06T17:28:20Z
gdacs:WF:1030145:1,gdacs,incendio,Green forest fire notification in Russian Federation,2026-07-31T00:00:00Z,https://www.gdacs.org/report.aspx?eventtype=WF&eventid=1030145,gdacs:WF:1030145,Russian Federation,Russian Federation,RU,5339.0,ha,verde,68.3289367079044,102.32509708574797,,2026-08-06T15:07:31Z,2026-08-06T17:28:20Z,2026-08-06T17:28:20Z
gdacs:WF:1030116:1,gdacs,incendio,Green forest fire notification in The Democratic Republic of Congo,2026-07-31T00:00:00Z,https://www.gdacs.org/report.aspx?eventtype=WF&eventid=1030116,gdacs:WF:1030116,The Democratic Republic of Congo,The Democratic Republic of Congo,CD,8566.0,ha,verde,-8.209572369458412,26.12648637495469,,2026-08-06T15:06:51Z,2026-08-06T06:06:09Z,2026-08-06T17:28:20Z
gdacs:WF:1030115:1,gdacs,incendio,Green forest fire notification in Angola,2026-07-31T00:00:00Z,https://www.gdacs.org/report.aspx?eventtype=WF&eventid=1030115,gdacs:WF:1030115,Angola,Angola,AO,5560.0,ha,verde,-8.346167070089848,18.68400664212087,,2026-08-06T15:07:50Z,2026-08-06T06:06:09Z,2026-08-06T17:28:20Z
gdacs:WF:1030088:4,gdacs,incendio,Green forest fire notification in Botswana,2026-07-31T00:00:00Z,https://www.gdacs.org/report.aspx?eventtype=WF&eventid=1030088,gdacs:WF:1030088,Botswana,Botswana,BW,9353.0,ha,verde,-24.65411465182439,23.19092627656364,,2026-08-04T19:03:12Z,2026-08-06T09:08:27Z,
gdacs:WF:1030088:3,gdacs,incendio,Green forest fire notification in Botswana,2026-07-31T00:00:00Z,https://www.gdacs.org/report.aspx?eventtype=WF&eventid=1030088,gdacs:WF:1030088,Botswana,Botswana,BW,9328.0,ha,verde,-24.654196257993192,23.19092099878744,,2026-08-04T19:03:12Z,2026-08-06T06:06:09Z,
gdacs:WF:1030074:6,gdacs,incendio,Green forest fire notification in Brazil,2026-07-31T00:00:00Z,https://www.gdacs.org/report.aspx?eventtype=WF&eventid=1030074,gdacs:WF:1030074,Brazil,Brazil,BR,11522.0,ha,verde,-11.205637292341736,-54.87361020261407,,2026-08-04T19:04:07Z,2026-08-06T11:34:43Z,
gdacs:WF:1030074:5,gdacs,incendio,Green forest fire notification in Brazil,2026-07-31T00:00:00Z,https://www.gdacs.org/report.aspx?eventtype=WF&eventid=1030074,gdacs:WF:1030074,Brazil,Brazil,BR,10453.0,ha,verde,-11.211747134446387,-54.87213186041592,,2026-08-04T19:04:07Z,2026-08-06T06:06:09Z,
gdacs:WF:1030072:9,gdacs,incendio,Green forest fire notification in Russian Federation,2026-07-31T00:00:00Z,https://www.gdacs.org/report.aspx?eventtype=WF&eventid=1030072,gdacs:WF:1030072,Russian Federation,Russian Federation,RU,14219.0,ha,verde,65.96039691245919,116.80227287445383,,2026-08-04T07:03:11Z,2026-08-06T11:34:43Z,
gdacs:WF:1030072:8,gdacs,incendio,Green forest fire notification in Russian Federation,2026-07-31T00:00:00Z,https://www.gdacs.org/report.aspx?eventtype=WF&eventid=1030072,gdacs:WF:1030072,Russian Federation,Russian Federation,RU,8744.0,ha,verde,65.97675841715272,116.76796621093938,,2026-08-04T07:03:11Z,2026-08-06T09:08:27Z,
gdacs:WF:1030072:7,gdacs,incendio,Green forest fire notification in Russian Federation,2026-07-31T00:00:00Z,https://www.gdacs.org/report.aspx?eventtype=WF&eventid=1030072,gdacs:WF:1030072,Russian Federation,Russian Federation,RU,8201.0,ha,verde,65.97315311049313,116.76583742009906,,2026-08-04T07:03:11Z,2026-08-06T06:06:09Z,
gdacs:WF:1030072:10,gdacs,incendio,Green forest fire notification in Russian Federation,2026-07-31T00:00:00Z,https://www.gdacs.org/report.aspx?eventtype=WF&eventid=1030072,gdacs:WF:1030072,Russian Federation,Russian Federation,RU,15388.0,ha,verde,65.96021654534648,116.80802729035624,,2026-08-04T07:03:11Z,2026-08-06T17:28:20Z,2026-08-06T17:28:20Z
gdacs:WF:1030071:2,gdacs,incendio,Green forest fire notification in Angola,2026-07-31T00:00:00Z,https://www.gdacs.org/report.aspx?eventtype=WF&eventid=1030071,gdacs:WF:1030071,Angola,Angola,AO,5399.0,ha,verde,-10.748019339368444,16.349936811462392,,2026-08-04T15:04:14Z,2026-08-06T06:06:09Z,
gdacs:WF:1030070:9,gdacs,incendio,Green forest fire notification in Russian Federation,2026-07-31T00:00:00Z,https://www.gdacs.org/report.aspx?eventtype=WF&eventid=1030070,gdacs:WF:1030070,Russian Federation,Russian Federation,RU,9015.0,ha,verde,65.742285316735,117.26976586076326,,2026-08-04T03:02:50Z,2026-08-06T09:08:27Z,
gdacs:WF:1030070:8,gdacs,incendio,Green forest fire notification in Russian Federation,2026-07-31T00:00:00Z,https://www.gdacs.org/report.aspx?eventtype=WF&eventid=1030070,gdacs:WF:1030070,Russian Federation,Russian Federation,RU,7407.0,ha,verde,65.73509334824965,117.26469165343757,,2026-08-04T03:02:50Z,2026-08-06T06:06:09Z,
gdacs:WF:1030070:11,gdacs,incendio,Green forest fire notification in Russian Federation,2026-07-31T00:00:00Z,https://www.gdacs.org/report.aspx?eventtype=WF&eventid=1030070,gdacs:WF:1030070,Russian Federation,Russian Federation,RU,10913.0,ha,verde,65.74155985565137,117.27097648215566,,2026-08-04T03:02:50Z,2026-08-06T17:28:20Z,2026-08-06T17:28:20Z
gdacs:WF:1030070:10,gdacs,incendio,Green forest fire notification in Russian Federation,2026-07-31T00:00:00Z,https://www.gdacs.org/report.aspx?eventtype=WF&eventid=1030070,gdacs:WF:1030070,Russian Federation,Russian Federation,RU,10745.0,ha,verde,65.74212832380874,117.27161750642372,,2026-08-04T03:02:50Z,2026-08-06T11:34:43Z,
gdacs:WF:1030053:5,gdacs,incendio,Green forest fire notification in Angola,2026-07-31T00:00:00Z,https://www.gdacs.org/report.aspx?eventtype=WF&eventid=1030053,gdacs:WF:1030053,Angola,Angola,AO,7063.0,ha,verde,-17.569239271223143,20.615595624873674,,2026-08-04T03:02:24Z,2026-08-06T06:06:09Z,
gdacs:WF:1030037:1,gdacs,incendio,Green forest fire notification in South Africa,2026-07-31T00:00:00Z,https://www.gdacs.org/report.aspx?eventtype=WF&eventid=1030037,gdacs:WF:1030037,South Africa,South Africa,ZA,5486.0,ha,verde,-29.961543272994753,29.24759890042914,,2026-08-06T15:07:42Z,2026-08-06T06:06:09Z,2026-08-06T17:28:20Z
gdacs:WF:1030036:5,gdacs,incendio,Green forest fire notification in Zambia,2026-07-31T00:00:00Z,https://www.gdacs.org/report.aspx?eventtype=WF&eventid=1030036,gdacs:WF:1030036,Zambia,Zambia,ZM,5881.0,ha,verde,-12.59144594196726,31.854414806607178,,2026-08-02T19:02:00Z,2026-08-06T06:06:09Z,
gdacs:WF:1030023:12,gdacs,incendio,Green forest fire notification in Australia,2026-07-31T00:00:00Z,https://www.gdacs.org/report.aspx?eventtype=WF&eventid=1030023,gdacs:WF:1030023,Australia,Australia,AU,9437.0,ha,verde,-17.568683990054257,128.78455821892376,,2026-08-01T23:00:56Z,2026-08-06T11:34:43Z,
gdacs:WF:1030023:11,gdacs,incendio,Green forest fire notification in Australia,2026-07-31T00:00:00Z,https://www.gdacs.org/report.aspx?eventtype=WF&eventid=1030023,gdacs:WF:1030023,Australia,Australia,AU,9366.0,ha,verde,-17.5691853252579,128.78439065163303,,2026-08-01T23:00:56Z,2026-08-06T06:06:09Z,
gdacs:WF:1030005:6,gdacs,incendio,Green forest fire notification in Angola,2026-07-31T00:00:00Z,https://www.gdacs.org/report.aspx?eventtype=WF&eventid=1030005,gdacs:WF:1030005,Angola,Angola,AO,8080.0,ha,verde,-12.53454933576495,21.372403358874895,,2026-08-02T15:02:00Z,2026-08-06T06:06:09Z,
gdacs:WF:1030004:3,gdacs,incendio,Green forest fire notification in Angola,2026-07-31T00:00:00Z,https://www.gdacs.org/report.aspx?eventtype=WF&eventid=1030004,gdacs:WF:1030004,Angola,Angola,AO,12086.0,ha,verde,-8.478840457405601,20.04222547505888,,2026-08-02T15:02:16Z,2026-08-06T06:06:09Z,
gdacs:WF:1029987:18,gdacs,incendio,Orange forest fire notification in Greece,2026-07-31T00:00:00Z,https://www.gdacs.org/report.aspx?eventtype=WF&eventid=1029987,gdacs:WF:1029987,Greece,Greece,GR,18419.0,ha,naranja,38.12196787208191,23.259083548053304,,2026-08-01T07:00:21Z,2026-08-06T06:06:09Z,
usgs:aka2026ozsjgv,usgs,sismo,"M 2.1 - 43 km NNE of Petersville, Alaska",2026-07-30T23:53:00Z,https://earthquake.usgs.gov/earthquakes/eventpage/aka2026ozsjgv,usgs:aka2026ozsjgv,"43 km NNE of Petersville, Alaska",Alaska,US,2.1,ml,,62.874,-150.585,89.0,2026-08-03T19:44:40Z,2026-08-06T17:28:20Z,2026-08-06T17:28:20Z
usgs:av94346883,usgs,sismo,"M 0.7 - 150 km W of Adak, Alaska",2026-07-30T23:49:39Z,https://earthquake.usgs.gov/earthquakes/eventpage/av94346883,usgs:av94346883,"150 km W of Adak, Alaska",Alaska,US,0.71,ml,,51.7568333333333,-178.814166666667,10.76,2026-07-31T20:05:51Z,2026-08-06T17:28:20Z,2026-08-06T17:28:20Z
usgs:av94346878,usgs,sismo,"M 0.3 - 18 km NW of Ivanof Bay, Alaska",2026-07-30T23:41:43Z,https://earthquake.usgs.gov/earthquakes/eventpage/av94346878,usgs:av94346878,"18 km NW of Ivanof Bay, Alaska",Alaska,US,0.31,ml,,56.0171666666667,-159.694166666667,10.2,2026-07-31T20:02:20Z,2026-08-06T17:28:20Z,2026-08-06T17:28:20Z
usgs:ci40663962,usgs,sismo,"M 0.6 - 22 km SSW of La Quinta, CA",2026-07-30T23:40:50Z,https://earthquake.usgs.gov/earthquakes/eventpage/ci40663962,usgs:ci40663962,"22 km SSW of La Quinta, CA",CA,US,0.59,ml,,33.4795,-116.405166666667,7.31,2026-07-31T00:00:20Z,2026-08-06T17:28:20Z,2026-08-06T17:28:20Z
usgs:ci40663954,usgs,sismo,"M 0.6 - 22 km SSW of La Quinta, CA",2026-07-30T23:40:29Z,https://earthquake.usgs.gov/earthquakes/eventpage/ci40663954,usgs:ci40663954,"22 km SSW of La Quinta, CA",CA,US,0.62,ml,,33.4798333333333,-116.408333333333,6.58,2026-07-30T23:52:36Z,2026-08-06T17:28:20Z,2026-08-06T17:28:20Z
usgs:uw714066641,usgs,sismo,"M 0.5 - 0 km ENE of Ames Lake, Washington",2026-07-30T23:36:07Z,https://earthquake.usgs.gov/earthquakes/eventpage/uw714066641,usgs:uw714066641,"0 km ENE of Ames Lake, Washington",Washington,US,0.45,md,,47.635,-121.954833333333,22.32,2026-08-04T20:49:41Z,2026-08-06T17:28:20Z,2026-08-06T17:28:20Z
usgs:tx2026oxhjqg,usgs,sismo,"M 1.1 - 29 km SSE of Midland, Texas",2026-07-30T23:34:23Z,https://earthquake.usgs.gov/earthquakes/eventpage/tx2026oxhjqg,usgs:tx2026oxhjqg,"29 km SSE of Midland, Texas",Texas,US,1.1,ml,,31.77,-101.924,6.0303,2026-07-31T12:48:20Z,2026-08-06T17:28:20Z,2026-08-06T17:28:20Z
usgs:pr71526823,usgs,sismo,"M 1.6 - 2 km SSW of Pole Ojea, Puerto Rico",2026-07-30T23:22:27Z,https://earthquake.usgs.gov/earthquakes/eventpage/pr71526823,usgs:pr71526823,"2 km SSW of Pole Ojea, Puerto Rico",Puerto Rico,PR,1.57,md,,17.9535,-67.1995,2.48,2026-07-31T01:38:36Z,2026-08-06T17:28:20Z,2026-08-06T17:28:20Z
usgs:uw714066611,usgs,otro,"M 1.9 Explosion - 9 km S of Princeton, Canada",2026-07-30T23:08:31Z,https://earthquake.usgs.gov/earthquakes/eventpage/uw714066611,usgs:uw714066611,"9 km S of Princeton, Canada",Canada,CA,1.86,ml,,49.3716666666667,-120.518,-0.36,2026-07-31T18:50:56Z,2026-08-06T17:28:20Z,2026-08-06T17:28:20Z
usgs:nc75408837,usgs,sismo,"M 1.7 - 3 km SE of Round Valley, CA",2026-07-30T23:07:37Z,https://earthquake.usgs.gov/earthquakes/eventpage/nc75408837,usgs:nc75408837,"3 km SE of Round Valley, CA",CA,US,1.74,md,,37.3963317871094,-118.56583404541,10.8999996185303,2026-07-30T23:52:19Z,2026-08-06T17:28:20Z,2026-08-06T17:28:20Z
usgs:us6000thuv,usgs,sismo,"M 2.6 - 111 km SSE of Sand Point, Alaska",2026-07-30T23:05:41Z,https://earthquake.usgs.gov/earthquakes/eventpage/us6000thuv,usgs:us6000thuv,"111 km SSE of Sand Point, Alaska",Alaska,US,2.6,ml,,54.4675,-159.6397,35.0,2026-08-03T22:06:34Z,2026-08-06T17:28:20Z,2026-08-06T17:28:20Z
usgs:aka2026ozquqe,usgs,sismo,"M 1.5 - 6 km ESE of Eielson Air Force Base, Alaska",2026-07-30T23:05:27Z,https://earthquake.usgs.gov/earthquakes/eventpage/aka2026ozquqe,usgs:aka2026ozquqe,"6 km ESE of Eielson Air Force Base, Alaska",Alaska,US,1.5,ml,,64.636,-146.929,12.0,2026-08-03T19:39:40Z,2026-08-06T17:28:20Z,2026-08-06T17:28:20Z
usgs:nc75408832,usgs,sismo,"M 0.6 - 7 km NW of The Geysers, CA",2026-07-30T22:59:09Z,https://earthquake.usgs.gov/earthquakes/eventpage/nc75408832,usgs:nc75408832,"7 km NW of The Geysers, CA",CA,US,0.57,md,,38.8208351135254,-122.810501098633,4.07000017166138,2026-07-30T23:00:44Z,2026-08-06T17:28:20Z,2026-08-06T17:28:20Z
usgs:nc75408827,usgs,sismo,"M 1.9 - 30 km NE of Redway, CA",2026-07-30T22:56:22Z,https://earthquake.usgs.gov/earthquakes/eventpage/nc75408827,usgs:nc75408827,"30 km NE of Redway, CA",CA,US,1.88,md,,40.3185005187988,-123.585502624512,20.9799995422363,2026-07-30T23:32:22Z,2026-08-06T17:28:20Z,2026-08-06T17:28:20Z
usgs:uw714066601,usgs,otro,"M 1.5 Explosion - 12 km NE of Abbotsford, Canada",2026-07-30T22:54:11Z,https://earthquake.usgs.gov/earthquakes/eventpage/uw714066601,usgs:uw714066601,"12 km NE of Abbotsford, Canada",Canada,CA,1.47,ml,,49.1336666666667,-122.125,-0.66,2026-07-31T18:47:54Z,2026-08-06T17:28:20Z,2026-08-06T17:28:20Z
usgs:uw714066591,usgs,sismo,"M 0.3 - 16 km NNE of Ashford, Washington",2026-07-30T22:47:21Z,https://earthquake.usgs.gov/earthquakes/eventpage/uw714066591,usgs:uw714066591,"16 km NNE of Ashford, Washington",Washington,US,0.32,ml,,46.8853333333333,-121.9245,8.2,2026-07-31T18:44:39Z,2026-08-06T17:28:20Z,2026-08-06T17:28:20Z
usgs:uw714066571,usgs,otro,"M 1.1 Explosion - 4 km SW of Scotts Mills, Oregon",2026-07-30T22:36:10Z,https://earthquake.usgs.gov/earthquakes/eventpage/uw714066571,usgs:uw714066571,"4 km SW of Scotts Mills, Oregon",Oregon,US,1.06,md,,45.0155,-122.717833333333,-0.44,2026-07-31T18:31:18Z,2026-08-06T17:28:20Z,2026-08-06T17:28:20Z
usgs:nc75408817,usgs,sismo,"M 1.5 - 14 km E of Lake Pillsbury, CA",2026-07-30T22:34:43Z,https://earthquake.usgs.gov/earthquakes/eventpage/nc75408817,usgs:nc75408817,"14 km E of Lake Pillsbury, CA",CA,US,1.53,md,,39.4113349914551,-122.790000915527,6.8899998664856,2026-07-31T00:07:24Z,2026-08-06T17:28:20Z,2026-08-06T17:28:20Z
usgs:mb90203918,usgs,sismo,"M 0.2 - 1 km SSE of Hebgen Lake Estates, Montana",2026-07-30T22:30:21Z,https://earthquake.usgs.gov/earthquakes/eventpage/mb90203918,usgs:mb90203918,"1 km SSE of Hebgen Lake Estates, Montana",Montana,US,0.16,ml,,44.7558333333333,-111.185833333333,10.68,2026-08-02T19:54:00Z,2026-08-06T17:28:20Z,2026-08-06T17:28:20Z
usgs:ok2026ovke,usgs,sismo,"M 0.3 - 4 km S of Amber, Oklahoma",2026-07-30T22:30:13Z,https://earthquake.usgs.gov/earthquakes/eventpage/ok2026ovke,usgs:ok2026ovke,"4 km S of Amber, Oklahoma",Oklahoma,US,0.3,ml,,35.12,-97.87866667,10.59,2026-08-05T17:22:38Z,2026-08-06T17:28:20Z,2026-08-06T17:28:20Z
usgs:us6000th43,usgs,sismo,"M 4.7 - 77 km E of Petropavlovsk-Kamchatsky, Russia",2026-07-30T22:24:47Z,https://earthquake.usgs.gov/earthquakes/eventpage/us6000th43,usgs:us6000th43,"77 km E of Petropavlovsk-Kamchatsky, Russia",Russia,RU,4.7,mb,,53.0865,159.7845,64.149,2026-07-30T23:12:13Z,2026-08-06T17:28:20Z,2026-08-06T17:28:20Z
usgs:aka2026ozpent,usgs,sismo,"M 2.3 - 9 km N of Meadow Lakes, Alaska",2026-07-30T22:16:55Z,https://earthquake.usgs.gov/earthquakes/eventpage/aka2026ozpent,usgs:aka2026ozpent,"9 km N of Meadow Lakes, Alaska",Alaska,US,2.3,ml,,61.71,-149.59,52.4,2026-08-03T19:38:02Z,2026-08-06T17:28:20Z,2026-08-06T17:28:20Z
usgs:uw714066551,usgs,sismo,"M 0.4 - 14 km WNW of Packwood, Washington",2026-07-30T22:07:46Z,https://earthquake.usgs.gov/earthquakes/eventpage/uw714066551,usgs:uw714066551,"14 km WNW of Packwood, Washington",Washington,US,0.38,md,,46.6445,-121.846833333333,6.24,2026-07-31T18:09:20Z,2026-08-06T17:28:20Z,2026-08-06T17:28:20Z
usgs:av94346693,usgs,sismo,"M -0.3 - 84 km NW of Karluk, Alaska",2026-07-30T21:58:39Z,https://earthquake.usgs.gov/earthquakes/eventpage/av94346693,usgs:av94346693,"84 km NW of Karluk, Alaska",Alaska,US,-0.31,ml,,58.1953333333333,-155.255833333333,1.11,2026-07-31T19:50:19Z,2026-08-06T17:28:20Z,2026-08-06T17:28:20Z
usgs:nc75408807,usgs,sismo,"M 1.3 - 8 km ESE of Cloverdale, CA",2026-07-30T21:54:41Z,https://earthquake.usgs.gov/earthquakes/eventpage/nc75408807,usgs:nc75408807,"8 km ESE of Cloverdale, CA",CA,US,1.31,md,,38.7750015258789,-122.936668395996,3.9300000667572,2026-07-30T23:12:23Z,2026-08-06T17:28:20Z,2026-08-06T17:28:20Z
usgs:us6000th3m,usgs,sismo,"M 5.1 - 67 km E of Petropavlovsk-Kamchatsky, Russia",2026-07-30T21:53:26Z,https://earthquake.usgs.gov/earthquakes/eventpage/us6000th3m,usgs:us6000th3m,"67 km E of Petropavlovsk-Kamchatsky, Russia",Russia,RU,5.1,mb,,53.0742,159.6405,63.921,2026-07-30T22:09:40Z,2026-08-06T17:28:20Z,2026-08-06T17:28:20Z
usgs:aka2026ozofom,usgs,sismo,"M 0.5 - 66 km E of Port Alsworth, Alaska",2026-07-30T21:48:04Z,https://earthquake.usgs.gov/earthquakes/eventpage/aka2026ozofom,usgs:aka2026ozofom,"66 km E of Port Alsworth, Alaska",Alaska,US,0.5,ml,,60.156,-153.113,6.7,2026-07-31T19:54:20Z,2026-08-06T17:28:20Z,2026-08-06T17:28:20Z
usgs:nc75408797,usgs,sismo,"M 0.3 - 2 km N of The Geysers, CA",2026-07-30T21:39:47Z,https://earthquake.usgs.gov/earthquakes/eventpage/nc75408797,usgs:nc75408797,"2 km N of The Geysers, CA",CA,US,0.26,md,,38.7939987182617,-122.756164550781,2.38000011444092,2026-07-30T21:41:24Z,2026-08-06T17:28:20Z,2026-08-06T17:28:20Z
usgs:ci40663938,usgs,sismo,"M 1.2 - 6 km S of Salton City, CA",2026-07-30T21:39:08Z,https://earthquake.usgs.gov/earthquakes/eventpage/ci40663938,usgs:ci40663938,"6 km S of Salton City, CA",CA,US,1.15,ml,,33.2461666666667,-115.959166666667,5.89,2026-07-31T15:38:50Z,2026-08-06T17:28:20Z,2026-08-06T17:28:20Z
usgs:pr71526818,usgs,sismo,"M 2.5 - 4 km SSW of Indios, Puerto Rico",2026-07-30T21:32:16Z,https://earthquake.usgs.gov/earthquakes/eventpage/pr71526818,usgs:pr71526818,"4 km SSW of Indios, Puerto Rico",Puerto Rico,PR,2.49,md,,17.9575,-66.8358333333333,12.1,2026-07-30T21:49:33Z,2026-08-06T17:28:20Z,2026-08-06T17:28:20Z
usgs:nc75408787,usgs,sismo,"M 1.2 - 8 km ESE of Cloverdale, CA",2026-07-30T21:30:59Z,https://earthquake.usgs.gov/earthquakes/eventpage/nc75408787,usgs:nc75408787,"8 km ESE of Cloverdale, CA",CA,US,1.23,md,,38.769832611084,-122.94066619873,5.42000007629395,2026-07-30T22:47:28Z,2026-08-06T17:28:20Z,2026-08-06T17:28:20Z
usgs:tx2026oxddqn,usgs,sismo,"M 1.1 - 19 km NW of Toyah, Texas",2026-07-30T21:26:51Z,https://earthquake.usgs.gov/earthquakes/eventpage/tx2026oxddqn,usgs:tx2026oxddqn,"19 km NW of Toyah, Texas",Texas,US,1.1,ml,,31.433,-103.939,3.3826,2026-07-31T14:33:15Z,2026-08-06T17:28:20Z,2026-08-06T17:28:20Z
usgs:ok2026ovia,usgs,otro,"M 1.4 Quarry Blast - 6 km SSE of Owasso, Oklahoma",2026-07-30T21:24:39Z,https://earthquake.usgs.gov/earthquakes/eventpage/ok2026ovia,usgs:ok2026ovia,"6 km SSE of Owasso, Oklahoma",Oklahoma,US,1.42,ml,,36.21,-95.83716667,0.0,2026-08-05T17:22:33Z,2026-08-06T17:28:20Z,2026-08-06T17:28:20Z
usgs:av94346603,usgs,sismo,"M -0.2 - 85 km NNW of Karluk, Alaska",2026-07-30T21:16:11Z,https://earthquake.usgs.gov/earthquakes/eventpage/av94346603,usgs:av94346603,"85 km NNW of Karluk, Alaska",Alaska,US,-0.24,ml,,58.2841666666667,-154.968,2.33,2026-07-31T19:58:20Z,2026-08-06T17:28:20Z,2026-08-06T17:28:20Z
usgs:av94346598,usgs,sismo,"M 0.3 - 149 km W of Adak, Alaska",2026-07-30T21:15:34Z,https://earthquake.usgs.gov/earthquakes/eventpage/av94346598,usgs:av94346598,"149 km W of Adak, Alaska",Alaska,US,0.31,ml,,51.7878333333333,-178.795333333333,12.33,2026-07-31T19:45:49Z,2026-08-06T17:28:20Z,2026-08-06T17:28:20Z
usgs:aka2026ozmylz,usgs,sismo,"M 1.5 - 13 km NNE of Ivanof Bay, Alaska",2026-07-30T21:09:56Z,https://earthquake.usgs.gov/earthquakes/eventpage/aka2026ozmylz,usgs:aka2026ozmylz,"13 km NNE of Ivanof Bay, Alaska",Alaska,US,1.5,ml,,56.01,-159.404,109.0,2026-08-03T19:33:11Z,2026-08-06T17:28:20Z,2026-08-06T17:28:20Z
usgs:aka2026ozmxbu,usgs,sismo,"M 1.8 - 64 km SE of Ugashik, Alaska",2026-07-30T21:08:20Z,https://earthquake.usgs.gov/earthquakes/eventpage/aka2026ozmxbu,usgs:aka2026ozmxbu,"64 km SE of Ugashik, Alaska",Alaska,US,1.8,ml,,57.065,-156.709,1.3,2026-08-03T19:31:35Z,2026-08-06T17:28:20Z,2026-08-06T17:28:20Z
usgs:tx2026oxchkz,usgs,sismo,"M 1.8 - 12 km ESE of Pearsall, Texas",2026-07-30T21:00:54Z,https://earthquake.usgs.gov/earthquakes/eventpage/tx2026oxchkz,usgs:tx2026oxchkz,"12 km ESE of Pearsall, Texas",Texas,US,1.8,ml,,28.856,-98.973,8.4815,2026-07-31T13:47:29Z,2026-08-06T17:28:20Z,2026-08-06T17:28:20Z
usgs:ci40663930,usgs,sismo,"M 1.7 - 24 km NE of Primo Tapia, B.C., MX",2026-07-30T20:53:31Z,https://earthquake.usgs.gov/earthquakes/eventpage/ci40663930,usgs:ci40663930,"24 km NE of Primo Tapia, B.C., MX",MX,MX,1.69,ml,,32.3443333333333,-116.707833333333,11.05,2026-08-03T23:10:16Z,2026-08-06T17:28:20Z,2026-08-06T17:28:20Z
usgs:aka2026ozmgin,usgs,sismo,"M 2.0 - 14 km S of Susitna North, Alaska",2026-07-30T20:49:02Z,https://earthquake.usgs.gov/earthquakes/eventpage/aka2026ozmgin,usgs:aka2026ozmgin,"14 km S of Susitna North, Alaska",Alaska,US,2.0,ml,,62.03,-149.818,28.5,2026-08-03T19:25:41Z,2026-08-06T17:28:20Z,2026-08-06T17:28:20Z
usgs:aka2026ozmfyo,usgs,sismo,"M 2.1 - 64 km SSW of Adak, Alaska",2026-07-30T20:48:35Z,https://earthquake.usgs.gov/earthquakes/eventpage/aka2026ozmfyo,usgs:aka2026ozmfyo,"64 km SSW of Adak, Alaska",Alaska,US,2.1,ml,,51.348,-177.018,23.9,2026-08-03T19:21:28Z,2026-08-06T17:28:20Z,2026-08-06T17:28:20Z
usgs:tx2026oxblrr,usgs,sismo,"M 2.0 - 29 km S of Malaga, New Mexico",2026-07-30T20:36:10Z,https://earthquake.usgs.gov/earthquakes/eventpage/tx2026oxblrr,usgs:tx2026oxblrr,"29 km S of Malaga, New Mexico",New Mexico,US,2.0,ml,,31.958,-104.054,7.3688,2026-07-31T13:02:42Z,2026-08-06T17:28:20Z,2026-08-06T17:28:20Z
usgs:uw714066391,usgs,sismo,"M 1.3 - 2 km SW of Orchards, Washington",2026-07-30T20:34:01Z,https://earthquake.usgs.gov/earthquakes/eventpage/uw714066391,usgs:uw714066391,"2 km SW of Orchards, Washington",Washington,US,1.34,ml,,45.6478333333333,-122.5795,25.21,2026-07-30T21:37:24Z,2026-08-06T17:28:20Z,2026-08-06T17:28:20Z
usgs:aka2026ozlsmh,usgs,sismo,"M 2.5 - 23 km W of Ivanof Bay, Alaska",2026-07-30T20:32:59Z,https://earthquake.usgs.gov/earthquakes/eventpage/aka2026ozlsmh,usgs:aka2026ozlsmh,"23 km W of Ivanof Bay, Alaska",Alaska,US,2.5,ml,,55.942,-159.845,9.4,2026-08-03T19:19:51Z,2026-08-06T17:28:20Z,2026-08-06T17:28:20Z
usgs:nc75408747,usgs,sismo,"M 1.0 - 7 km WNW of Cobb, CA",2026-07-30T20:29:17Z,https://earthquake.usgs.gov/earthquakes/eventpage/nc75408747,usgs:nc75408747,"7 km WNW of Cobb, CA",CA,US,1.0,md,,38.8344993591309,-122.802169799805,2.07999992370605,2026-07-30T20:30:55Z,2026-08-06T17:28:20Z,2026-08-06T17:28:20Z
usgs:uu80146587,usgs,sismo,"M 1.3 - 3 km WSW of Circleville, Utah",2026-07-30T20:29:15Z,https://earthquake.usgs.gov/earthquakes/eventpage/uu80146587,usgs:uu80146587,"3 km WSW of Circleville, Utah",Utah,US,1.26,ml,,38.159,-112.312333333333,2.29,2026-07-30T20:46:46Z,2026-08-06T17:28:20Z,2026-08-06T17:28:20Z
usgs:us6000th30,usgs,sismo,M 5.0 - Kermadec Islands region,2026-07-30T20:26:36Z,https://earthquake.usgs.gov/earthquakes/eventpage/us6000th30,usgs:us6000th30,Kermadec Islands region,,,5.0,mb,,-28.5478,-176.5707,35.0,2026-07-30T20:48:11Z,2026-08-06T17:28:20Z,2026-08-06T17:28:20Z
usgs:aka2026ozlczr,usgs,sismo,"M 2.4 - 67 km S of Adak, Alaska",2026-07-30T20:15:11Z,https://earthquake.usgs.gov/earthquakes/eventpage/aka2026ozlczr,usgs:aka2026ozlczr,"67 km S of Adak, Alaska",Alaska,US,2.4,ml,,51.269,-176.594,18.2,2026-08-03T19:13:21Z,2026-08-06T17:28:20Z,2026-08-06T17:28:20Z
usgs:us6000th2x,usgs,sismo,"M 4.4 - 204 km NW of Oula Xiuma, China",2026-07-30T20:14:08Z,https://earthquake.usgs.gov/earthquakes/eventpage/us6000th2x,usgs:us6000th2x,"204 km NW of Oula Xiuma, China",China,CN,4.4,mb,,35.4713,99.4461,10.0,2026-07-30T21:51:52Z,2026-08-06T17:28:20Z,2026-08-06T17:28:20Z
usgs:uw714066341,usgs,sismo,"M 1.5 - 0 km NNW of Eatonville, Washington",2026-07-30T20:05:33Z,https://earthquake.usgs.gov/earthquakes/eventpage/uw714066341,usgs:uw714066341,"0 km NNW of Eatonville, Washington",Washington,US,1.53,ml,,46.8745,-122.272166666667,-0.38,2026-07-30T21:27:53Z,2026-08-06T17:28:20Z,2026-08-06T17:28:20Z
usgs:av93065169,usgs,sismo,"M 0.5 - 11 km NNE of Atka, Alaska",2026-07-30T19:59:47Z,https://earthquake.usgs.gov/earthquakes/eventpage/av93065169,usgs:av93065169,"11 km NNE of Atka, Alaska",Alaska,US,0.45,ml,,52.293,-174.145333333333,0.68,2026-07-31T19:31:18Z,2026-08-06T17:28:20Z,2026-08-06T17:28:20Z
usgs:uw714066331,usgs,otro,"M 2.3 Explosion - 4 km ENE of Pullman, Washington",2026-07-30T19:59:43Z,https://earthquake.usgs.gov/earthquakes/eventpage/uw714066331,usgs:uw714066331,"4 km ENE of Pullman, Washington",Washington,US,2.34,md,,46.7478333333333,-117.13,-0.77,2026-07-30T20:26:12Z,2026-08-06T17:28:20Z,2026-08-06T17:28:20Z
usgs:av94346468,usgs,sismo,"M 0.2 - 13 km NNE of Atka, Alaska",2026-07-30T19:59:32Z,https://earthquake.usgs.gov/earthquakes/eventpage/av94346468,usgs:av94346468,"13 km NNE of Atka, Alaska",Alaska,US,0.21,ml,,52.3085,-174.1385,7.15,2026-07-31T19:24:18Z,2026-08-06T17:28:20Z,2026-08-06T17:28:20Z
usgs:ok2026ovfe,usgs,otro,"M 1.0 Quarry Blast - 2 km SSW of Mill Creek, Oklahoma",2026-07-30T19:58:28Z,https://earthquake.usgs.gov/earthquakes/eventpage/ok2026ovfe,usgs:ok2026ovfe,"2 km SSW of Mill Creek, Oklahoma",Oklahoma,US,1.04,ml,,34.3845,-96.83966667,0.0,2026-08-05T17:22:29Z,2026-08-06T17:28:20Z,2026-08-06T17:28:20Z
usgs:av93065164,usgs,sismo,"M 1.0 - 12 km NNE of Atka, Alaska",2026-07-30T19:58:15Z,https://earthquake.usgs.gov/earthquakes/eventpage/av93065164,usgs:av93065164,"12 km NNE of Atka, Alaska",Alaska,US,0.96,ml,,52.306,-174.151833333333,4.64,2026-07-31T19:12:17Z,2026-08-06T17:28:20Z,2026-08-06T17:28:20Z
usgs:av94346463,usgs,sismo,"M 0.5 - 12 km NNE of Atka, Alaska",2026-07-30T19:58:05Z,https://earthquake.usgs.gov/earthquakes/eventpage/av94346463,usgs:av94346463,"12 km NNE of Atka, Alaska",Alaska,US,0.54,ml,,52.3021666666667,-174.1455,5.56,2026-07-31T19:08:47Z,2026-08-06T17:28:20Z,2026-08-06T17:28:20Z
usgs:aka2026ozkgil,usgs,sismo,"M 1.5 - 25 km SSE of Kokhanok, Alaska",2026-07-30T19:48:48Z,https://earthquake.usgs.gov/earthquakes/eventpage/aka2026ozkgil,usgs:aka2026ozkgil,"25 km SSE of Kokhanok, Alaska",Alaska,US,1.5,ml,,59.221,-154.663,4.8,2026-08-03T19:10:31Z,2026-08-06T17:28:20Z,2026-08-06T17:28:20Z
usgs:aka2026ozjxdl,usgs,sismo,"M 3.0 - 101 km SW of Atka, Alaska",2026-07-30T19:38:32Z,https://earthquake.usgs.gov/earthquakes/eventpage/aka2026ozjxdl,usgs:aka2026ozjxdl,"101 km SW of Atka, Alaska",Alaska,US,3.0,ml,,51.499,-175.147,22.7,2026-08-03T18:59:18Z,2026-08-06T17:28:20Z,2026-08-06T17:28:20Z
usgs:ci40663866,usgs,sismo,"M 0.7 - 8 km S of Idyllwild, CA",2026-07-30T19:27:32Z,https://earthquake.usgs.gov/earthquakes/eventpage/ci40663866,usgs:ci40663866,"8 km S of Idyllwild, CA",CA,US,0.71,ml,,33.6676666666667,-116.722,14.15,2026-07-30T20:11:26Z,2026-08-06T17:28:20Z,2026-08-06T17:28:20Z
usgs:aka2026ozjjcw,usgs,sismo,"M 1.4 - 21 km SE of Lake Minchumina, Alaska",2026-07-30T19:22:16Z,https://earthquake.usgs.gov/earthquakes/eventpage/aka2026ozjjcw,usgs:aka2026ozjjcw,"21 km SE of Lake Minchumina, Alaska",Alaska,US,1.4,ml,,63.736,-152.032,8.0,2026-08-03T22:16:03Z,2026-08-06T17:28:20Z,2026-08-06T17:28:20Z
usgs:ci40663858,usgs,sismo,"M 1.1 - 10 km NE of Coso Junction, CA",2026-07-30T19:13:53Z,https://earthquake.usgs.gov/earthquakes/eventpage/ci40663858,usgs:ci40663858,"10 km NE of Coso Junction, CA",CA,US,1.09,ml,,36.1036666666667,-117.870666666667,2.94,2026-07-30T20:11:40Z,2026-08-06T17:28:20Z,2026-08-06T17:28:20Z
usgs:ci40663850,usgs,sismo,"M 1.4 - 15 km W of Searles Valley, CA",2026-07-30T19:09:01Z,https://earthquake.usgs.gov/earthquakes/eventpage/ci40663850,usgs:ci40663850,"15 km W of Searles Valley, CA",CA,US,1.38,ml,,35.753,-117.5745,7.07,2026-07-30T20:12:04Z,2026-08-06T17:28:20Z,2026-08-06T17:28:20Z
usgs:ci40663842,usgs,otro,"M 1.2 Quarry Blast - 13 km W of Mojave, CA",2026-07-30T19:01:48Z,https://earthquake.usgs.gov/earthquakes/eventpage/ci40663842,usgs:ci40663842,"13 km W of Mojave, CA",CA,US,1.16,ml,,35.0476666666667,-118.319833333333,-0.82,2026-07-30T20:31:27Z,2026-08-06T17:28:20Z,2026-08-06T17:28:20Z
usgs:ci40663834,usgs,otro,"M 1.5 Quarry Blast - 7 km SSE of Home Gardens, CA",2026-07-30T19:01:41Z,https://earthquake.usgs.gov/earthquakes/eventpage/ci40663834,usgs:ci40663834,"7 km SSE of Home Gardens, CA",CA,US,1.54,ml,,33.819,-117.4825,-0.53,2026-07-30T20:26:26Z,2026-08-06T17:28:20Z,2026-08-06T17:28:20Z
usgs:ci40663826,usgs,otro,"M 0.8 Quarry Blast - 2 km SE of Home Gardens, CA",2026-07-30T19:01:12Z,https://earthquake.usgs.gov/earthquakes/eventpage/ci40663826,usgs:ci40663826,"2 km SE of Home Gardens, CA",CA,US,0.8,ml,,33.8686666666667,-117.504333333333,-0.51,2026-07-30T20:18:07Z,2026-08-06T17:28:20Z,2026-08-06T17:28:20Z
usgs:nn00922594,usgs,sismo,"M 1.5 - 17 km NNW of Indian Springs, Nevada",2026-07-30T18:53:11Z,https://earthquake.usgs.gov/earthquakes/eventpage/nn00922594,usgs:nn00922594,"17 km NNW of Indian Springs, Nevada",Nevada,US,1.51,ml,,36.71,-115.7621,6.2183,2026-07-31T02:05:53Z,2026-08-06T17:28:20Z,2026-08-06T17:28:20Z
usgs:av94346333,usgs,sismo,"M 1.2 - 150 km W of Adak, Alaska",2026-07-30T18:45:48Z,https://earthquake.usgs.gov/earthquakes/eventpage/av94346333,usgs:av94346333,"150 km W of Adak, Alaska",Alaska,US,1.19,ml,,51.7145,-178.794,8.99,2026-07-30T22:31:44Z,2026-08-06T17:28:20Z,2026-08-06T17:28:20Z
usgs:ci40663810,usgs,sismo,"M 1.2 - 22 km W of Westmorland, CA",2026-07-30T18:44:20Z,https://earthquake.usgs.gov/earthquakes/eventpage/ci40663810,usgs:ci40663810,"22 km W of Westmorland, CA",CA,US,1.2,ml,,33.0173333333333,-115.854333333333,7.45,2026-07-30T19:01:41Z,2026-08-06T17:28:20Z,2026-08-06T17:28:20Z
usgs:nc75408687,usgs,sismo,"M 0.4 - 3 km S of Anderson Springs, CA",2026-07-30T18:43:55Z,https://earthquake.usgs.gov/earthquakes/eventpage/nc75408687,usgs:nc75408687,"3 km S of Anderson Springs, CA",CA,US,0.37,md,,38.7509994506836,-122.693664550781,1.75999999046326,2026-07-30T18:45:35Z,2026-08-06T17:28:20Z,2026-08-06T17:28:20Z
usgs:ok2026ovcs,usgs,otro,"M 1.3 Quarry Blast - 7 km SW of Hulbert, Oklahoma",2026-07-30T18:43:22Z,https://earthquake.usgs.gov/earthquakes/eventpage/ok2026ovcs,usgs:ok2026ovcs,"7 km SW of Hulbert, Oklahoma",Oklahoma,US,1.31,ml,,35.88116667,-95.188,0.0,2026-08-05T17:22:24Z,2026-08-06T17:28:20Z,2026-08-06T17:28:20Z
usgs:av93065159,usgs,sismo,"M -0.6 - 47 km NE of King Cove, Alaska",2026-07-30T18:42:27Z,https://earthquake.usgs.gov/earthquakes/eventpage/av93065159,usgs:av93065159,"47 km NE of King Cove, Alaska",Alaska,US,-0.58,ml,,55.3958333333333,-161.865666666667,-1.16,2026-07-31T19:01:16Z,2026-08-06T17:28:20Z,2026-08-06T17:28:20Z
usgs:uu80007783,usgs,sismo,"M 1.6 - 10 km SW of Circleville, Utah",2026-07-30T18:36:11Z,https://earthquake.usgs.gov/earthquakes/eventpage/uu80007783,usgs:uu80007783,"10 km SW of Circleville, Utah",Utah,US,1.62,ml,,38.1213333333333,-112.365833333333,2.69,2026-07-30T19:19:05Z,2026-08-06T17:28:20Z,2026-08-06T17:28:20Z
usgs:uu80146577,usgs,sismo,"M 1.4 - 7 km SW of Circleville, Utah",2026-07-30T18:35:29Z,https://earthquake.usgs.gov/earthquakes/eventpage/uu80146577,usgs:uu80146577,"7 km SW of Circleville, Utah",Utah,US,1.44,ml,,38.1355,-112.339,6.36,2026-07-30T19:15:53Z,2026-08-06T17:28:20Z,2026-08-06T17:28:20Z
usgs:tx2026owxgxf,usgs,sismo,"M 1.5 - 9 km WSW of Westbrook, Texas",2026-07-30T18:29:29Z,https://earthquake.usgs.gov/earthquakes/eventpage/tx2026owxgxf,usgs:tx2026owxgxf,"9 km WSW of Westbrook, Texas",Texas,US,1.5,ml,,32.315,-101.101,8.6182,2026-07-30T21:26:59Z,2026-08-06T17:28:20Z,2026-08-06T17:28:20Z
usgs:hv75010587,usgs,sismo,"M 1.7 - 19 km NNE of Pāhala, Hawaii",2026-07-30T18:22:11Z,https://earthquake.usgs.gov/earthquakes/eventpage/hv75010587,usgs:hv75010587,"19 km NNE of Pāhala, Hawaii",Hawaii,US,1.68,ml,,19.3703333333333,-155.437,7.47,2026-07-30T19:22:28Z,2026-08-06T17:28:20Z,2026-08-06T17:28:20Z
usgs:us6000th1t,usgs,sismo,"M 4.9 - 54 km SW of Puerto Madero, Mexico",2026-07-30T18:20:36Z,https://earthquake.usgs.gov/earthquakes/eventpage/us6000th1t,usgs:us6000th1t,"54 km SW of Puerto Madero, Mexico",Mexico,US,4.9,mww,,14.4337,-92.8291,31.03,2026-07-30T19:00:25Z,2026-08-06T17:28:20Z,2026-08-06T17:28:20Z
usgs:us6000th1p,usgs,sismo,"M 4.5 - 211 km SSE of Ambon, Indonesia",2026-07-30T18:11:03Z,https://earthquake.usgs.gov/earthquakes/eventpage/us6000th1p,usgs:us6000th1p,"211 km SSE of Ambon, Indonesia",Indonesia,ID,4.5,mb,,-5.3977,129.0625,256.241,2026-07-30T19:18:23Z,2026-08-06T17:28:20Z,2026-08-06T17:28:20Z
usgs:ci40663802,usgs,otro,"M 1.2 Quarry Blast - 45 km NE of Holtville, CA",2026-07-30T18:08:17Z,https://earthquake.usgs.gov/earthquakes/eventpage/ci40663802,usgs:ci40663802,"45 km NE of Holtville, CA",CA,US,1.2,ml,,33.0548333333333,-114.9945,-0.18,2026-07-30T18:27:55Z,2026-08-06T17:28:20Z,2026-08-06T17:28:20Z
usgs:us6000th1h,usgs,sismo,"M 5.9 - 247 km NNE of Colonia, Micronesia",2026-07-30T17:55:59Z,https://earthquake.usgs.gov/earthquakes/eventpage/us6000th1h,usgs:us6000th1h,"247 km NNE of Colonia, Micronesia",Micronesia,FM,5.9,mww,verde,11.5807,138.9989,34.505,2026-07-31T18:04:41Z,2026-08-06T17:28:20Z,2026-08-06T17:28:20Z
usgs:aka2026ozgmgk,usgs,sismo,"M 2.1 - 59 km SSW of Adak, Alaska",2026-07-30T17:55:56Z,https://earthquake.usgs.gov/earthquakes/eventpage/aka2026ozgmgk,usgs:aka2026ozgmgk,"59 km SSW of Adak, Alaska",Alaska,US,2.1,ml,,51.357,-176.833,46.8,2026-08-03T18:48:04Z,2026-08-06T17:28:20Z,2026-08-06T17:28:20Z
usgs:ci40663786,usgs,sismo,"M 1.2 - 9 km NE of Borrego Springs, CA",2026-07-30T17:50:44Z,https://earthquake.usgs.gov/earthquakes/eventpage/ci40663786,usgs:ci40663786,"9 km NE of Borrego Springs, CA",CA,US,1.23,ml,,33.3155,-116.3135,12.02,2026-07-30T18:24:21Z,2026-08-06T17:28:20Z,2026-08-06T17:28:20Z
usgs:us6000th1b,usgs,sismo,M 5.2 - Kermadec Islands region,2026-07-30T17:48:15Z,https://earthquake.usgs.gov/earthquakes/eventpage/us6000th1b,usgs:us6000th1b,Kermadec Islands region,,,5.2,mb,,-31.3231,-177.9701,46.02,2026-07-30T19:10:32Z,2026-08-06T17:28:20Z,2026-08-06T17:28:20Z
usgs:ci40663778,usgs,sismo,"M 2.3 - 3 km S of Lakewood, CA",2026-07-30T17:44:33Z,https://earthquake.usgs.gov/earthquakes/eventpage/ci40663778,usgs:ci40663778,"3 km S of Lakewood, CA",CA,US,2.29,ml,,33.8285,-118.1385,12.91,2026-08-02T17:42:14Z,2026-08-06T17:28:20Z,2026-08-06T17:28:20Z
usgs:hv75010562,usgs,sismo,"M 1.7 - 9 km SSW of Pāhala, Hawaii",2026-07-30T17:29:10Z,https://earthquake.usgs.gov/earthquakes/eventpage/hv75010562,usgs:hv75010562,"9 km SSW of Pāhala, Hawaii",Hawaii,US,1.72,md,,19.1241664886475,-155.50016784668,33.2000007629395,2026-07-30T17:32:38Z,2026-08-06T17:28:20Z,2026-08-06T17:28:20Z
gdacs:FL:1104067:3,gdacs,inundacion,Green flood alert in Thailand,2026-07-30T01:00:00Z,https://www.gdacs.org/report.aspx?eventtype=FL&eventid=1104067,gdacs:FL:1104067,Thailand,Thailand,TH,0.0,,verde,17.1904453,103.9730898,,2026-08-03T12:22:07Z,2026-08-06T09:08:27Z,
gdacs:WF:1030146:1,gdacs,incendio,Green forest fire notification in Canada,2026-07-30T00:00:00Z,https://www.gdacs.org/report.aspx?eventtype=WF&eventid=1030146,gdacs:WF:1030146,Canada,Canada,CA,5096.0,ha,verde,62.06417265740406,-120.5595884131191,,2026-08-06T15:08:37Z,2026-08-06T17:28:20Z,2026-08-06T17:28:20Z
gdacs:WF:1030133:3,gdacs,incendio,Green forest fire notification in Russian Federation,2026-07-30T00:00:00Z,https://www.gdacs.org/report.aspx?eventtype=WF&eventid=1030133,gdacs:WF:1030133,Russian Federation,Russian Federation,RU,6524.0,ha,verde,68.03849065811872,100.62058314691919,,2026-08-06T07:06:40Z,2026-08-06T17:28:20Z,2026-08-06T17:28:20Z
gdacs:WF:1030133:2,gdacs,incendio,Green forest fire notification in Russian Federation,2026-07-30T00:00:00Z,https://www.gdacs.org/report.aspx?eventtype=WF&eventid=1030133,gdacs:WF:1030133,Russian Federation,Russian Federation,RU,6015.0,ha,verde,68.03744545843347,100.61992383485568,,2026-08-06T07:06:40Z,2026-08-06T11:34:43Z,
gdacs:WF:1030133:1,gdacs,incendio,Green forest fire notification in Russian Federation,2026-07-30T00:00:00Z,https://www.gdacs.org/report.aspx?eventtype=WF&eventid=1030133,gdacs:WF:1030133,Russian Federation,Russian Federation,RU,5402.0,ha,verde,68.03660102518704,100.6177003588228,,2026-08-06T07:06:40Z,2026-08-06T09:08:27Z,
gdacs:WF:1030118:2,gdacs,incendio,Green forest fire notification in The Democratic Republic of Congo,2026-07-30T00:00:00Z,https://www.gdacs.org/report.aspx?eventtype=WF&eventid=1030118,gdacs:WF:1030118,The Democratic Republic of Congo,The Democratic Republic of Congo,CD,5091.0,ha,verde,-8.103506402163802,25.53892368052395,,2026-08-06T03:08:36Z,2026-08-06T09:08:27Z,
gdacs:WF:1030118:1,gdacs,incendio,Green forest fire notification in The Democratic Republic of Congo,2026-07-30T00:00:00Z,https://www.gdacs.org/report.aspx?eventtype=WF&eventid=1030118,gdacs:WF:1030118,The Democratic Republic of Congo,The Democratic Republic of Congo,CD,5072.0,ha,verde,-8.103213752627951,25.539024358144925,,2026-08-06T03:08:36Z,2026-08-06T06:06:09Z,
gdacs:WF:1030117:2,gdacs,incendio,Green forest fire notification in Angola,2026-07-30T00:00:00Z,https://www.gdacs.org/report.aspx?eventtype=WF&eventid=1030117,gdacs:WF:1030117,Angola,Angola,AO,5622.0,ha,verde,-11.164897804708666,16.33504553806857,,2026-08-06T07:08:35Z,2026-08-06T11:34:43Z,
gdacs:WF:1030117:1,gdacs,incendio,Green forest fire notification in Angola,2026-07-30T00:00:00Z,https://www.gdacs.org/report.aspx?eventtype=WF&eventid=1030117,gdacs:WF:1030117,Angola,Angola,AO,5595.0,ha,verde,-11.164902720076414,16.334846419603487,,2026-08-06T07:08:35Z,2026-08-06T06:06:09Z,
gdacs:WF:1030067:1,gdacs,incendio,Green forest fire notification in Russian Federation,2026-07-30T00:00:00Z,https://www.gdacs.org/report.aspx?eventtype=WF&eventid=1030067,gdacs:WF:1030067,Russian Federation,Russian Federation,RU,5071.0,ha,verde,68.43521739013966,156.30407806328898,,2026-08-06T15:08:18Z,2026-08-06T06:06:09Z,2026-08-06T17:28:20Z
gdacs:WF:1030066:1,gdacs,incendio,Green forest fire notification in Russian Federation,2026-07-30T00:00:00Z,https://www.gdacs.org/report.aspx?eventtype=WF&eventid=1030066,gdacs:WF:1030066,Russian Federation,Russian Federation,RU,6544.0,ha,verde,68.51167391682931,157.12296657533062,,2026-08-06T15:09:22Z,2026-08-06T06:06:09Z,2026-08-06T17:28:20Z
gdacs:WF:1030054:3,gdacs,incendio,Green forest fire notification in Angola,2026-07-30T00:00:00Z,https://www.gdacs.org/report.aspx?eventtype=WF&eventid=1030054,gdacs:WF:1030054,Angola,Angola,AO,5236.0,ha,verde,-10.515976731503025,15.794847735414601,,2026-08-04T03:03:24Z,2026-08-06T06:06:09Z,
gdacs:WF:1030049:6,gdacs,incendio,Green forest fire notification in Tanzania,2026-07-30T00:00:00Z,https://www.gdacs.org/report.aspx?eventtype=WF&eventid=1030049,gdacs:WF:1030049,Tanzania,Tanzania,TZ,5585.0,ha,verde,-7.427584257964755,34.386637997586945,,2026-08-03T15:03:12Z,2026-08-06T06:06:09Z,
gdacs:WF:1030039:2,gdacs,incendio,Green forest fire notification in Namibia,2026-07-30T00:00:00Z,https://www.gdacs.org/report.aspx?eventtype=WF&eventid=1030039,gdacs:WF:1030039,Namibia,Namibia,NA,9025.0,ha,verde,-19.02147890217672,20.20476050852018,,2026-08-03T15:04:04Z,2026-08-06T06:06:09Z,
gdacs:WF:1030038:5,gdacs,incendio,Green forest fire notification in Angola,2026-07-30T00:00:00Z,https://www.gdacs.org/report.aspx?eventtype=WF&eventid=1030038,gdacs:WF:1030038,Angola,Angola,AO,6806.0,ha,verde,-10.342406642424454,16.16265780006126,,2026-08-03T15:03:33Z,2026-08-06T06:06:09Z,
gdacs:WF:1030032:15,gdacs,incendio,Green forest fire notification in Russian Federation,2026-07-30T00:00:00Z,https://www.gdacs.org/report.aspx?eventtype=WF&eventid=1030032,gdacs:WF:1030032,Russian Federation,Russian Federation,RU,18067.0,ha,verde,64.6005839143368,106.60252374586972,,2026-08-02T11:03:35Z,2026-08-06T17:28:20Z,2026-08-06T17:28:20Z
gdacs:WF:1030032:14,gdacs,incendio,Green forest fire notification in Russian Federation,2026-07-30T00:00:00Z,https://www.gdacs.org/report.aspx?eventtype=WF&eventid=1030032,gdacs:WF:1030032,Russian Federation,Russian Federation,RU,17512.0,ha,verde,64.60008519732777,106.60491151064943,,2026-08-02T11:03:35Z,2026-08-06T11:34:43Z,
gdacs:WF:1030032:13,gdacs,incendio,Green forest fire notification in Russian Federation,2026-07-30T00:00:00Z,https://www.gdacs.org/report.aspx?eventtype=WF&eventid=1030032,gdacs:WF:1030032,Russian Federation,Russian Federation,RU,13276.0,ha,verde,64.59418934661151,106.59109710570893,,2026-08-02T11:03:35Z,2026-08-06T09:08:27Z,
gdacs:WF:1030032:12,gdacs,incendio,Green forest fire notification in Russian Federation,2026-07-30T00:00:00Z,https://www.gdacs.org/report.aspx?eventtype=WF&eventid=1030032,gdacs:WF:1030032,Russian Federation,Russian Federation,RU,13081.0,ha,verde,64.59401465707975,106.59011164976314,,2026-08-02T11:03:35Z,2026-08-06T06:06:09Z,
gdacs:WF:1030031:20,gdacs,incendio,Green forest fire notification in Russian Federation,2026-07-30T00:00:00Z,https://www.gdacs.org/report.aspx?eventtype=WF&eventid=1030031,gdacs:WF:1030031,Russian Federation,Russian Federation,RU,22282.0,ha,verde,64.32761733509818,106.9867666518177,,2026-08-02T19:03:53Z,2026-08-06T17:28:20Z,2026-08-06T17:28:20Z
gdacs:WF:1030031:19,gdacs,incendio,Green forest fire notification in Russian Federation,2026-07-30T00:00:00Z,https://www.gdacs.org/report.aspx?eventtype=WF&eventid=1030031,gdacs:WF:1030031,Russian Federation,Russian Federation,RU,21565.0,ha,verde,64.32732527134303,106.98565053134686,,2026-08-02T19:03:53Z,2026-08-06T11:34:43Z,
gdacs:WF:1030031:18,gdacs,incendio,Green forest fire notification in Russian Federation,2026-07-30T00:00:00Z,https://www.gdacs.org/report.aspx?eventtype=WF&eventid=1030031,gdacs:WF:1030031,Russian Federation,Russian Federation,RU,17712.0,ha,verde,64.32219139953301,106.98532112858767,,2026-08-02T19:03:53Z,2026-08-06T09:08:27Z,
gdacs:WF:1030031:17,gdacs,incendio,Green forest fire notification in Russian Federation,2026-07-30T00:00:00Z,https://www.gdacs.org/report.aspx?eventtype=WF&eventid=1030031,gdacs:WF:1030031,Russian Federation,Russian Federation,RU,17650.0,ha,verde,64.32208394095564,106.9855187379392,,2026-08-02T19:03:53Z,2026-08-06T06:06:09Z,
gdacs:WF:1030024:8,gdacs,incendio,Green forest fire notification in Australia,2026-07-30T00:00:00Z,https://www.gdacs.org/report.aspx?eventtype=WF&eventid=1030024,gdacs:WF:1030024,Australia,Australia,AU,15469.0,ha,verde,-17.553299785572133,124.18579108598297,,2026-08-01T23:02:35Z,2026-08-06T06:06:09Z,
gdacs:WF:1029971:8,gdacs,incendio,Green forest fire notification in Angola,2026-07-30T00:00:00Z,https://www.gdacs.org/report.aspx?eventtype=WF&eventid=1029971,gdacs:WF:1029971,Angola,Angola,AO,8185.0,ha,verde,-8.579298118634657,20.268019910732704,,2026-08-01T03:00:36Z,2026-08-06T11:34:43Z,
gdacs:WF:1029971:7,gdacs,incendio,Green forest fire notification in Angola,2026-07-30T00:00:00Z,https://www.gdacs.org/report.aspx?eventtype=WF&eventid=1029971,gdacs:WF:1029971,Angola,Angola,AO,8171.0,ha,verde,-8.57922902141405,20.26805661975131,,2026-08-01T03:00:36Z,2026-08-06T06:06:09Z,
gdacs:WF:1029970:21,gdacs,incendio,Green forest fire notification in Russian Federation,2026-07-30T00:00:00Z,https://www.gdacs.org/report.aspx?eventtype=WF&eventid=1029970,gdacs:WF:1029970,Russian Federation,Russian Federation,RU,17776.0,ha,verde,68.33444132098575,106.71542709621579,,2026-07-31T19:00:46Z,2026-08-06T17:28:20Z,2026-08-06T17:28:20Z
gdacs:WF:1029970:20,gdacs,incendio,Green forest fire notification in Russian Federation,2026-07-30T00:00:00Z,https://www.gdacs.org/report.aspx?eventtype=WF&eventid=1029970,gdacs:WF:1029970,Russian Federation,Russian Federation,RU,17144.0,ha,verde,68.3346885807428,106.71475680612856,,2026-07-31T19:00:46Z,2026-08-06T11:34:43Z,
gdacs:WF:1029970:19,gdacs,incendio,Green forest fire notification in Russian Federation,2026-07-30T00:00:00Z,https://www.gdacs.org/report.aspx?eventtype=WF&eventid=1029970,gdacs:WF:1029970,Russian Federation,Russian Federation,RU,15941.0,ha,verde,68.33575708687,106.71453276110387,,2026-07-31T19:00:46Z,2026-08-06T09:08:27Z,
gdacs:WF:1029970:18,gdacs,incendio,Green forest fire notification in Russian Federation,2026-07-30T00:00:00Z,https://www.gdacs.org/report.aspx?eventtype=WF&eventid=1029970,gdacs:WF:1029970,Russian Federation,Russian Federation,RU,15631.0,ha,verde,68.33524697246723,106.71450418188574,,2026-07-31T19:00:46Z,2026-08-06T06:06:09Z,
gdacs:WF:1029969:9,gdacs,incendio,Green forest fire notification in Angola,2026-07-30T00:00:00Z,https://www.gdacs.org/report.aspx?eventtype=WF&eventid=1029969,gdacs:WF:1029969,Angola,Angola,AO,17102.0,ha,verde,-16.182879968007022,14.389578319737051,,2026-08-01T03:01:19Z,2026-08-06T06:06:09Z,
gdacs:WF:1030131:4,gdacs,incendio,Green forest fire notification in Russian Federation,2026-07-29T00:00:00Z,https://www.gdacs.org/report.aspx?eventtype=WF&eventid=1030131,gdacs:WF:1030131,Russian Federation,Russian Federation,RU,8604.0,ha,verde,68.25454667378352,107.4363885384061,,2026-08-06T03:10:08Z,2026-08-06T17:28:20Z,2026-08-06T17:28:20Z
gdacs:WF:1030131:3,gdacs,incendio,Green forest fire notification in Russian Federation,2026-07-29T00:00:00Z,https://www.gdacs.org/report.aspx?eventtype=WF&eventid=1030131,gdacs:WF:1030131,Russian Federation,Russian Federation,RU,7952.0,ha,verde,68.25507039751606,107.43910408117439,,2026-08-06T03:10:08Z,2026-08-06T11:34:43Z,
gdacs:WF:1030131:2,gdacs,incendio,Green forest fire notification in Russian Federation,2026-07-29T00:00:00Z,https://www.gdacs.org/report.aspx?eventtype=WF&eventid=1030131,gdacs:WF:1030131,Russian Federation,Russian Federation,RU,5243.0,ha,verde,68.2439477036203,107.42707308567516,,2026-08-06T03:10:08Z,2026-08-06T09:08:27Z,
gdacs:WF:1030131:1,gdacs,incendio,Green forest fire notification in Russian Federation,2026-07-29T00:00:00Z,https://www.gdacs.org/report.aspx?eventtype=WF&eventid=1030131,gdacs:WF:1030131,Russian Federation,Russian Federation,RU,5007.0,ha,verde,68.24259893051791,107.42710943696484,,2026-08-06T03:10:08Z,2026-08-06T06:06:09Z,
gdacs:WF:1030130:1,gdacs,incendio,Green forest fire notification in Russian Federation,2026-07-29T00:00:00Z,https://www.gdacs.org/report.aspx?eventtype=WF&eventid=1030130,gdacs:WF:1030130,Russian Federation,Russian Federation,RU,5008.0,ha,verde,65.35239673740111,93.68643567966394,,2026-08-06T15:14:23Z,2026-08-06T06:06:09Z,2026-08-06T17:28:20Z
gdacs:WF:1030119:4,gdacs,incendio,Green forest fire notification in Angola,2026-07-29T00:00:00Z,https://www.gdacs.org/report.aspx?eventtype=WF&eventid=1030119,gdacs:WF:1030119,Angola,Angola,AO,5364.0,ha,verde,-8.59086946102402,18.859143835983353,,2026-08-05T19:10:59Z,2026-08-06T11:34:43Z,
gdacs:WF:1030119:3,gdacs,incendio,Green forest fire notification in Angola,2026-07-29T00:00:00Z,https://www.gdacs.org/report.aspx?eventtype=WF&eventid=1030119,gdacs:WF:1030119,Angola,Angola,AO,5331.0,ha,verde,-8.590812191104527,18.859177094076603,,2026-08-05T19:10:59Z,2026-08-06T09:08:27Z,
gdacs:WF:1030119:2,gdacs,incendio,Green forest fire notification in Angola,2026-07-29T00:00:00Z,https://www.gdacs.org/report.aspx?eventtype=WF&eventid=1030119,gdacs:WF:1030119,Angola,Angola,AO,5310.0,ha,verde,-8.59076700554965,18.859245157656023,,2026-08-05T19:10:59Z,2026-08-06T06:06:09Z,
gdacs:WF:1030105:6,gdacs,incendio,Green forest fire notification in Russian Federation,2026-07-29T00:00:00Z,https://www.gdacs.org/report.aspx?eventtype=WF&eventid=1030105,gdacs:WF:1030105,Russian Federation,Russian Federation,RU,6145.0,ha,verde,65.19359899141556,97.8930408240661,,2026-08-05T15:10:49Z,2026-08-06T17:28:20Z,2026-08-06T17:28:20Z
gdacs:WF:1030105:5,gdacs,incendio,Green forest fire notification in Russian Federation,2026-07-29T00:00:00Z,https://www.gdacs.org/report.aspx?eventtype=WF&eventid=1030105,gdacs:WF:1030105,Russian Federation,Russian Federation,RU,6054.0,ha,verde,65.19369763659525,97.89340207013952,,2026-08-05T15:10:49Z,2026-08-06T11:34:43Z,
gdacs:WF:1030105:4,gdacs,incendio,Green forest fire notification in Russian Federation,2026-07-29T00:00:00Z,https://www.gdacs.org/report.aspx?eventtype=WF&eventid=1030105,gdacs:WF:1030105,Russian Federation,Russian Federation,RU,5777.0,ha,verde,65.19385595581606,97.89255030799661,,2026-08-05T15:10:49Z,2026-08-06T09:08:27Z,
gdacs:WF:1030105:3,gdacs,incendio,Green forest fire notification in Russian Federation,2026-07-29T00:00:00Z,https://www.gdacs.org/report.aspx?eventtype=WF&eventid=1030105,gdacs:WF:1030105,Russian Federation,Russian Federation,RU,5673.0,ha,verde,65.19429764982203,97.89240028989,,2026-08-05T15:10:49Z,2026-08-06T06:06:09Z,
gdacs:WF:1030099:8,gdacs,incendio,Green forest fire notification in Russian Federation,2026-07-29T00:00:00Z,https://www.gdacs.org/report.aspx?eventtype=WF&eventid=1030099,gdacs:WF:1030099,Russian Federation,Russian Federation,RU,15198.0,ha,verde,65.3795612103081,107.29008386398598,,2026-08-05T11:10:57Z,2026-08-06T17:28:20Z,2026-08-06T17:28:20Z
gdacs:WF:1030099:7,gdacs,incendio,Green forest fire notification in Russian Federation,2026-07-29T00:00:00Z,https://www.gdacs.org/report.aspx?eventtype=WF&eventid=1030099,gdacs:WF:1030099,Russian Federation,Russian Federation,RU,14874.0,ha,verde,65.37844971776568,107.28928429601652,,2026-08-05T11:10:57Z,2026-08-06T11:34:43Z,
gdacs:WF:1030099:6,gdacs,incendio,Green forest fire notification in Russian Federation,2026-07-29T00:00:00Z,https://www.gdacs.org/report.aspx?eventtype=WF&eventid=1030099,gdacs:WF:1030099,Russian Federation,Russian Federation,RU,10020.0,ha,verde,65.35455674458281,107.28052744597355,,2026-08-05T11:10:57Z,2026-08-06T09:08:27Z,
gdacs:WF:1030099:5,gdacs,incendio,Green forest fire notification in Russian Federation,2026-07-29T00:00:00Z,https://www.gdacs.org/report.aspx?eventtype=WF&eventid=1030099,gdacs:WF:1030099,Russian Federation,Russian Federation,RU,9800.0,ha,verde,65.35356386781787,107.28095563586899,,2026-08-05T11:10:57Z,2026-08-06T06:06:09Z,
gdacs:WF:1030090:2,gdacs,incendio,Green forest fire notification in Angola,2026-07-29T00:00:00Z,https://www.gdacs.org/report.aspx?eventtype=WF&eventid=1030090,gdacs:WF:1030090,Angola,Angola,AO,5268.0,ha,verde,-8.403939241444009,19.55738471588385,,2026-08-05T15:09:03Z,2026-08-06T06:06:09Z,
gdacs:WF:1030089:2,gdacs,incendio,Green forest fire notification in Zambia,2026-07-29T00:00:00Z,https://www.gdacs.org/report.aspx?eventtype=WF&eventid=1030089,gdacs:WF:1030089,Zambia,Zambia,ZM,5466.0,ha,verde,-12.969428497357995,27.710957204962735,,2026-08-05T15:08:56Z,2026-08-06T06:06:09Z,
gdacs:WF:1030056:3,gdacs,incendio,Green forest fire notification in Angola,2026-07-29T00:00:00Z,https://www.gdacs.org/report.aspx?eventtype=WF&eventid=1030056,gdacs:WF:1030056,Angola,Angola,AO,7121.0,ha,verde,-17.29317138753989,21.475754987431195,,2026-08-04T15:08:54Z,2026-08-06T06:06:09Z,
gdacs:WF:1030055:3,gdacs,incendio,Green forest fire notification in Angola,2026-07-29T00:00:00Z,https://www.gdacs.org/report.aspx?eventtype=WF&eventid=1030055,gdacs:WF:1030055,Angola,Angola,AO,10000.0,ha,verde,-8.415815043479611,18.890749017545563,,2026-08-04T15:09:13Z,2026-08-06T06:06:09Z,
gdacs:WF:1030034:20,gdacs,incendio,Green forest fire notification in Russian Federation,2026-07-29T00:00:00Z,https://www.gdacs.org/report.aspx?eventtype=WF&eventid=1030034,gdacs:WF:1030034,Russian Federation,Russian Federation,RU,18149.0,ha,verde,63.50336307229909,104.4736894061761,,2026-08-02T19:06:41Z,2026-08-06T17:28:20Z,2026-08-06T17:28:20Z
gdacs:WF:1030034:19,gdacs,incendio,Green forest fire notification in Russian Federation,2026-07-29T00:00:00Z,https://www.gdacs.org/report.aspx?eventtype=WF&eventid=1030034,gdacs:WF:1030034,Russian Federation,Russian Federation,RU,17025.0,ha,verde,63.50363699586231,104.47474622249187,,2026-08-02T19:06:41Z,2026-08-06T11:34:43Z,
gdacs:WF:1030034:18,gdacs,incendio,Green forest fire notification in Russian Federation,2026-07-29T00:00:00Z,https://www.gdacs.org/report.aspx?eventtype=WF&eventid=1030034,gdacs:WF:1030034,Russian Federation,Russian Federation,RU,15480.0,ha,verde,63.50325232994225,104.47412410894964,,2026-08-02T19:06:41Z,2026-08-06T09:08:27Z,
gdacs:WF:1030034:17,gdacs,incendio,Green forest fire notification in Russian Federation,2026-07-29T00:00:00Z,https://www.gdacs.org/report.aspx?eventtype=WF&eventid=1030034,gdacs:WF:1030034,Russian Federation,Russian Federation,RU,15435.0,ha,verde,63.503282207620494,104.47399414417734,,2026-08-02T19:06:41Z,2026-08-06T06:06:09Z,
gdacs:WF:1030028:5,gdacs,incendio,Green forest fire notification in The Democratic Republic of Congo,2026-07-29T00:00:00Z,https://www.gdacs.org/report.aspx?eventtype=WF&eventid=1030028,gdacs:WF:1030028,The Democratic Republic of Congo,The Democratic Republic of Congo,CD,5723.0,ha,verde,-8.879906872800955,24.061708573608982,,2026-08-02T15:04:47Z,2026-08-06T06:06:09Z,
gdacs:WF:1030025:9,gdacs,incendio,Green forest fire notification in Russian Federation,2026-07-29T00:00:00Z,https://www.gdacs.org/report.aspx?eventtype=WF&eventid=1030025,gdacs:WF:1030025,Russian Federation,Russian Federation,RU,7135.0,ha,verde,65.87494131508566,113.50251624105678,,2026-08-01T23:03:35Z,2026-08-06T09:08:27Z,
gdacs:WF:1030025:8,gdacs,incendio,Green forest fire notification in Russian Federation,2026-07-29T00:00:00Z,https://www.gdacs.org/report.aspx?eventtype=WF&eventid=1030025,gdacs:WF:1030025,Russian Federation,Russian Federation,RU,7120.0,ha,verde,65.87495477019647,113.50223561673754,,2026-08-01T23:03:35Z,2026-08-06T06:06:09Z,
gdacs:WF:1030025:11,gdacs,incendio,Green forest fire notification in Russian Federation,2026-07-29T00:00:00Z,https://www.gdacs.org/report.aspx?eventtype=WF&eventid=1030025,gdacs:WF:1030025,Russian Federation,Russian Federation,RU,7414.0,ha,verde,65.87480153700643,113.50706003843767,,2026-08-01T23:03:35Z,2026-08-06T17:28:20Z,2026-08-06T17:28:20Z
gdacs:WF:1030025:10,gdacs,incendio,Green forest fire notification in Russian Federation,2026-07-29T00:00:00Z,https://www.gdacs.org/report.aspx?eventtype=WF&eventid=1030025,gdacs:WF:1030025,Russian Federation,Russian Federation,RU,7400.0,ha,verde,65.87480619510893,113.50681810160552,,2026-08-01T23:03:35Z,2026-08-06T11:34:43Z,
gdacs:WF:1030007:3,gdacs,incendio,Green forest fire notification in Angola,2026-07-29T00:00:00Z,https://www.gdacs.org/report.aspx?eventtype=WF&eventid=1030007,gdacs:WF:1030007,Angola,Angola,AO,8514.0,ha,verde,-9.183363363531175,19.700686040939086,,2026-08-02T03:04:10Z,2026-08-06T06:06:09Z,
gdacs:WF:1030006:5,gdacs,incendio,Green forest fire notification in Namibia,2026-07-29T00:00:00Z,https://www.gdacs.org/report.aspx?eventtype=WF&eventid=1030006,gdacs:WF:1030006,Namibia,Namibia,NA,13479.0,ha,verde,-19.29088119478877,19.56764660318984,,2026-08-02T15:07:29Z,2026-08-06T06:06:09Z,
gdacs:WF:1029994:5,gdacs,incendio,Green forest fire notification in Brazil,2026-07-29T00:00:00Z,https://www.gdacs.org/report.aspx?eventtype=WF&eventid=1029994,gdacs:WF:1029994,Brazil,Brazil,BR,5390.0,ha,verde,-14.380535753664304,-48.05046689404812,,2026-08-01T19:02:54Z,2026-08-06T06:06:09Z,
gdacs:WF:1029963:25,gdacs,incendio,Green forest fire notification in Russian Federation,2026-07-29T00:00:00Z,https://www.gdacs.org/report.aspx?eventtype=WF&eventid=1029963,gdacs:WF:1029963,Russian Federation,Russian Federation,RU,10964.0,ha,verde,65.70831924381075,107.65959684356545,,2026-07-31T15:02:17Z,2026-08-06T17:28:20Z,2026-08-06T17:28:20Z
gdacs:WF:1029963:24,gdacs,incendio,Green forest fire notification in Russian Federation,2026-07-29T00:00:00Z,https://www.gdacs.org/report.aspx?eventtype=WF&eventid=1029963,gdacs:WF:1029963,Russian Federation,Russian Federation,RU,10955.0,ha,verde,65.70826441455843,107.65964965694712,,2026-07-31T15:02:17Z,2026-08-06T11:34:43Z,
gdacs:WF:1029963:23,gdacs,incendio,Green forest fire notification in Russian Federation,2026-07-29T00:00:00Z,https://www.gdacs.org/report.aspx?eventtype=WF&eventid=1029963,gdacs:WF:1029963,Russian Federation,Russian Federation,RU,10713.0,ha,verde,65.70788176416333,107.6595904153608,,2026-07-31T15:02:17Z,2026-08-06T09:08:27Z,
gdacs:WF:1029963:22,gdacs,incendio,Green forest fire notification in Russian Federation,2026-07-29T00:00:00Z,https://www.gdacs.org/report.aspx?eventtype=WF&eventid=1029963,gdacs:WF:1029963,Russian Federation,Russian Federation,RU,10705.0,ha,verde,65.70792569943632,107.65952019582971,,2026-07-31T15:02:17Z,2026-08-06T06:06:09Z,
gdacs:WF:1029962:6,gdacs,incendio,Green forest fire notification in Australia,2026-07-29T00:00:00Z,https://www.gdacs.org/report.aspx?eventtype=WF&eventid=1029962,gdacs:WF:1029962,Australia,Australia,AU,7199.0,ha,verde,-21.2936978368118,120.31855701852538,,2026-07-31T19:02:51Z,2026-08-06T06:06:09Z,
gdacs:WF:1029954:9,gdacs,incendio,Green forest fire notification in Brazil,2026-07-29T00:00:00Z,https://www.gdacs.org/report.aspx?eventtype=WF&eventid=1029954,gdacs:WF:1029954,Brazil,Brazil,BR,9021.0,ha,verde,-11.44543768082865,-50.11943753536721,,2026-07-31T11:01:26Z,2026-08-06T06:06:09Z,
gdacs:WF:1029940:7,gdacs,incendio,Green forest fire notification in Angola,2026-07-29T00:00:00Z,https://www.gdacs.org/report.aspx?eventtype=WF&eventid=1029940,gdacs:WF:1029940,Angola,Angola,AO,12753.0,ha,verde,-10.104096222243815,21.042657111787214,,2026-07-31T11:01:55Z,2026-08-06T06:06:09Z,
gdacs:WF:1029930:11,gdacs,incendio,Green forest fire notification in Australia,2026-07-29T00:00:00Z,https://www.gdacs.org/report.aspx?eventtype=WF&eventid=1029930,gdacs:WF:1029930,Australia,Australia,AU,10542.0,ha,verde,-15.485882920896366,131.3000188944044,,2026-07-30T11:00:41Z,2026-08-06T06:06:09Z,
gdacs:WF:1029927:38,gdacs,incendio,Green forest fire notification in United States,2026-07-29T00:00:00Z,https://www.gdacs.org/report.aspx?eventtype=WF&eventid=1029927,gdacs:WF:1029927,United States,United States,US,14272.0,ha,verde,37.28159754771237,-116.10974542203633,,2026-07-30T03:00:37Z,2026-08-06T17:28:20Z,2026-08-06T17:28:20Z
gdacs:WF:1029927:37,gdacs,incendio,Green forest fire notification in United States,2026-07-29T00:00:00Z,https://www.gdacs.org/report.aspx?eventtype=WF&eventid=1029927,gdacs:WF:1029927,United States,United States,US,14215.0,ha,verde,37.28172211059167,-116.10954345743009,,2026-07-30T03:00:37Z,2026-08-06T11:34:43Z,
gdacs:WF:1029927:36,gdacs,incendio,Green forest fire notification in United States,2026-07-29T00:00:00Z,https://www.gdacs.org/report.aspx?eventtype=WF&eventid=1029927,gdacs:WF:1029927,United States,United States,US,14216.0,ha,verde,37.28171867702757,-116.10953432912524,,2026-07-30T03:00:37Z,2026-08-06T06:06:09Z,
gdacs:WF:1030129:5,gdacs,incendio,Green forest fire notification in Russian Federation,2026-07-28T00:00:00Z,https://www.gdacs.org/report.aspx?eventtype=WF&eventid=1030129,gdacs:WF:1030129,Russian Federation,Russian Federation,RU,7686.0,ha,verde,68.52230768655444,110.54768423684641,,2026-08-05T23:14:31Z,2026-08-06T17:28:20Z,2026-08-06T17:28:20Z
gdacs:WF:1030129:4,gdacs,incendio,Green forest fire notification in Russian Federation,2026-07-28T00:00:00Z,https://www.gdacs.org/report.aspx?eventtype=WF&eventid=1030129,gdacs:WF:1030129,Russian Federation,Russian Federation,RU,7340.0,ha,verde,68.5226227582427,110.54905551794978,,2026-08-05T23:14:31Z,2026-08-06T11:34:43Z,
gdacs:WF:1030129:3,gdacs,incendio,Green forest fire notification in Russian Federation,2026-07-28T00:00:00Z,https://www.gdacs.org/report.aspx?eventtype=WF&eventid=1030129,gdacs:WF:1030129,Russian Federation,Russian Federation,RU,5937.0,ha,verde,68.51865949984672,110.54420205513333,,2026-08-05T23:14:31Z,2026-08-06T09:08:27Z,
gdacs:WF:1030129:2,gdacs,incendio,Green forest fire notification in Russian Federation,2026-07-28T00:00:00Z,https://www.gdacs.org/report.aspx?eventtype=WF&eventid=1030129,gdacs:WF:1030129,Russian Federation,Russian Federation,RU,5720.0,ha,verde,68.51824804968929,110.53962273458706,,2026-08-05T23:14:31Z,2026-08-06T06:06:09Z,
gdacs:WF:1030121:1,gdacs,incendio,Green forest fire notification in Zambia,2026-07-28T00:00:00Z,https://www.gdacs.org/report.aspx?eventtype=WF&eventid=1030121,gdacs:WF:1030121,Zambia,Zambia,ZM,5026.0,ha,verde,-12.41140230152831,25.045716295635145,,2026-08-06T15:17:46Z,2026-08-06T06:06:09Z,2026-08-06T17:28:20Z
gdacs:WF:1030120:1,gdacs,incendio,Green forest fire notification in Angola,2026-07-28T00:00:00Z,https://www.gdacs.org/report.aspx?eventtype=WF&eventid=1030120,gdacs:WF:1030120,Angola,Angola,AO,5066.0,ha,verde,-8.70649563255921,19.193094147188372,,2026-08-06T15:14:43Z,2026-08-06T06:06:09Z,2026-08-06T17:28:20Z
gdacs:WF:1030102:2,gdacs,incendio,Green forest fire notification in Russian Federation,2026-07-28T00:00:00Z,https://www.gdacs.org/report.aspx?eventtype=WF&eventid=1030102,gdacs:WF:1030102,Russian Federation,Russian Federation,RU,5654.0,ha,verde,68.36426944752975,83.66624981828409,,2026-08-05T11:14:34Z,2026-08-06T06:06:09Z,
gdacs:WF:1030101:3,gdacs,incendio,Green forest fire notification in Russian Federation,2026-07-28T00:00:00Z,https://www.gdacs.org/report.aspx?eventtype=WF&eventid=1030101,gdacs:WF:1030101,Russian Federation,Russian Federation,RU,6735.0,ha,verde,67.90058878580349,84.33166424427027,,2026-08-05T11:14:22Z,2026-08-06T06:06:09Z,
gdacs:WF:1030100:2,gdacs,incendio,Green forest fire notification in Australia,2026-07-28T00:00:00Z,https://www.gdacs.org/report.aspx?eventtype=WF&eventid=1030100,gdacs:WF:1030100,Australia,Australia,AU,5336.0,ha,verde,-12.089638258543001,132.81708697932538,,2026-08-06T07:11:47Z,2026-08-06T11:34:43Z,
gdacs:WF:1030100:1,gdacs,incendio,Green forest fire notification in Australia,2026-07-28T00:00:00Z,https://www.gdacs.org/report.aspx?eventtype=WF&eventid=1030100,gdacs:WF:1030100,Australia,Australia,AU,5274.0,ha,verde,-12.090014552638253,132.81735782041454,,2026-08-06T07:11:47Z,2026-08-06T06:06:09Z,
gdacs:WF:1030091:2,gdacs,incendio,Green forest fire notification in Zambia,2026-07-28T00:00:00Z,https://www.gdacs.org/report.aspx?eventtype=WF&eventid=1030091,gdacs:WF:1030091,Zambia,Zambia,ZM,5960.0,ha,verde,-12.142251326658368,25.672558905252355,,2026-08-05T15:13:23Z,2026-08-06T06:06:09Z,
gdacs:WF:1030078:3,gdacs,incendio,Green forest fire notification in Russian Federation,2026-07-28T00:00:00Z,https://www.gdacs.org/report.aspx?eventtype=WF&eventid=1030078,gdacs:WF:1030078,Russian Federation,Russian Federation,RU,5692.0,ha,verde,66.52161832625417,76.44738899299129,,2026-08-04T15:11:52Z,2026-08-06T09:08:27Z,
gdacs:WF:1030078:2,gdacs,incendio,Green forest fire notification in Russian Federation,2026-07-28T00:00:00Z,https://www.gdacs.org/report.aspx?eventtype=WF&eventid=1030078,gdacs:WF:1030078,Russian Federation,Russian Federation,RU,5692.0,ha,verde,66.52161832625417,76.44738899299129,,2026-08-04T15:11:52Z,2026-08-06T06:06:09Z,
gdacs:WF:1030076:5,gdacs,incendio,Green forest fire notification in Russian Federation,2026-07-28T00:00:00Z,https://www.gdacs.org/report.aspx?eventtype=WF&eventid=1030076,gdacs:WF:1030076,Russian Federation,Russian Federation,RU,16242.0,ha,verde,66.5163202182301,76.33348364345267,,2026-08-04T11:11:42Z,2026-08-06T17:28:20Z,2026-08-06T17:28:20Z
gdacs:WF:1030076:4,gdacs,incendio,Green forest fire notification in Russian Federation,2026-07-28T00:00:00Z,https://www.gdacs.org/report.aspx?eventtype=WF&eventid=1030076,gdacs:WF:1030076,Russian Federation,Russian Federation,RU,15087.0,ha,verde,66.514581669529,76.33733271624881,,2026-08-04T11:11:42Z,2026-08-06T11:34:43Z,
gdacs:WF:1030076:3,gdacs,incendio,Green forest fire notification in Russian Federation,2026-07-28T00:00:00Z,https://www.gdacs.org/report.aspx?eventtype=WF&eventid=1030076,gdacs:WF:1030076,Russian Federation,Russian Federation,RU,5739.0,ha,verde,66.49270174511335,76.25122209440097,,2026-08-04T11:11:42Z,2026-08-06T09:08:27Z,
gdacs:WF:1030076:2,gdacs,incendio,Green forest fire notification in Russian Federation,2026-07-28T00:00:00Z,https://www.gdacs.org/report.aspx?eventtype=WF&eventid=1030076,gdacs:WF:1030076,Russian Federation,Russian Federation,RU,5629.0,ha,verde,66.49202289946008,76.2527086180505,,2026-08-04T11:11:42Z,2026-08-06T06:06:09Z,
gdacs:WF:1030075:5,gdacs,incendio,Green forest fire notification in Russian Federation,2026-07-28T00:00:00Z,https://www.gdacs.org/report.aspx?eventtype=WF&eventid=1030075,gdacs:WF:1030075,Russian Federation,Russian Federation,RU,7687.0,ha,verde,63.53778230552205,80.75954123136133,,2026-08-04T11:10:11Z,2026-08-06T06:06:09Z,
gdacs:WF:1030058:4,gdacs,incendio,Green forest fire notification in The Democratic Republic of Congo,2026-07-28T00:00:00Z,https://www.gdacs.org/report.aspx?eventtype=WF&eventid=1030058,gdacs:WF:1030058,The Democratic Republic of Congo,The Democratic Republic of Congo,CD,7369.0,ha,verde,-9.359269861288011,22.212456125539397,,2026-08-04T15:11:15Z,2026-08-06T09:08:27Z,
gdacs:WF:1030058:3,gdacs,incendio,Green forest fire notification in The Democratic Republic of Congo,2026-07-28T00:00:00Z,https://www.gdacs.org/report.aspx?eventtype=WF&eventid=1030058,gdacs:WF:1030058,The Democratic Republic of Congo,The Democratic Republic of Congo,CD,7336.0,ha,verde,-9.359095552874651,22.212552779501898,,2026-08-04T15:11:15Z,2026-08-06T06:06:09Z,
gdacs:WF:1030057:3,gdacs,incendio,Green forest fire notification in Angola,2026-07-28T00:00:00Z,https://www.gdacs.org/report.aspx?eventtype=WF&eventid=1030057,gdacs:WF:1030057,Angola,Angola,AO,5073.0,ha,verde,-9.25497415989934,19.256767735737768,,2026-08-04T03:07:45Z,2026-08-06T06:06:09Z,
gdacs:WF:1030040:4,gdacs,incendio,Green forest fire notification in Zambia,2026-07-28T00:00:00Z,https://www.gdacs.org/report.aspx?eventtype=WF&eventid=1030040,gdacs:WF:1030040,Zambia,Zambia,ZM,5568.0,ha,verde,-9.784696801551659,29.20400176677498,,2026-08-03T11:08:07Z,2026-08-06T06:06:09Z,
gdacs:WF:1030010:6,gdacs,incendio,Green forest fire notification in Angola,2026-07-28T00:00:00Z,https://www.gdacs.org/report.aspx?eventtype=WF&eventid=1030010,gdacs:WF:1030010,Angola,Angola,AO,12161.0,ha,verde,-8.154929223956602,18.58036591414131,,2026-08-02T03:05:24Z,2026-08-06T06:06:09Z,
gdacs:WF:1030008:2,gdacs,incendio,Green forest fire notification in The Democratic Republic of Congo,2026-07-28T00:00:00Z,https://www.gdacs.org/report.aspx?eventtype=WF&eventid=1030008,gdacs:WF:1030008,The Democratic Republic of Congo,The Democratic Republic of Congo,CD,5491.0,ha,verde,-10.428316170708861,26.391200741006884,,2026-08-02T15:08:31Z,2026-08-06T06:06:09Z,
gdacs:WF:1029974:4,gdacs,incendio,Green forest fire notification in The Democratic Republic of Congo,2026-07-28T00:00:00Z,https://www.gdacs.org/report.aspx?eventtype=WF&eventid=1029974,gdacs:WF:1029974,The Democratic Republic of Congo,The Democratic Republic of Congo,CD,6085.0,ha,verde,-5.775763585002359,26.826865755542247,,2026-08-01T03:04:13Z,2026-08-06T06:06:09Z,
gdacs:WF:1029972:12,gdacs,incendio,"Green forest fire notification in The Democratic Republic of Congo, Angola",2026-07-28T00:00:00Z,https://www.gdacs.org/report.aspx?eventtype=WF&eventid=1029972,gdacs:WF:1029972,"The Democratic Republic of Congo, Angola","The Democratic Republic of Congo, Angola",CD;AO,8832.0,ha,verde,-8.903449803799173,21.919102206452774,,2026-08-01T03:04:31Z,2026-08-06T11:34:43Z,
gdacs:WF:1029972:11,gdacs,incendio,"Green forest fire notification in The Democratic Republic of Congo, Angola",2026-07-28T00:00:00Z,https://www.gdacs.org/report.aspx?eventtype=WF&eventid=1029972,gdacs:WF:1029972,"The Democratic Republic of Congo, Angola","The Democratic Republic of Congo, Angola",CD;AO,8766.0,ha,verde,-8.903004149947808,21.918952530450447,,2026-08-01T03:04:31Z,2026-08-06T09:08:27Z,
gdacs:WF:1029972:10,gdacs,incendio,"Green forest fire notification in The Democratic Republic of Congo, Angola",2026-07-28T00:00:00Z,https://www.gdacs.org/report.aspx?eventtype=WF&eventid=1029972,gdacs:WF:1029972,"The Democratic Republic of Congo, Angola","The Democratic Republic of Congo, Angola",CD;AO,8691.0,ha,verde,-8.90271481378773,21.918848388682132,,2026-08-01T03:04:31Z,2026-08-06T06:06:09Z,
gdacs:WF:1029941:10,gdacs,incendio,Green forest fire notification in Angola,2026-07-28T00:00:00Z,https://www.gdacs.org/report.aspx?eventtype=WF&eventid=1029941,gdacs:WF:1029941,Angola,Angola,AO,11588.0,ha,verde,-8.579071753891318,19.91588094838588,,2026-07-31T03:01:59Z,2026-08-06T06:06:09Z,
gdacs:WF:1029936:19,gdacs,incendio,Green forest fire notification in United States,2026-07-28T00:00:00Z,https://www.gdacs.org/report.aspx?eventtype=WF&eventid=1029936,gdacs:WF:1029936,United States,United States,US,31562.0,ha,verde,43.7046746230852,-117.89975104679469,,2026-07-30T15:01:10Z,2026-08-06T06:06:09Z,
gdacs:WF:1029933:13,gdacs,incendio,Green forest fire notification in Australia,2026-07-28T00:00:00Z,https://www.gdacs.org/report.aspx?eventtype=WF&eventid=1029933,gdacs:WF:1029933,Australia,Australia,AU,11131.0,ha,verde,-14.449982300310788,127.38578323742031,,2026-07-30T19:02:11Z,2026-08-06T11:34:43Z,
gdacs:WF:1029933:12,gdacs,incendio,Green forest fire notification in Australia,2026-07-28T00:00:00Z,https://www.gdacs.org/report.aspx?eventtype=WF&eventid=1029933,gdacs:WF:1029933,Australia,Australia,AU,11041.0,ha,verde,-14.449671773786447,127.38580771962421,,2026-07-30T19:02:11Z,2026-08-06T06:06:09Z,
gdacs:WF:1029932:6,gdacs,incendio,Green forest fire notification in Australia,2026-07-28T00:00:00Z,https://www.gdacs.org/report.aspx?eventtype=WF&eventid=1029932,gdacs:WF:1029932,Australia,Australia,AU,12865.0,ha,verde,-14.473396152287185,134.42592392843295,,2026-07-30T19:02:20Z,2026-08-06T06:06:09Z,
gdacs:WF:1029928:13,gdacs,incendio,Green forest fire notification in Portugal,2026-07-28T00:00:00Z,https://www.gdacs.org/report.aspx?eventtype=WF&eventid=1029928,gdacs:WF:1029928,Portugal,Portugal,PT,15380.0,ha,verde,41.67645247398802,-7.227458059955059,,2026-07-30T07:01:01Z,2026-08-06T06:06:09Z,
gdacs:WF:1030147:1,gdacs,incendio,Green forest fire notification in Russian Federation,2026-07-27T00:00:00Z,https://www.gdacs.org/report.aspx?eventtype=WF&eventid=1030147,gdacs:WF:1030147,Russian Federation,Russian Federation,RU,5928.0,ha,verde,64.48639350382228,100.86638289209462,,2026-08-06T15:22:15Z,2026-08-06T17:28:20Z,2026-08-06T17:28:20Z
gdacs:WF:1030124:1,gdacs,incendio,Green forest fire notification in Zambia,2026-07-27T00:00:00Z,https://www.gdacs.org/report.aspx?eventtype=WF&eventid=1030124,gdacs:WF:1030124,Zambia,Zambia,ZM,5154.0,ha,verde,-11.78950413598945,28.917123940927514,,2026-08-06T15:18:40Z,2026-08-06T06:06:09Z,2026-08-06T17:28:20Z
gdacs:WF:1030123:1,gdacs,incendio,Green forest fire notification in Zambia,2026-07-27T00:00:00Z,https://www.gdacs.org/report.aspx?eventtype=WF&eventid=1030123,gdacs:WF:1030123,Zambia,Zambia,ZM,5742.0,ha,verde,-9.074614279277005,29.62418248560302,,2026-08-06T15:20:54Z,2026-08-06T06:06:09Z,2026-08-06T17:28:20Z
gdacs:WF:1030122:1,gdacs,incendio,Green forest fire notification in Angola,2026-07-27T00:00:00Z,https://www.gdacs.org/report.aspx?eventtype=WF&eventid=1030122,gdacs:WF:1030122,Angola,Angola,AO,8608.0,ha,verde,-10.773897090237478,16.353583132207728,,2026-08-06T15:18:19Z,2026-08-06T06:06:09Z,2026-08-06T17:28:20Z
gdacs:WF:1030104:4,gdacs,incendio,Green forest fire notification in Australia,2026-07-27T00:00:00Z,https://www.gdacs.org/report.aspx?eventtype=WF&eventid=1030104,gdacs:WF:1030104,Australia,Australia,AU,6847.0,ha,verde,-11.651489399455993,131.01992901200973,,2026-08-05T15:14:37Z,2026-08-06T11:34:43Z,
gdacs:WF:1030104:3,gdacs,incendio,Green forest fire notification in Australia,2026-07-27T00:00:00Z,https://www.gdacs.org/report.aspx?eventtype=WF&eventid=1030104,gdacs:WF:1030104,Australia,Australia,AU,5678.0,ha,verde,-11.65666465100809,131.02829674154964,,2026-08-05T15:14:37Z,2026-08-06T06:06:09Z,
gdacs:WF:1030103:2,gdacs,incendio,Green forest fire notification in Russian Federation,2026-07-27T00:00:00Z,https://www.gdacs.org/report.aspx?eventtype=WF&eventid=1030103,gdacs:WF:1030103,Russian Federation,Russian Federation,RU,6218.0,ha,verde,67.34944913653888,81.92306752383078,,2026-08-05T11:15:35Z,2026-08-06T06:06:09Z,
gdacs:WF:1030080:6,gdacs,incendio,Green forest fire notification in Russian Federation,2026-07-27T00:00:00Z,https://www.gdacs.org/report.aspx?eventtype=WF&eventid=1030080,gdacs:WF:1030080,Russian Federation,Russian Federation,RU,7493.0,ha,verde,68.08008390620886,83.4256904426295,,2026-08-04T15:13:32Z,2026-08-06T06:06:09Z,
gdacs:WF:1030079:3,gdacs,incendio,Green forest fire notification in The Democratic Republic of Congo,2026-07-27T00:00:00Z,https://www.gdacs.org/report.aspx?eventtype=WF&eventid=1030079,gdacs:WF:1030079,The Democratic Republic of Congo,The Democratic Republic of Congo,CD,5941.0,ha,verde,-12.739673764911077,28.731744796140703,,2026-08-04T15:13:25Z,2026-08-06T06:06:09Z,
gdacs:WF:1030068:14,gdacs,incendio,Green forest fire notification in Russian Federation,2026-07-27T00:00:00Z,https://www.gdacs.org/report.aspx?eventtype=WF&eventid=1030068,gdacs:WF:1030068,Russian Federation,Russian Federation,RU,9026.0,ha,verde,68.26697733706385,101.55705122014413,,2026-08-04T03:11:43Z,2026-08-06T17:28:20Z,2026-08-06T17:28:20Z
gdacs:WF:1030068:13,gdacs,incendio,Green forest fire notification in Russian Federation,2026-07-27T00:00:00Z,https://www.gdacs.org/report.aspx?eventtype=WF&eventid=1030068,gdacs:WF:1030068,Russian Federation,Russian Federation,RU,8374.0,ha,verde,68.26540225083959,101.55796952934635,,2026-08-04T03:11:43Z,2026-08-06T11:34:43Z,
gdacs:WF:1030068:12,gdacs,incendio,Green forest fire notification in Russian Federation,2026-07-27T00:00:00Z,https://www.gdacs.org/report.aspx?eventtype=WF&eventid=1030068,gdacs:WF:1030068,Russian Federation,Russian Federation,RU,6997.0,ha,verde,68.2686727093594,101.54547052339679,,2026-08-04T03:11:43Z,2026-08-06T09:08:27Z,
gdacs:WF:1030068:11,gdacs,incendio,Green forest fire notification in Russian Federation,2026-07-27T00:00:00Z,https://www.gdacs.org/report.aspx?eventtype=WF&eventid=1030068,gdacs:WF:1030068,Russian Federation,Russian Federation,RU,6928.0,ha,verde,68.26859321308848,101.54607509457483,,2026-08-04T03:11:43Z,2026-08-06T06:06:09Z,
gdacs:WF:1030059:3,gdacs,incendio,Green forest fire notification in Angola,2026-07-27T00:00:00Z,https://www.gdacs.org/report.aspx?eventtype=WF&eventid=1030059,gdacs:WF:1030059,Angola,Angola,AO,7379.0,ha,verde,-9.878579870879635,20.91572264102375,,2026-08-04T15:12:37Z,2026-08-06T06:06:09Z,
gdacs:WF:1030041:3,gdacs,incendio,Green forest fire notification in Zambia,2026-07-27T00:00:00Z,https://www.gdacs.org/report.aspx?eventtype=WF&eventid=1030041,gdacs:WF:1030041,Zambia,Zambia,ZM,8178.0,ha,verde,-11.789924102461882,29.310069601841764,,2026-08-03T11:09:19Z,2026-08-06T06:06:09Z,
gdacs:WF:1030012:7,gdacs,incendio,Green forest fire notification in Zambia,2026-07-27T00:00:00Z,https://www.gdacs.org/report.aspx?eventtype=WF&eventid=1030012,gdacs:WF:1030012,Zambia,Zambia,ZM,6100.0,ha,verde,-9.623664084675944,29.121986833293125,,2026-08-02T11:10:37Z,2026-08-06T06:06:09Z,
gdacs:WF:1030011:5,gdacs,incendio,Green forest fire notification in The Democratic Republic of Congo,2026-07-27T00:00:00Z,https://www.gdacs.org/report.aspx?eventtype=WF&eventid=1030011,gdacs:WF:1030011,The Democratic Republic of Congo,The Democratic Republic of Congo,CD,5734.0,ha,verde,-9.95289840543104,22.739559451597223,,2026-08-02T03:08:21Z,2026-08-06T06:06:09Z,
gdacs:WF:1029989:7,gdacs,incendio,Green forest fire notification in Angola,2026-07-27T00:00:00Z,https://www.gdacs.org/report.aspx?eventtype=WF&eventid=1029989,gdacs:WF:1029989,Angola,Angola,AO,5838.0,ha,verde,-10.616229789003759,16.5302715487965,,2026-08-01T07:04:38Z,2026-08-06T06:06:09Z,
gdacs:WF:1029976:10,gdacs,incendio,Green forest fire notification in Angola,2026-07-27T00:00:00Z,https://www.gdacs.org/report.aspx?eventtype=WF&eventid=1029976,gdacs:WF:1029976,Angola,Angola,AO,11107.0,ha,verde,-16.770338641868573,20.74909751256041,,2026-08-01T03:05:02Z,2026-08-06T06:06:09Z,
gdacs:WF:1029926:18,gdacs,incendio,Green forest fire notification in Australia,2026-07-27T00:00:00Z,https://www.gdacs.org/report.aspx?eventtype=WF&eventid=1029926,gdacs:WF:1029926,Australia,Australia,AU,15549.0,ha,verde,-14.646787249593743,129.84739286420873,,2026-07-29T23:01:10Z,2026-08-06T11:34:43Z,
gdacs:WF:1029926:17,gdacs,incendio,Green forest fire notification in Australia,2026-07-27T00:00:00Z,https://www.gdacs.org/report.aspx?eventtype=WF&eventid=1029926,gdacs:WF:1029926,Australia,Australia,AU,14978.0,ha,verde,-14.64609211687316,129.8459323841564,,2026-07-29T23:01:10Z,2026-08-06T06:06:09Z,
gdacs:WF:1029900:42,gdacs,incendio,Green forest fire notification in United States,2026-07-27T00:00:00Z,https://www.gdacs.org/report.aspx?eventtype=WF&eventid=1029900,gdacs:WF:1029900,United States,United States,US,51805.0,ha,verde,48.734449377002846,-119.66660416119947,,2026-07-29T19:02:13Z,2026-08-06T17:28:20Z,2026-08-06T17:28:20Z
gdacs:WF:1029900:41,gdacs,incendio,Green forest fire notification in United States,2026-07-27T00:00:00Z,https://www.gdacs.org/report.aspx?eventtype=WF&eventid=1029900,gdacs:WF:1029900,United States,United States,US,50399.0,ha,verde,48.73325190035021,-119.66277255037794,,2026-07-29T19:02:13Z,2026-08-06T11:34:43Z,
gdacs:WF:1029900:40,gdacs,incendio,Green forest fire notification in United States,2026-07-27T00:00:00Z,https://www.gdacs.org/report.aspx?eventtype=WF&eventid=1029900,gdacs:WF:1029900,United States,United States,US,50266.0,ha,verde,48.73293398005125,-119.66257272607785,,2026-07-29T19:02:13Z,2026-08-06T06:06:09Z,
gdacs:WF:1029898:5,gdacs,incendio,Green forest fire notification in Angola,2026-07-27T00:00:00Z,https://www.gdacs.org/report.aspx?eventtype=WF&eventid=1029898,gdacs:WF:1029898,Angola,Angola,AO,11212.0,ha,verde,-8.701767622820222,19.858284130833646,,2026-07-30T15:02:41Z,2026-08-06T06:06:09Z,
gdacs:WF:1029866:14,gdacs,incendio,Green forest fire notification in Angola,2026-07-27T00:00:00Z,https://www.gdacs.org/report.aspx?eventtype=WF&eventid=1029866,gdacs:WF:1029866,Angola,Angola,AO,10732.0,ha,verde,-9.36743469161031,19.768470678409102,,2026-07-29T03:00:54Z,2026-08-06T06:06:09Z,
gdacs:WF:1029864:27,gdacs,incendio,Green forest fire notification in Australia,2026-07-27T00:00:00Z,https://www.gdacs.org/report.aspx?eventtype=WF&eventid=1029864,gdacs:WF:1029864,Australia,Australia,AU,29933.0,ha,verde,-17.138090585322608,136.43916938502238,,2026-07-28T23:01:04Z,2026-08-06T11:34:43Z,
gdacs:WF:1029864:26,gdacs,incendio,Green forest fire notification in Australia,2026-07-27T00:00:00Z,https://www.gdacs.org/report.aspx?eventtype=WF&eventid=1029864,gdacs:WF:1029864,Australia,Australia,AU,28893.0,ha,verde,-17.140337382059634,136.43666932592353,,2026-07-28T23:01:04Z,2026-08-06T06:06:09Z,
gdacs:TC:1001297:43,gdacs,ciclon,Orange notification for tropical cyclone DOLPHIN-26. Population affected by Category 1 (120 km/h) wind speeds or higher is 14.398 million .,2026-07-27T00:00:00Z,https://www.gdacs.org/report.aspx?eventtype=TC&eventid=1001297,gdacs:TC:1001297,"Marshall Islands, Japan, China","Marshall Islands, Japan, China",MH;JP;CN,268.5168,km/h,naranja,26.5,131.5,,2026-07-27T02:24:29Z,2026-08-06T14:36:55Z,
gdacs:TC:1001297:42,gdacs,ciclon,Orange notification for tropical cyclone DOLPHIN-26. Population affected by Category 1 (120 km/h) wind speeds or higher is 16.878 million .,2026-07-27T00:00:00Z,https://www.gdacs.org/report.aspx?eventtype=TC&eventid=1001297,gdacs:TC:1001297,"Marshall Islands, Japan, China","Marshall Islands, Japan, China",MH;JP;CN,268.5168,km/h,naranja,26.6,132.6,,2026-07-27T02:24:29Z,2026-08-06T09:08:27Z,
gdacs:TC:1001297:41,gdacs,ciclon,Orange notification for tropical cyclone DOLPHIN-26. Population affected by Category 1 (120 km/h) wind speeds or higher is 20.078 million .,2026-07-27T00:00:00Z,https://www.gdacs.org/report.aspx?eventtype=TC&eventid=1001297,gdacs:TC:1001297,"Marshall Islands, Japan, China","Marshall Islands, Japan, China",MH;JP;CN,268.5168,km/h,naranja,26.2,133.5,,2026-07-27T02:24:29Z,2026-08-06T06:06:09Z,
gdacs:WF:1030143:2,gdacs,incendio,Green forest fire notification in Russian Federation,2026-07-26T00:00:00Z,https://www.gdacs.org/report.aspx?eventtype=WF&eventid=1030143,gdacs:WF:1030143,Russian Federation,Russian Federation,RU,5076.0,ha,verde,64.51900023009516,98.09276130483144,,2026-08-06T11:23:25Z,2026-08-06T17:28:20Z,2026-08-06T17:28:20Z
gdacs:WF:1030143:1,gdacs,incendio,Green forest fire notification in Russian Federation,2026-07-26T00:00:00Z,https://www.gdacs.org/report.aspx?eventtype=WF&eventid=1030143,gdacs:WF:1030143,Russian Federation,Russian Federation,RU,5051.0,ha,verde,64.51913179259662,98.09285564648853,,2026-08-06T11:23:25Z,2026-08-06T11:34:43Z,
gdacs:WF:1030106:6,gdacs,incendio,Green forest fire notification in Russian Federation,2026-07-26T00:00:00Z,https://www.gdacs.org/report.aspx?eventtype=WF&eventid=1030106,gdacs:WF:1030106,Russian Federation,Russian Federation,RU,8289.0,ha,verde,64.34606755655085,97.39632342532933,,2026-08-05T15:19:05Z,2026-08-06T17:28:20Z,2026-08-06T17:28:20Z
gdacs:WF:1030106:5,gdacs,incendio,Green forest fire notification in Russian Federation,2026-07-26T00:00:00Z,https://www.gdacs.org/report.aspx?eventtype=WF&eventid=1030106,gdacs:WF:1030106,Russian Federation,Russian Federation,RU,8278.0,ha,verde,64.34605694115852,97.39627586274928,,2026-08-05T15:19:05Z,2026-08-06T11:34:43Z,
gdacs:WF:1030106:4,gdacs,incendio,Green forest fire notification in Russian Federation,2026-07-26T00:00:00Z,https://www.gdacs.org/report.aspx?eventtype=WF&eventid=1030106,gdacs:WF:1030106,Russian Federation,Russian Federation,RU,7525.0,ha,verde,64.34422196637348,97.40190194943894,,2026-08-05T15:19:05Z,2026-08-06T09:08:27Z,
gdacs:WF:1030106:3,gdacs,incendio,Green forest fire notification in Russian Federation,2026-07-26T00:00:00Z,https://www.gdacs.org/report.aspx?eventtype=WF&eventid=1030106,gdacs:WF:1030106,Russian Federation,Russian Federation,RU,7414.0,ha,verde,64.34384076090204,97.40248823585357,,2026-08-05T15:19:05Z,2026-08-06T06:06:09Z,
gdacs:WF:1030077:5,gdacs,incendio,Green forest fire notification in Russian Federation,2026-07-26T00:00:00Z,https://www.gdacs.org/report.aspx?eventtype=WF&eventid=1030077,gdacs:WF:1030077,Russian Federation,Russian Federation,RU,6173.0,ha,verde,67.02809798032965,81.5906798312525,,2026-08-04T11:16:41Z,2026-08-06T06:06:09Z,
gdacs:WF:1030069:12,gdacs,incendio,Green forest fire notification in Russian Federation,2026-07-26T00:00:00Z,https://www.gdacs.org/report.aspx?eventtype=WF&eventid=1030069,gdacs:WF:1030069,Russian Federation,Russian Federation,RU,6726.0,ha,verde,66.15777542482347,94.271697892958,,2026-08-04T03:13:38Z,2026-08-06T06:06:09Z,
gdacs:WF:1030061:9,gdacs,incendio,Green forest fire notification in The Democratic Republic of Congo,2026-07-26T00:00:00Z,https://www.gdacs.org/report.aspx?eventtype=WF&eventid=1030061,gdacs:WF:1030061,The Democratic Republic of Congo,The Democratic Republic of Congo,CD,18232.0,ha,verde,-7.635739902504588,26.154879857910075,,2026-08-04T03:12:37Z,2026-08-06T11:34:43Z,
gdacs:WF:1030061:8,gdacs,incendio,Green forest fire notification in The Democratic Republic of Congo,2026-07-26T00:00:00Z,https://www.gdacs.org/report.aspx?eventtype=WF&eventid=1030061,gdacs:WF:1030061,The Democratic Republic of Congo,The Democratic Republic of Congo,CD,18142.0,ha,verde,-7.6359035399256125,26.15450671029605,,2026-08-04T03:12:37Z,2026-08-06T09:08:27Z,
gdacs:WF:1030061:7,gdacs,incendio,Green forest fire notification in The Democratic Republic of Congo,2026-07-26T00:00:00Z,https://www.gdacs.org/report.aspx?eventtype=WF&eventid=1030061,gdacs:WF:1030061,The Democratic Republic of Congo,The Democratic Republic of Congo,CD,18051.0,ha,verde,-7.635821447517601,26.154313904621144,,2026-08-04T03:12:37Z,2026-08-06T06:06:09Z,
gdacs:WF:1030060:2,gdacs,incendio,Green forest fire notification in Zambia,2026-07-26T00:00:00Z,https://www.gdacs.org/report.aspx?eventtype=WF&eventid=1030060,gdacs:WF:1030060,Zambia,Zambia,ZM,5848.0,ha,verde,-13.178018708238579,27.392768300973525,,2026-08-05T15:18:51Z,2026-08-06T06:06:09Z,
gdacs:WF:1030014:3,gdacs,incendio,Green forest fire notification in Angola,2026-07-26T00:00:00Z,https://www.gdacs.org/report.aspx?eventtype=WF&eventid=1030014,gdacs:WF:1030014,Angola,Angola,AO,6418.0,ha,verde,-12.851225228616753,17.08036557448133,,2026-08-02T15:13:17Z,2026-08-06T06:06:09Z,
gdacs:WF:1030013:2,gdacs,incendio,Green forest fire notification in Zambia,2026-07-26T00:00:00Z,https://www.gdacs.org/report.aspx?eventtype=WF&eventid=1030013,gdacs:WF:1030013,Zambia,Zambia,ZM,5292.0,ha,verde,-11.524434543215406,28.679534861742702,,2026-08-02T15:13:01Z,2026-08-06T06:06:09Z,
gdacs:WF:1029978:8,gdacs,incendio,Green forest fire notification in Namibia,2026-07-26T00:00:00Z,https://www.gdacs.org/report.aspx?eventtype=WF&eventid=1029978,gdacs:WF:1029978,Namibia,Namibia,NA,24355.0,ha,verde,-18.9244868282191,20.081974197748846,,2026-07-31T19:07:12Z,2026-08-06T06:06:09Z,
gdacs:WF:1029868:40,gdacs,incendio,Green forest fire notification in United States,2026-07-26T00:00:00Z,https://www.gdacs.org/report.aspx?eventtype=WF&eventid=1029868,gdacs:WF:1029868,United States,United States,US,17014.0,ha,verde,39.64325207595222,-117.47155558389119,,2026-07-28T23:01:43Z,2026-08-06T17:28:20Z,2026-08-06T17:28:20Z
gdacs:WF:1029868:39,gdacs,incendio,Green forest fire notification in United States,2026-07-26T00:00:00Z,https://www.gdacs.org/report.aspx?eventtype=WF&eventid=1029868,gdacs:WF:1029868,United States,United States,US,17017.0,ha,verde,39.643241841525246,-117.471555062222,,2026-07-28T23:01:43Z,2026-08-06T09:08:27Z,
gdacs:WF:1029868:38,gdacs,incendio,Green forest fire notification in United States,2026-07-26T00:00:00Z,https://www.gdacs.org/report.aspx?eventtype=WF&eventid=1029868,gdacs:WF:1029868,United States,United States,US,17060.0,ha,verde,39.64307085009218,-117.47162162769989,,2026-07-28T23:01:43Z,2026-08-06T06:06:09Z,
gdacs:WF:1029834:21,gdacs,incendio,Green forest fire notification in Australia,2026-07-26T00:00:00Z,https://www.gdacs.org/report.aspx?eventtype=WF&eventid=1029834,gdacs:WF:1029834,Australia,Australia,AU,20397.0,ha,verde,-15.425130684419951,136.0657110852039,,2026-07-27T11:01:38Z,2026-08-06T11:34:43Z,
gdacs:WF:1029834:20,gdacs,incendio,Green forest fire notification in Australia,2026-07-26T00:00:00Z,https://www.gdacs.org/report.aspx?eventtype=WF&eventid=1029834,gdacs:WF:1029834,Australia,Australia,AU,18747.0,ha,verde,-15.42300963860944,136.06368216092858,,2026-07-27T11:01:38Z,2026-08-06T06:06:09Z,
gdacs:WF:1029814:14,gdacs,incendio,Green forest fire notification in Zambia,2026-07-26T00:00:00Z,https://www.gdacs.org/report.aspx?eventtype=WF&eventid=1029814,gdacs:WF:1029814,Zambia,Zambia,ZM,10251.0,ha,verde,-14.855909779489682,25.600534945005798,,2026-07-27T03:00:48Z,2026-08-06T06:06:09Z,
gdacs:WF:1029806:47,gdacs,incendio,Green forest fire notification in United States,2026-07-26T00:00:00Z,https://www.gdacs.org/report.aspx?eventtype=WF&eventid=1029806,gdacs:WF:1029806,United States,United States,US,29764.0,ha,verde,42.77644219710643,-116.90343140304421,,2026-07-26T15:00:50Z,2026-08-06T17:28:20Z,2026-08-06T17:28:20Z
gdacs:WF:1029806:46,gdacs,incendio,Green forest fire notification in United States,2026-07-26T00:00:00Z,https://www.gdacs.org/report.aspx?eventtype=WF&eventid=1029806,gdacs:WF:1029806,United States,United States,US,29129.0,ha,verde,42.777190813685166,-116.9067712535865,,2026-07-26T15:00:50Z,2026-08-06T11:34:43Z,
gdacs:WF:1029806:45,gdacs,incendio,Green forest fire notification in United States,2026-07-26T00:00:00Z,https://www.gdacs.org/report.aspx?eventtype=WF&eventid=1029806,gdacs:WF:1029806,United States,United States,US,29408.0,ha,verde,42.77675711679944,-116.90495147475681,,2026-07-26T15:00:50Z,2026-08-06T06:06:09Z,
gdacs:FL:1104051:5,gdacs,inundacion,Red flood alert in China,2026-07-25T01:00:00Z,https://www.gdacs.org/report.aspx?eventtype=FL&eventid=1104051,gdacs:FL:1104051,China,China,CN,0.0,,roja,35.5895959,109.3013107,,2026-07-27T08:20:52Z,2026-08-06T06:06:09Z,
gdacs:WF:1030050:6,gdacs,incendio,Green forest fire notification in Zambia,2026-07-25T00:00:00Z,https://www.gdacs.org/report.aspx?eventtype=WF&eventid=1030050,gdacs:WF:1030050,Zambia,Zambia,ZM,6321.0,ha,verde,-10.866116118169426,30.225702037559866,,2026-08-03T15:15:56Z,2026-08-06T06:06:09Z,
gdacs:WF:1030033:9,gdacs,incendio,Green forest fire notification in Australia,2026-07-25T00:00:00Z,https://www.gdacs.org/report.aspx?eventtype=WF&eventid=1030033,gdacs:WF:1030033,Australia,Australia,AU,6582.0,ha,verde,-11.347115024593085,131.26571210747514,,2026-08-02T11:15:44Z,2026-08-06T06:06:09Z,
gdacs:WF:1030033:10,gdacs,incendio,Green forest fire notification in Australia,2026-07-25T00:00:00Z,https://www.gdacs.org/report.aspx?eventtype=WF&eventid=1030033,gdacs:WF:1030033,Australia,Australia,AU,6861.0,ha,verde,-11.348156172531084,131.26568607780868,,2026-08-02T11:15:44Z,2026-08-06T14:36:55Z,
gdacs:WF:1029990:11,gdacs,incendio,Green forest fire notification in Zambia,2026-07-25T00:00:00Z,https://www.gdacs.org/report.aspx?eventtype=WF&eventid=1029990,gdacs:WF:1029990,Zambia,Zambia,ZM,7616.0,ha,verde,-13.196090006732243,27.51545865516363,,2026-08-01T15:09:38Z,2026-08-06T09:08:27Z,
gdacs:WF:1029990:10,gdacs,incendio,Green forest fire notification in Zambia,2026-07-25T00:00:00Z,https://www.gdacs.org/report.aspx?eventtype=WF&eventid=1029990,gdacs:WF:1029990,Zambia,Zambia,ZM,7546.0,ha,verde,-13.196183914813568,27.51518346096392,,2026-08-01T15:09:38Z,2026-08-06T06:06:09Z,
gdacs:WF:1029979:8,gdacs,incendio,Green forest fire notification in Angola,2026-07-25T00:00:00Z,https://www.gdacs.org/report.aspx?eventtype=WF&eventid=1029979,gdacs:WF:1029979,Angola,Angola,AO,12032.0,ha,verde,-9.045392672645622,18.558385109242213,,2026-08-01T15:10:33Z,2026-08-06T09:08:27Z,
gdacs:WF:1029979:7,gdacs,incendio,Green forest fire notification in Angola,2026-07-25T00:00:00Z,https://www.gdacs.org/report.aspx?eventtype=WF&eventid=1029979,gdacs:WF:1029979,Angola,Angola,AO,12033.0,ha,verde,-9.045392883616936,18.55839108379935,,2026-08-01T15:10:33Z,2026-08-06T06:06:09Z,
gdacs:WF:1029937:7,gdacs,incendio,Green forest fire notification in The Democratic Republic of Congo,2026-07-25T00:00:00Z,https://www.gdacs.org/report.aspx?eventtype=WF&eventid=1029937,gdacs:WF:1029937,The Democratic Republic of Congo,The Democratic Republic of Congo,CD,8015.0,ha,verde,-7.345115675729894,29.29275980004836,,2026-07-30T15:05:39Z,2026-08-06T06:06:09Z,
gdacs:WF:1029903:4,gdacs,incendio,Green forest fire notification in Tanzania,2026-07-25T00:00:00Z,https://www.gdacs.org/report.aspx?eventtype=WF&eventid=1029903,gdacs:WF:1029903,Tanzania,Tanzania,TZ,6320.0,ha,verde,-5.4759220979998355,31.95625050647204,,2026-07-31T15:07:47Z,2026-08-06T06:06:09Z,
gdacs:WF:1029895:24,gdacs,incendio,Green forest fire notification in Russian Federation,2026-07-25T00:00:00Z,https://www.gdacs.org/report.aspx?eventtype=WF&eventid=1029895,gdacs:WF:1029895,Russian Federation,Russian Federation,RU,14090.0,ha,verde,66.1143379698317,118.90846887672399,,2026-07-29T11:02:08Z,2026-08-06T17:28:20Z,2026-08-06T17:28:20Z
gdacs:WF:1029895:23,gdacs,incendio,Green forest fire notification in Russian Federation,2026-07-25T00:00:00Z,https://www.gdacs.org/report.aspx?eventtype=WF&eventid=1029895,gdacs:WF:1029895,Russian Federation,Russian Federation,RU,14083.0,ha,verde,66.11430213711277,118.90846772875541,,2026-07-29T11:02:08Z,2026-08-06T14:36:55Z,
gdacs:WF:1029895:22,gdacs,incendio,Green forest fire notification in Russian Federation,2026-07-25T00:00:00Z,https://www.gdacs.org/report.aspx?eventtype=WF&eventid=1029895,gdacs:WF:1029895,Russian Federation,Russian Federation,RU,13886.0,ha,verde,66.11346602374164,118.90863472379274,,2026-07-29T11:02:08Z,2026-08-06T06:06:09Z,
gdacs:WF:1029815:27,gdacs,incendio,Green forest fire notification in Angola,2026-07-25T00:00:00Z,https://www.gdacs.org/report.aspx?eventtype=WF&eventid=1029815,gdacs:WF:1029815,Angola,Angola,AO,13482.0,ha,verde,-9.315106714600503,21.049744203201318,,2026-07-27T03:02:33Z,2026-08-06T06:06:09Z,
gdacs:WF:1029807:52,gdacs,incendio,Green forest fire notification in United States,2026-07-25T00:00:00Z,https://www.gdacs.org/report.aspx?eventtype=WF&eventid=1029807,gdacs:WF:1029807,United States,United States,US,61816.0,ha,verde,42.500640501538726,-116.93359791376731,,2026-07-26T15:01:19Z,2026-08-06T17:28:20Z,2026-08-06T17:28:20Z
gdacs:WF:1029807:51,gdacs,incendio,Green forest fire notification in United States,2026-07-25T00:00:00Z,https://www.gdacs.org/report.aspx?eventtype=WF&eventid=1029807,gdacs:WF:1029807,United States,United States,US,56470.0,ha,verde,42.51332505605473,-116.94308271018114,,2026-07-26T15:01:19Z,2026-08-06T14:36:55Z,
gdacs:WF:1029807:50,gdacs,incendio,Green forest fire notification in United States,2026-07-25T00:00:00Z,https://www.gdacs.org/report.aspx?eventtype=WF&eventid=1029807,gdacs:WF:1029807,United States,United States,US,57074.0,ha,verde,42.51237183897982,-116.94172493965063,,2026-07-26T15:01:19Z,2026-08-06T06:06:09Z,
gdacs:WF:1029749:38,gdacs,incendio,Green forest fire notification in United States,2026-07-25T00:00:00Z,https://www.gdacs.org/report.aspx?eventtype=WF&eventid=1029749,gdacs:WF:1029749,United States,United States,US,39705.0,ha,verde,43.6713837045529,-119.25573166580715,,2026-07-25T15:00:31Z,2026-08-06T06:06:09Z,
gdacs:TC:1001296:39,gdacs,ciclon,Green notification for tropical cyclone GENEVIEVE-26. Population affected by Category 1 (120 km/h) wind speeds or higher is 0  (0 in Tropical Storm).,2026-07-24T15:00:00Z,https://www.gdacs.org/report.aspx?eventtype=TC&eventid=1001296,gdacs:TC:1001296,,,,259.2576,km/h,verde,24.8,-139.5,,2026-07-24T14:55:20Z,2026-08-06T06:06:09Z,
gdacs:WF:1030125:2,gdacs,incendio,Green forest fire notification in The Democratic Republic of Congo,2026-07-24T00:00:00Z,https://www.gdacs.org/report.aspx?eventtype=WF&eventid=1030125,gdacs:WF:1030125,The Democratic Republic of Congo,The Democratic Republic of Congo,CD,5698.0,ha,verde,-5.632721781499723,26.85082220267145,,2026-08-06T03:27:42Z,2026-08-06T09:08:27Z,
gdacs:WF:1030125:1,gdacs,incendio,Green forest fire notification in The Democratic Republic of Congo,2026-07-24T00:00:00Z,https://www.gdacs.org/report.aspx?eventtype=WF&eventid=1030125,gdacs:WF:1030125,The Democratic Republic of Congo,The Democratic Republic of Congo,CD,5698.0,ha,verde,-5.632721781499723,26.85082220267145,,2026-08-06T03:27:42Z,2026-08-06T06:06:09Z,
gdacs:WF:1030081:1,gdacs,incendio,Green forest fire notification in Russian Federation,2026-07-24T00:00:00Z,https://www.gdacs.org/report.aspx?eventtype=WF&eventid=1030081,gdacs:WF:1030081,Russian Federation,Russian Federation,RU,5037.0,ha,verde,66.49073332591377,74.75595644255259,,2026-08-06T15:30:25Z,2026-08-06T06:06:09Z,2026-08-06T17:28:20Z
gdacs:WF:1030043:3,gdacs,incendio,Green forest fire notification in Australia,2026-07-24T00:00:00Z,https://www.gdacs.org/report.aspx?eventtype=WF&eventid=1030043,gdacs:WF:1030043,Australia,Australia,AU,5370.0,ha,verde,-12.037643730290926,142.10049010764072,,2026-08-03T07:16:04Z,2026-08-06T06:06:09Z,
gdacs:WF:1030026:9,gdacs,incendio,Green forest fire notification in Australia,2026-07-24T00:00:00Z,https://www.gdacs.org/report.aspx?eventtype=WF&eventid=1030026,gdacs:WF:1030026,Australia,Australia,AU,6500.0,ha,verde,-15.44312498506962,127.65746070584336,,2026-08-02T07:18:37Z,2026-08-06T06:06:09Z,
gdacs:WF:1030026:10,gdacs,incendio,Green forest fire notification in Australia,2026-07-24T00:00:00Z,https://www.gdacs.org/report.aspx?eventtype=WF&eventid=1030026,gdacs:WF:1030026,Australia,Australia,AU,6527.0,ha,verde,-15.443146390467678,127.65761104832417,,2026-08-02T07:18:37Z,2026-08-06T14:36:55Z,
gdacs:WF:1030017:6,gdacs,incendio,Green forest fire notification in The Democratic Republic of Congo,2026-07-24T00:00:00Z,https://www.gdacs.org/report.aspx?eventtype=WF&eventid=1030017,gdacs:WF:1030017,The Democratic Republic of Congo,The Democratic Republic of Congo,CD,8543.0,ha,verde,-9.717852511785376,28.30467203525766,,2026-08-02T15:21:40Z,2026-08-06T06:06:09Z,
gdacs:WF:1029997:12,gdacs,incendio,Green forest fire notification in Australia,2026-07-24T00:00:00Z,https://www.gdacs.org/report.aspx?eventtype=WF&eventid=1029997,gdacs:WF:1029997,Australia,Australia,AU,12019.0,ha,verde,-14.001961525036164,130.50474740150358,,2026-08-01T19:17:52Z,2026-08-06T14:36:55Z,
gdacs:WF:1029997:11,gdacs,incendio,Green forest fire notification in Australia,2026-07-24T00:00:00Z,https://www.gdacs.org/report.aspx?eventtype=WF&eventid=1029997,gdacs:WF:1029997,Australia,Australia,AU,10271.0,ha,verde,-14.005270496102094,130.5025985545696,,2026-08-01T19:17:52Z,2026-08-06T06:06:09Z,
gdacs:WF:1029981:9,gdacs,incendio,Green forest fire notification in Angola,2026-07-24T00:00:00Z,https://www.gdacs.org/report.aspx?eventtype=WF&eventid=1029981,gdacs:WF:1029981,Angola,Angola,AO,13581.0,ha,verde,-9.39905678333405,18.5686205900445,,2026-08-01T15:15:23Z,2026-08-06T06:06:09Z,
gdacs:WF:1029980:5,gdacs,incendio,Green forest fire notification in Zambia,2026-07-24T00:00:00Z,https://www.gdacs.org/report.aspx?eventtype=WF&eventid=1029980,gdacs:WF:1029980,Zambia,Zambia,ZM,9087.0,ha,verde,-13.00553454793246,27.44362608376903,,2026-08-01T15:16:15Z,2026-08-06T06:06:09Z,
gdacs:WF:1029942:4,gdacs,incendio,Green forest fire notification in Angola,2026-07-24T00:00:00Z,https://www.gdacs.org/report.aspx?eventtype=WF&eventid=1029942,gdacs:WF:1029942,Angola,Angola,AO,8226.0,ha,verde,-9.02840070515816,18.422484970347224,,2026-07-31T15:11:40Z,2026-08-06T06:06:09Z,
gdacs:WF:1029907:11,gdacs,incendio,Green forest fire notification in Angola,2026-07-24T00:00:00Z,https://www.gdacs.org/report.aspx?eventtype=WF&eventid=1029907,gdacs:WF:1029907,Angola,Angola,AO,8073.0,ha,verde,-8.908626241130884,19.288143096392837,,2026-07-30T03:07:45Z,2026-08-06T06:06:09Z,
gdacs:WF:1029843:46,gdacs,incendio,Green forest fire notification in United States,2026-07-24T00:00:00Z,https://www.gdacs.org/report.aspx?eventtype=WF&eventid=1029843,gdacs:WF:1029843,United States,United States,US,25408.0,ha,verde,45.30321435948553,-121.45453292037101,,2026-07-27T15:04:07Z,2026-08-06T17:28:20Z,2026-08-06T17:28:20Z
gdacs:WF:1029843:45,gdacs,incendio,Green forest fire notification in United States,2026-07-24T00:00:00Z,https://www.gdacs.org/report.aspx?eventtype=WF&eventid=1029843,gdacs:WF:1029843,United States,United States,US,24703.0,ha,verde,45.301921715868836,-121.45217208601689,,2026-07-27T15:04:07Z,2026-08-06T14:36:55Z,
gdacs:WF:1029843:44,gdacs,incendio,Green forest fire notification in United States,2026-07-24T00:00:00Z,https://www.gdacs.org/report.aspx?eventtype=WF&eventid=1029843,gdacs:WF:1029843,United States,United States,US,24462.0,ha,verde,45.301150331654995,-121.45103931957824,,2026-07-27T15:04:07Z,2026-08-06T06:06:09Z,
gdacs:WF:1029842:32,gdacs,incendio,Green forest fire notification in Russian Federation,2026-07-24T00:00:00Z,https://www.gdacs.org/report.aspx?eventtype=WF&eventid=1029842,gdacs:WF:1029842,Russian Federation,Russian Federation,RU,39260.0,ha,verde,66.47911900893502,117.67187739406903,,2026-07-27T15:04:01Z,2026-08-06T17:28:20Z,2026-08-06T17:28:20Z
gdacs:WF:1029842:31,gdacs,incendio,Green forest fire notification in Russian Federation,2026-07-24T00:00:00Z,https://www.gdacs.org/report.aspx?eventtype=WF&eventid=1029842,gdacs:WF:1029842,Russian Federation,Russian Federation,RU,38700.0,ha,verde,66.4796622231049,117.67476496887599,,2026-07-27T15:04:01Z,2026-08-06T14:36:55Z,
gdacs:WF:1029842:30,gdacs,incendio,Green forest fire notification in Russian Federation,2026-07-24T00:00:00Z,https://www.gdacs.org/report.aspx?eventtype=WF&eventid=1029842,gdacs:WF:1029842,Russian Federation,Russian Federation,RU,37159.0,ha,verde,66.48015069864968,117.68726896770153,,2026-07-27T15:04:01Z,2026-08-06T06:06:09Z,
gdacs:WF:1029809:19,gdacs,incendio,Green forest fire notification in United States,2026-07-24T00:00:00Z,https://www.gdacs.org/report.aspx?eventtype=WF&eventid=1029809,gdacs:WF:1029809,United States,United States,US,19740.0,ha,verde,44.491685738590064,-117.26641892211903,,2026-07-26T15:03:15Z,2026-08-06T06:06:09Z,
gdacs:WF:1029795:24,gdacs,incendio,Green forest fire notification in Australia,2026-07-24T00:00:00Z,https://www.gdacs.org/report.aspx?eventtype=WF&eventid=1029795,gdacs:WF:1029795,Australia,Australia,AU,17498.0,ha,verde,-21.667694046027478,126.98790843728351,,2026-07-26T07:02:16Z,2026-08-06T06:06:09Z,
gdacs:WF:1029750:45,gdacs,incendio,Green forest fire notification in United States,2026-07-24T00:00:00Z,https://www.gdacs.org/report.aspx?eventtype=WF&eventid=1029750,gdacs:WF:1029750,United States,United States,US,22316.0,ha,verde,44.414506914303495,-119.79893027770757,,2026-07-25T15:00:57Z,2026-08-06T17:28:20Z,2026-08-06T17:28:20Z
gdacs:WF:1029750:44,gdacs,incendio,Green forest fire notification in United States,2026-07-24T00:00:00Z,https://www.gdacs.org/report.aspx?eventtype=WF&eventid=1029750,gdacs:WF:1029750,United States,United States,US,22195.0,ha,verde,44.41474949816436,-119.7994268471683,,2026-07-25T15:00:57Z,2026-08-06T14:36:55Z,
gdacs:WF:1029750:43,gdacs,incendio,Green forest fire notification in United States,2026-07-24T00:00:00Z,https://www.gdacs.org/report.aspx?eventtype=WF&eventid=1029750,gdacs:WF:1029750,United States,United States,US,22270.0,ha,verde,44.41451175002834,-119.79891651364083,,2026-07-25T15:00:57Z,2026-08-06T06:06:09Z,
gdacs:WF:1029736:32,gdacs,incendio,Green forest fire notification in Bolivia,2026-07-24T00:00:00Z,https://www.gdacs.org/report.aspx?eventtype=WF&eventid=1029736,gdacs:WF:1029736,Bolivia,Bolivia,BO,7503.0,ha,verde,-17.41056915045885,-59.531013967492555,,2026-07-25T23:01:06Z,2026-08-06T14:36:55Z,
gdacs:WF:1029736:31,gdacs,incendio,Green forest fire notification in Bolivia,2026-07-24T00:00:00Z,https://www.gdacs.org/report.aspx?eventtype=WF&eventid=1029736,gdacs:WF:1029736,Bolivia,Bolivia,BO,7497.0,ha,verde,-17.41056008993797,-59.531028130089624,,2026-07-25T23:01:06Z,2026-08-06T06:06:09Z,
gdacs:WF:1029735:20,gdacs,incendio,Green forest fire notification in Australia,2026-07-24T00:00:00Z,https://www.gdacs.org/report.aspx?eventtype=WF&eventid=1029735,gdacs:WF:1029735,Australia,Australia,AU,17562.0,ha,verde,-12.977020008495236,131.9047633812976,,2026-07-25T19:01:48Z,2026-08-06T06:06:09Z,
gdacs:WF:1030126:1,gdacs,incendio,Green forest fire notification in Zambia,2026-07-23T00:00:00Z,https://www.gdacs.org/report.aspx?eventtype=WF&eventid=1030126,gdacs:WF:1030126,Zambia,Zambia,ZM,6181.0,ha,verde,-12.35081388126274,26.665556368231446,,2026-08-06T15:35:45Z,2026-08-06T06:06:09Z,2026-08-06T17:28:20Z
gdacs:WF:1030082:7,gdacs,incendio,Green forest fire notification in Australia,2026-07-23T00:00:00Z,https://www.gdacs.org/report.aspx?eventtype=WF&eventid=1030082,gdacs:WF:1030082,Australia,Australia,AU,7226.0,ha,verde,-12.858711117934579,131.51256765975012,,2026-08-04T19:26:49Z,2026-08-06T14:36:55Z,
gdacs:WF:1030082:6,gdacs,incendio,Green forest fire notification in Australia,2026-07-23T00:00:00Z,https://www.gdacs.org/report.aspx?eventtype=WF&eventid=1030082,gdacs:WF:1030082,Australia,Australia,AU,6919.0,ha,verde,-12.857149005965853,131.51245528590633,,2026-08-04T19:26:49Z,2026-08-06T06:06:09Z,
gdacs:WF:1030062:3,gdacs,incendio,Green forest fire notification in Angola,2026-07-23T00:00:00Z,https://www.gdacs.org/report.aspx?eventtype=WF&eventid=1030062,gdacs:WF:1030062,Angola,Angola,AO,9828.0,ha,verde,-10.23939180486714,16.843428695013273,,2026-08-04T15:27:02Z,2026-08-06T06:06:09Z,
gdacs:WF:1029967:14,gdacs,incendio,Green forest fire notification in Australia,2026-07-23T00:00:00Z,https://www.gdacs.org/report.aspx?eventtype=WF&eventid=1029967,gdacs:WF:1029967,Australia,Australia,AU,13964.0,ha,verde,-17.72251625365448,138.31641276811163,,2026-07-31T15:14:38Z,2026-08-06T14:36:55Z,
gdacs:WF:1029967:13,gdacs,incendio,Green forest fire notification in Australia,2026-07-23T00:00:00Z,https://www.gdacs.org/report.aspx?eventtype=WF&eventid=1029967,gdacs:WF:1029967,Australia,Australia,AU,12880.0,ha,verde,-17.724519766840302,138.3261511917188,,2026-07-31T15:14:38Z,2026-08-06T06:06:09Z,
gdacs:WF:1029961:10,gdacs,incendio,Green forest fire notification in Australia,2026-07-23T00:00:00Z,https://www.gdacs.org/report.aspx?eventtype=WF&eventid=1029961,gdacs:WF:1029961,Australia,Australia,AU,6732.0,ha,verde,-12.441104201029658,141.7406484836903,,2026-07-31T11:14:39Z,2026-08-06T06:06:09Z,
gdacs:WF:1029943:7,gdacs,incendio,Green forest fire notification in Angola,2026-07-23T00:00:00Z,https://www.gdacs.org/report.aspx?eventtype=WF&eventid=1029943,gdacs:WF:1029943,Angola,Angola,AO,8562.0,ha,verde,-10.150038901430596,19.46243099778977,,2026-07-31T15:15:39Z,2026-08-06T06:06:09Z,
gdacs:WF:1029929:21,gdacs,incendio,Green forest fire notification in Zambia,2026-07-23T00:00:00Z,https://www.gdacs.org/report.aspx?eventtype=WF&eventid=1029929,gdacs:WF:1029929,Zambia,Zambia,ZM,21778.0,ha,verde,-15.882953917936291,25.586769972352045,,2026-07-30T15:10:55Z,2026-08-06T09:08:27Z,
gdacs:WF:1029929:20,gdacs,incendio,Green forest fire notification in Zambia,2026-07-23T00:00:00Z,https://www.gdacs.org/report.aspx?eventtype=WF&eventid=1029929,gdacs:WF:1029929,Zambia,Zambia,ZM,21278.0,ha,verde,-15.883422559064536,25.585091492651745,,2026-07-30T15:10:55Z,2026-08-06T06:06:09Z,
gdacs:WF:1029912:9,gdacs,incendio,Green forest fire notification in Angola,2026-07-23T00:00:00Z,https://www.gdacs.org/report.aspx?eventtype=WF&eventid=1029912,gdacs:WF:1029912,Angola,Angola,AO,17184.0,ha,verde,-10.006225586898301,16.958339839082686,,2026-07-30T15:12:05Z,2026-08-06T06:06:09Z,
gdacs:WF:1029911:12,gdacs,incendio,Green forest fire notification in Angola,2026-07-23T00:00:00Z,https://www.gdacs.org/report.aspx?eventtype=WF&eventid=1029911,gdacs:WF:1029911,Angola,Angola,AO,11165.0,ha,verde,-10.626957473427279,16.28502037336534,,2026-07-30T03:13:53Z,2026-08-06T06:06:09Z,
gdacs:WF:1029910:8,gdacs,incendio,Green forest fire notification in Angola,2026-07-23T00:00:00Z,https://www.gdacs.org/report.aspx?eventtype=WF&eventid=1029910,gdacs:WF:1029910,Angola,Angola,AO,16793.0,ha,verde,-10.461612536709374,16.43533727966342,,2026-07-30T15:09:05Z,2026-08-06T06:06:09Z,
gdacs:WF:1029909:6,gdacs,incendio,Green forest fire notification in Angola,2026-07-23T00:00:00Z,https://www.gdacs.org/report.aspx?eventtype=WF&eventid=1029909,gdacs:WF:1029909,Angola,Angola,AO,7477.0,ha,verde,-10.883069030114225,17.165398266715748,,2026-07-30T15:12:35Z,2026-08-06T06:06:09Z,
gdacs:WF:1029877:16,gdacs,incendio,Green forest fire notification in Australia,2026-07-23T00:00:00Z,https://www.gdacs.org/report.aspx?eventtype=WF&eventid=1029877,gdacs:WF:1029877,Australia,Australia,AU,7641.0,ha,verde,-13.522003398889455,132.26930667985434,,2026-07-29T07:07:29Z,2026-08-06T14:36:55Z,
gdacs:WF:1029877:15,gdacs,incendio,Green forest fire notification in Australia,2026-07-23T00:00:00Z,https://www.gdacs.org/report.aspx?eventtype=WF&eventid=1029877,gdacs:WF:1029877,Australia,Australia,AU,7535.0,ha,verde,-13.521926071710093,132.26850251860134,,2026-07-29T07:07:29Z,2026-08-06T06:06:09Z,
gdacs:WF:1029862:8,gdacs,incendio,Green forest fire notification in Angola,2026-07-23T00:00:00Z,https://www.gdacs.org/report.aspx?eventtype=WF&eventid=1029862,gdacs:WF:1029862,Angola,Angola,AO,6668.0,ha,verde,-10.395688251802296,15.640454532986443,,2026-07-28T19:07:14Z,2026-08-06T06:06:09Z,
gdacs:WF:1029850:6,gdacs,incendio,Green forest fire notification in Angola,2026-07-23T00:00:00Z,https://www.gdacs.org/report.aspx?eventtype=WF&eventid=1029850,gdacs:WF:1029850,Angola,Angola,AO,9499.0,ha,verde,-8.590690969904097,19.45291531290806,,2026-07-28T19:06:33Z,2026-08-06T06:06:09Z,
gdacs:WF:1029819:10,gdacs,incendio,Green forest fire notification in Angola,2026-07-23T00:00:00Z,https://www.gdacs.org/report.aspx?eventtype=WF&eventid=1029819,gdacs:WF:1029819,Angola,Angola,AO,10243.0,ha,verde,-9.010079421182358,19.305637519465147,,2026-07-27T03:06:40Z,2026-08-06T06:06:09Z,
gdacs:WF:1029781:13,gdacs,incendio,Green forest fire notification in Australia,2026-07-23T00:00:00Z,https://www.gdacs.org/report.aspx?eventtype=WF&eventid=1029781,gdacs:WF:1029781,Australia,Australia,AU,11480.0,ha,verde,-12.266878890129872,142.12682301593895,,2026-07-26T07:03:04Z,2026-08-06T06:06:09Z,
gdacs:WF:1029714:19,gdacs,incendio,Green forest fire notification in Russian Federation,2026-07-23T00:00:00Z,https://www.gdacs.org/report.aspx?eventtype=WF&eventid=1029714,gdacs:WF:1029714,Russian Federation,Russian Federation,RU,34609.0,ha,verde,68.60110225055261,155.6250024045732,,2026-07-25T03:01:03Z,2026-08-06T06:06:09Z,
gdacs:WF:1030092:1,gdacs,incendio,Green forest fire notification in Angola,2026-07-22T00:00:00Z,https://www.gdacs.org/report.aspx?eventtype=WF&eventid=1030092,gdacs:WF:1030092,Angola,Angola,AO,5018.0,ha,verde,-9.762679026752933,19.596428392720586,,2026-08-06T15:39:55Z,2026-08-06T06:06:09Z,2026-08-06T17:28:20Z
gdacs:WF:1030064:6,gdacs,incendio,Green forest fire notification in Angola,2026-07-22T00:00:00Z,https://www.gdacs.org/report.aspx?eventtype=WF&eventid=1030064,gdacs:WF:1030064,Angola,Angola,AO,6465.0,ha,verde,-11.101839332359749,16.692918789689525,,2026-08-04T03:26:32Z,2026-08-06T06:06:09Z,
gdacs:WF:1030063:3,gdacs,incendio,Green forest fire notification in The Democratic Republic of Congo,2026-07-22T00:00:00Z,https://www.gdacs.org/report.aspx?eventtype=WF&eventid=1030063,gdacs:WF:1030063,The Democratic Republic of Congo,The Democratic Republic of Congo,CD,7063.0,ha,verde,-7.181601353275879,28.218845669115243,,2026-08-04T15:32:38Z,2026-08-06T06:06:09Z,
gdacs:WF:1030047:6,gdacs,incendio,Green forest fire notification in Russian Federation,2026-07-22T00:00:00Z,https://www.gdacs.org/report.aspx?eventtype=WF&eventid=1030047,gdacs:WF:1030047,Russian Federation,Russian Federation,RU,9619.0,ha,verde,57.990005088801574,137.50440572126064,,2026-08-03T11:26:57Z,2026-08-06T06:06:09Z,
gdacs:WF:1030020:3,gdacs,incendio,Green forest fire notification in Zambia,2026-07-22T00:00:00Z,https://www.gdacs.org/report.aspx?eventtype=WF&eventid=1030020,gdacs:WF:1030020,Zambia,Zambia,ZM,6012.0,ha,verde,-9.603621835687532,28.987833731243054,,2026-08-02T11:32:40Z,2026-08-06T06:06:09Z,
gdacs:WF:1030019:5,gdacs,incendio,Green forest fire notification in Angola,2026-07-22T00:00:00Z,https://www.gdacs.org/report.aspx?eventtype=WF&eventid=1030019,gdacs:WF:1030019,Angola,Angola,AO,11642.0,ha,verde,-10.36110634112969,17.264175496643677,,2026-08-02T15:28:48Z,2026-08-06T06:06:09Z,
gdacs:WF:1030018:2,gdacs,incendio,Green forest fire notification in Angola,2026-07-22T00:00:00Z,https://www.gdacs.org/report.aspx?eventtype=WF&eventid=1030018,gdacs:WF:1030018,Angola,Angola,AO,8615.0,ha,verde,-8.98023570688895,18.762841102370714,,2026-08-02T15:32:19Z,2026-08-06T06:06:09Z,
gdacs:WF:1029982:5,gdacs,incendio,Green forest fire notification in Angola,2026-07-22T00:00:00Z,https://www.gdacs.org/report.aspx?eventtype=WF&eventid=1029982,gdacs:WF:1029982,Angola,Angola,AO,6243.0,ha,verde,-9.842329503647719,16.979174307989556,,2026-08-01T15:22:54Z,2026-08-06T06:06:09Z,
gdacs:WF:1029915:5,gdacs,incendio,Green forest fire notification in Angola,2026-07-22T00:00:00Z,https://www.gdacs.org/report.aspx?eventtype=WF&eventid=1029915,gdacs:WF:1029915,Angola,Angola,AO,8878.0,ha,verde,-8.397638816756656,19.07069438499138,,2026-07-30T15:16:12Z,2026-08-06T06:06:09Z,
gdacs:WF:1029761:12,gdacs,incendio,Green forest fire notification in Angola,2026-07-22T00:00:00Z,https://www.gdacs.org/report.aspx?eventtype=WF&eventid=1029761,gdacs:WF:1029761,Angola,Angola,AO,9944.0,ha,verde,-10.484717601011459,15.539138012236238,,2026-07-25T19:04:51Z,2026-08-06T06:06:09Z,
gdacs:WF:1029759:26,gdacs,incendio,Green forest fire notification in Tanzania,2026-07-22T00:00:00Z,https://www.gdacs.org/report.aspx?eventtype=WF&eventid=1029759,gdacs:WF:1029759,Tanzania,Tanzania,TZ,25628.0,ha,verde,-7.2627777644904175,34.58445178196896,,2026-07-26T03:05:38Z,2026-08-06T06:06:09Z,
gdacs:WF:1029740:30,gdacs,incendio,Green forest fire notification in Australia,2026-07-22T00:00:00Z,https://www.gdacs.org/report.aspx?eventtype=WF&eventid=1029740,gdacs:WF:1029740,Australia,Australia,AU,61749.0,ha,verde,-18.55627700616888,130.62436825846518,,2026-07-25T19:04:17Z,2026-08-06T14:36:55Z,
gdacs:WF:1029740:29,gdacs,incendio,Green forest fire notification in Australia,2026-07-22T00:00:00Z,https://www.gdacs.org/report.aspx?eventtype=WF&eventid=1029740,gdacs:WF:1029740,Australia,Australia,AU,61263.0,ha,verde,-18.555247929236206,130.62395757396013,,2026-07-25T19:04:17Z,2026-08-06T06:06:09Z,
gdacs:WF:1030051:4,gdacs,incendio,Green forest fire notification in The Democratic Republic of Congo,2026-07-21T00:00:00Z,https://www.gdacs.org/report.aspx?eventtype=WF&eventid=1030051,gdacs:WF:1030051,The Democratic Republic of Congo,The Democratic Republic of Congo,CD,5451.0,ha,verde,-9.89080543555925,27.375394754054856,,2026-08-03T15:33:30Z,2026-08-06T06:06:09Z,
gdacs:WF:1030042:7,gdacs,incendio,Green forest fire notification in Zambia,2026-07-21T00:00:00Z,https://www.gdacs.org/report.aspx?eventtype=WF&eventid=1030042,gdacs:WF:1030042,Zambia,Zambia,ZM,6564.0,ha,verde,-15.494922894519357,30.14116319626485,,2026-08-03T11:32:52Z,2026-08-06T06:06:09Z,
gdacs:WF:1029984:8,gdacs,incendio,Green forest fire notification in Angola,2026-07-21T00:00:00Z,https://www.gdacs.org/report.aspx?eventtype=WF&eventid=1029984,gdacs:WF:1029984,Angola,Angola,AO,10443.0,ha,verde,-10.767053782130207,16.16815042316678,,2026-07-31T19:24:19Z,2026-08-06T06:06:09Z,
gdacs:WF:1029892:40,gdacs,incendio,Green forest fire notification in Russian Federation,2026-07-21T00:00:00Z,https://www.gdacs.org/report.aspx?eventtype=WF&eventid=1029892,gdacs:WF:1029892,Russian Federation,Russian Federation,RU,45142.0,ha,verde,64.28895139275674,108.86688630672337,,2026-07-29T03:13:05Z,2026-08-06T06:06:09Z,
gdacs:WF:1029789:44,gdacs,incendio,Green forest fire notification in Russian Federation,2026-07-21T00:00:00Z,https://www.gdacs.org/report.aspx?eventtype=WF&eventid=1029789,gdacs:WF:1029789,Russian Federation,Russian Federation,RU,91341.0,ha,verde,66.05957855747656,117.64518056439759,,2026-07-26T03:07:05Z,2026-08-06T06:06:09Z,
gdacs:WF:1029764:11,gdacs,incendio,Green forest fire notification in Angola,2026-07-21T00:00:00Z,https://www.gdacs.org/report.aspx?eventtype=WF&eventid=1029764,gdacs:WF:1029764,Angola,Angola,AO,13109.0,ha,verde,-10.348552452644508,14.892391054176004,,2026-07-25T19:07:39Z,2026-08-06T06:06:09Z,
gdacs:WF:1029650:43,gdacs,incendio,Green forest fire notification in Canada,2026-07-21T00:00:00Z,https://www.gdacs.org/report.aspx?eventtype=WF&eventid=1029650,gdacs:WF:1029650,Canada,Canada,CA,23868.0,ha,verde,51.128458594347414,-122.77922755768412,,2026-07-23T23:03:07Z,2026-08-06T06:06:09Z,
gdacs:WF:1029630:28,gdacs,incendio,Green forest fire notification in Australia,2026-07-21T00:00:00Z,https://www.gdacs.org/report.aspx?eventtype=WF&eventid=1029630,gdacs:WF:1029630,Australia,Australia,AU,37983.0,ha,verde,-13.109585535676342,141.73610106151253,,2026-07-23T12:01:00Z,2026-08-06T06:06:09Z,
gdacs:WF:1030027:7,gdacs,incendio,Green forest fire notification in Australia,2026-07-20T00:00:00Z,https://www.gdacs.org/report.aspx?eventtype=WF&eventid=1030027,gdacs:WF:1030027,Australia,Australia,AU,5771.0,ha,verde,-14.0992523023899,127.47100634315869,,2026-08-02T07:37:36Z,2026-08-06T06:06:09Z,
gdacs:WF:1029919:33,gdacs,incendio,Green forest fire notification in Russian Federation,2026-07-20T00:00:00Z,https://www.gdacs.org/report.aspx?eventtype=WF&eventid=1029919,gdacs:WF:1029919,Russian Federation,Russian Federation,RU,70952.0,ha,verde,64.82280420222975,110.14716315561215,,2026-07-29T19:23:47Z,2026-08-06T06:06:09Z,
gdacs:WF:1029822:26,gdacs,incendio,Green forest fire notification in Australia,2026-07-20T00:00:00Z,https://www.gdacs.org/report.aspx?eventtype=WF&eventid=1029822,gdacs:WF:1029822,Australia,Australia,AU,25097.0,ha,verde,-16.473202789310523,123.7898977436827,,2026-07-26T23:14:59Z,2026-08-06T06:06:09Z,
gdacs:WF:1029770:10,gdacs,incendio,Green forest fire notification in Angola,2026-07-20T00:00:00Z,https://www.gdacs.org/report.aspx?eventtype=WF&eventid=1029770,gdacs:WF:1029770,Angola,Angola,AO,18563.0,ha,verde,-10.139496423517521,16.472758342909238,,2026-07-25T19:09:37Z,2026-08-06T06:06:09Z,
gdacs:WF:1029721:25,gdacs,incendio,Green forest fire notification in Australia,2026-07-20T00:00:00Z,https://www.gdacs.org/report.aspx?eventtype=WF&eventid=1029721,gdacs:WF:1029721,Australia,Australia,AU,27718.0,ha,verde,-17.09057031412516,122.49292314337242,,2026-07-25T07:07:13Z,2026-08-06T06:06:09Z,
gdacs:WF:1029720:13,gdacs,incendio,Green forest fire notification in Angola,2026-07-20T00:00:00Z,https://www.gdacs.org/report.aspx?eventtype=WF&eventid=1029720,gdacs:WF:1029720,Angola,Angola,AO,21553.0,ha,verde,-10.22134901314095,16.713838636804578,,2026-07-25T11:08:58Z,2026-08-06T06:06:09Z,
gdacs:WF:1030065:1,gdacs,incendio,Green forest fire notification in Angola,2026-07-19T00:00:00Z,https://www.gdacs.org/report.aspx?eventtype=WF&eventid=1030065,gdacs:WF:1030065,Angola,Angola,AO,13236.0,ha,verde,-8.964490106435631,18.78381234071191,,2026-08-03T19:43:17Z,2026-08-06T06:06:09Z,
gdacs:WF:1029998:6,gdacs,incendio,Green forest fire notification in Australia,2026-07-19T00:00:00Z,https://www.gdacs.org/report.aspx?eventtype=WF&eventid=1029998,gdacs:WF:1029998,Australia,Australia,AU,7932.0,ha,verde,-11.813438057837319,130.95728089426015,,2026-08-01T19:46:32Z,2026-08-06T06:06:09Z,
gdacs:WF:1029949:18,gdacs,incendio,Green forest fire notification in Russian Federation,2026-07-19T00:00:00Z,https://www.gdacs.org/report.aspx?eventtype=WF&eventid=1029949,gdacs:WF:1029949,Russian Federation,Russian Federation,RU,30310.0,ha,verde,65.80346874729588,99.49253227332312,,2026-07-30T19:32:24Z,2026-08-06T06:06:09Z,
gdacs:WF:1029888:17,gdacs,incendio,Green forest fire notification in Zambia,2026-07-19T00:00:00Z,https://www.gdacs.org/report.aspx?eventtype=WF&eventid=1029888,gdacs:WF:1029888,Zambia,Zambia,ZM,17004.0,ha,verde,-11.343353128419892,28.654855332383217,,2026-07-29T07:25:00Z,2026-08-06T06:06:09Z,
gdacs:WF:1029887:6,gdacs,incendio,Green forest fire notification in Zambia,2026-07-19T00:00:00Z,https://www.gdacs.org/report.aspx?eventtype=WF&eventid=1029887,gdacs:WF:1029887,Zambia,Zambia,ZM,12454.0,ha,verde,-12.846032472865552,26.862765124633324,,2026-07-29T11:24:02Z,2026-08-06T06:06:09Z,
gdacs:WF:1029886:29,gdacs,incendio,Green forest fire notification in Russian Federation,2026-07-19T00:00:00Z,https://www.gdacs.org/report.aspx?eventtype=WF&eventid=1029886,gdacs:WF:1029886,Russian Federation,Russian Federation,RU,16441.0,ha,verde,63.43695844130337,105.7959504060398,,2026-07-28T23:23:17Z,2026-08-06T06:06:09Z,
gdacs:WF:1029885:6,gdacs,incendio,Green forest fire notification in Australia,2026-07-19T00:00:00Z,https://www.gdacs.org/report.aspx?eventtype=WF&eventid=1029885,gdacs:WF:1029885,Australia,Australia,AU,10607.0,ha,verde,-13.928387736750091,135.61124738989233,,2026-07-29T07:22:31Z,2026-08-06T06:06:09Z,
gdacs:WF:1029824:9,gdacs,incendio,Green forest fire notification in Angola,2026-07-19T00:00:00Z,https://www.gdacs.org/report.aspx?eventtype=WF&eventid=1029824,gdacs:WF:1029824,Angola,Angola,AO,12666.0,ha,verde,-10.88484708586448,16.466184386013808,,2026-07-29T11:24:28Z,2026-08-06T06:06:09Z,
gdacs:WF:1029823:12,gdacs,incendio,Green forest fire notification in Australia,2026-07-19T00:00:00Z,https://www.gdacs.org/report.aspx?eventtype=WF&eventid=1029823,gdacs:WF:1029823,Australia,Australia,AU,6792.0,ha,verde,-12.63359794136726,132.05307018627923,,2026-07-27T07:20:06Z,2026-08-06T06:06:09Z,
gdacs:WF:1029784:18,gdacs,incendio,Green forest fire notification in Australia,2026-07-19T00:00:00Z,https://www.gdacs.org/report.aspx?eventtype=WF&eventid=1029784,gdacs:WF:1029784,Australia,Australia,AU,10095.0,ha,verde,-14.397330180730327,130.0344282760444,,2026-07-26T07:13:33Z,2026-08-06T06:06:09Z,
gdacs:WF:1029657:20,gdacs,incendio,Green forest fire notification in Australia,2026-07-19T00:00:00Z,https://www.gdacs.org/report.aspx?eventtype=WF&eventid=1029657,gdacs:WF:1029657,Australia,Australia,AU,11460.0,ha,verde,-13.655205246467801,132.20692134166836,,2026-07-24T09:09:40Z,2026-08-06T06:06:09Z,
gdacs:WF:1029526:24,gdacs,incendio,Green forest fire notification in Australia,2026-07-19T00:00:00Z,https://www.gdacs.org/report.aspx?eventtype=WF&eventid=1029526,gdacs:WF:1029526,Australia,Australia,AU,21513.0,ha,verde,-17.7656099357051,138.68216770923297,,2026-07-22T11:01:58Z,2026-08-06T06:06:09Z,
gdacs:WF:1029520:21,gdacs,incendio,Green forest fire notification in Australia,2026-07-19T00:00:00Z,https://www.gdacs.org/report.aspx?eventtype=WF&eventid=1029520,gdacs:WF:1029520,Australia,Australia,AU,21572.0,ha,verde,-16.085643576957313,137.03561968391818,,2026-07-22T11:01:21Z,2026-08-06T06:06:09Z,
gdacs:WF:1030022:2,gdacs,incendio,Green forest fire notification in The Democratic Republic of Congo,2026-07-18T00:00:00Z,https://www.gdacs.org/report.aspx?eventtype=WF&eventid=1030022,gdacs:WF:1030022,The Democratic Republic of Congo,The Democratic Republic of Congo,CD,5003.0,ha,verde,-1.4143537584278079,29.218421497656152,,2026-08-02T04:00:48Z,2026-08-06T06:06:09Z,
gdacs:WF:1030003:4,gdacs,incendio,Green forest fire notification in Australia,2026-07-18T00:00:00Z,https://www.gdacs.org/report.aspx?eventtype=WF&eventid=1030003,gdacs:WF:1030003,Australia,Australia,AU,5741.0,ha,verde,-13.848042454314418,143.08098562836332,,2026-08-01T20:02:24Z,2026-08-06T06:06:09Z,
gdacs:WF:1029999:3,gdacs,incendio,Green forest fire notification in Australia,2026-07-18T00:00:00Z,https://www.gdacs.org/report.aspx?eventtype=WF&eventid=1029999,gdacs:WF:1029999,Australia,Australia,AU,7170.0,ha,verde,-11.313447164004124,130.44746818480402,,2026-08-01T20:00:52Z,2026-08-06T06:06:09Z,
gdacs:WF:1029934:10,gdacs,incendio,Green forest fire notification in Australia,2026-07-18T00:00:00Z,https://www.gdacs.org/report.aspx?eventtype=WF&eventid=1029934,gdacs:WF:1029934,Australia,Australia,AU,18542.0,ha,verde,-13.456225618882607,132.11600921648548,,2026-07-30T19:50:16Z,2026-08-06T06:06:09Z,
gdacs:WF:1029826:13,gdacs,incendio,Green forest fire notification in Australia,2026-07-18T00:00:00Z,https://www.gdacs.org/report.aspx?eventtype=WF&eventid=1029826,gdacs:WF:1029826,Australia,Australia,AU,11059.0,ha,verde,-13.705171813317682,130.76155316302828,,2026-07-27T07:27:38Z,2026-08-06T06:06:09Z,
gdacs:WF:1029785:18,gdacs,incendio,Green forest fire notification in Australia,2026-07-18T00:00:00Z,https://www.gdacs.org/report.aspx?eventtype=WF&eventid=1029785,gdacs:WF:1029785,Australia,Australia,AU,11661.0,ha,verde,-13.277417876184806,142.72244933380077,,2026-07-25T23:15:47Z,2026-08-06T06:06:09Z,
gdacs:WF:1029780:12,gdacs,incendio,Green forest fire notification in Angola,2026-07-18T00:00:00Z,https://www.gdacs.org/report.aspx?eventtype=WF&eventid=1029780,gdacs:WF:1029780,Angola,Angola,AO,12415.0,ha,verde,-10.304481771735645,15.78332611859612,,2026-07-25T19:28:51Z,2026-08-06T06:06:09Z,
gdacs:WF:1029777:15,gdacs,incendio,Green forest fire notification in Australia,2026-07-18T00:00:00Z,https://www.gdacs.org/report.aspx?eventtype=WF&eventid=1029777,gdacs:WF:1029777,Australia,Australia,AU,15524.0,ha,verde,-11.682906757603318,130.84850641356883,,2026-07-25T19:20:02Z,2026-08-06T06:06:09Z,
gdacs:WF:1029748:15,gdacs,incendio,Green forest fire notification in Australia,2026-07-18T00:00:00Z,https://www.gdacs.org/report.aspx?eventtype=WF&eventid=1029748,gdacs:WF:1029748,Australia,Australia,AU,11306.0,ha,verde,-12.495140048602945,141.98043005662439,,2026-07-25T15:13:32Z,2026-08-06T06:06:09Z,
gdacs:WF:1029747:20,gdacs,incendio,Green forest fire notification in Australia,2026-07-18T00:00:00Z,https://www.gdacs.org/report.aspx?eventtype=WF&eventid=1029747,gdacs:WF:1029747,Australia,Australia,AU,10144.0,ha,verde,-11.584958538651641,130.77080480642812,,2026-07-25T15:15:40Z,2026-08-06T06:06:09Z,
gdacs:WF:1029704:23,gdacs,incendio,Green forest fire notification in Australia,2026-07-18T00:00:00Z,https://www.gdacs.org/report.aspx?eventtype=WF&eventid=1029704,gdacs:WF:1029704,Australia,Australia,AU,27853.0,ha,verde,-13.489675911424424,131.2058458904428,,2026-07-24T19:14:03Z,2026-08-06T06:06:09Z,
gdacs:WF:1029638:14,gdacs,incendio,Green forest fire notification in Brazil,2026-07-18T00:00:00Z,https://www.gdacs.org/report.aspx?eventtype=WF&eventid=1029638,gdacs:WF:1029638,Brazil,Brazil,BR,7326.0,ha,verde,-13.339577401582462,-54.30622082087179,,2026-07-23T12:14:02Z,2026-08-06T06:06:09Z,
gdacs:WF:1029636:30,gdacs,incendio,Green forest fire notification in Australia,2026-07-18T00:00:00Z,https://www.gdacs.org/report.aspx?eventtype=WF&eventid=1029636,gdacs:WF:1029636,Australia,Australia,AU,83080.0,ha,verde,-16.703872615642513,136.1291627236341,,2026-07-23T12:12:16Z,2026-08-06T06:06:09Z,
gdacs:WF:1029634:19,gdacs,incendio,Green forest fire notification in Australia,2026-07-18T00:00:00Z,https://www.gdacs.org/report.aspx?eventtype=WF&eventid=1029634,gdacs:WF:1029634,Australia,Australia,AU,16500.0,ha,verde,-12.462085270817546,132.7426465182829,,2026-07-24T08:22:18Z,2026-08-06T06:06:09Z,
gdacs:WF:1029612:34,gdacs,incendio,Green forest fire notification in Canada,2026-07-18T00:00:00Z,https://www.gdacs.org/report.aspx?eventtype=WF&eventid=1029612,gdacs:WF:1029612,Canada,Canada,CA,28911.0,ha,verde,49.848370326614194,-121.35788395232684,,2026-07-22T23:05:41Z,2026-08-06T06:06:09Z,
gdacs:WF:1029565:29,gdacs,incendio,Green forest fire notification in Australia,2026-07-18T00:00:00Z,https://www.gdacs.org/report.aspx?eventtype=WF&eventid=1029565,gdacs:WF:1029565,Australia,Australia,AU,18405.0,ha,verde,-15.082193048149147,127.3084966709003,,2026-07-22T11:05:58Z,2026-08-06T06:06:09Z,
gdacs:WF:1029559:24,gdacs,incendio,Green forest fire notification in Australia,2026-07-18T00:00:00Z,https://www.gdacs.org/report.aspx?eventtype=WF&eventid=1029559,gdacs:WF:1029559,Australia,Australia,AU,19605.0,ha,verde,-16.72250912619294,136.38049394450198,,2026-07-22T11:05:13Z,2026-08-06T06:06:09Z,
gdacs:WF:1029536:32,gdacs,incendio,Green forest fire notification in Australia,2026-07-18T00:00:00Z,https://www.gdacs.org/report.aspx?eventtype=WF&eventid=1029536,gdacs:WF:1029536,Australia,Australia,AU,19619.0,ha,verde,-15.331558609508733,129.41978220586196,,2026-07-22T11:02:57Z,2026-08-06T06:06:09Z,
gdacs:FL:1104029:5,gdacs,inundacion,Green flood alert in Vietnam,2026-07-15T01:00:00Z,https://www.gdacs.org/report.aspx?eventtype=FL&eventid=1104029,gdacs:FL:1104029,Vietnam,Vietnam,VN,0.0,,verde,22.3382057,105.0715846,,2026-07-18T06:51:31Z,2026-08-06T06:06:09Z,
gdacs:FL:1104011:8,gdacs,inundacion,Green flood alert in Myanmar,2026-07-04T01:00:00Z,https://www.gdacs.org/report.aspx?eventtype=FL&eventid=1104011,gdacs:FL:1104011,Myanmar,Myanmar,MM,0.0,,verde,22.9418628,97.745165,,2026-07-10T06:58:25Z,2026-08-06T09:08:27Z,
gdacs:FL:1103972:19,gdacs,inundacion,Green flood alert in India,2026-06-23T01:00:00Z,https://www.gdacs.org/report.aspx?eventtype=FL&eventid=1103972,gdacs:FL:1103972,India,India,IN,0.0,,verde,13.4960311,75.0772984,,2026-06-25T07:47:24Z,2026-08-06T06:06:09Z,
gdacs:DR:1027465:2,gdacs,sequia,"Drought is on going in Democratic Republic of Congo, Kenya, Tanzania, Uganda",2026-05-21T00:00:00Z,https://www.gdacs.org/report.aspx?eventtype=DR&eventid=1027465,gdacs:DR:1027465,"Democratic Republic of Congo, Kenya, Tanzania, Uganda","Democratic Republic of Congo, Kenya, Tanzania, Uganda",CD;KE;TZ;UG,196878.0,km2,naranja,1.187,33.25,,2026-07-29T12:47:44Z,2026-08-06T06:06:09Z,
gdacs:FL:1103888:64,gdacs,inundacion,Green flood alert in United States,2026-05-19T01:00:00Z,https://www.gdacs.org/report.aspx?eventtype=FL&eventid=1103888,gdacs:FL:1103888,United States,United States,US,0.0,,verde,34.9861914,-84.3713117,,2026-05-21T06:15:32Z,2026-08-06T06:06:09Z,
gdacs:DR:1027449:5,gdacs,sequia,"Drought is on going in Belize, Costa Rica, Guatemala, Honduras, Mexico, Nicaragua, Panama, El Salvador",2026-05-11T00:00:00Z,https://www.gdacs.org/report.aspx?eventtype=DR&eventid=1027449,gdacs:DR:1027449,"Belize, Costa Rica, Guatemala, Honduras, Mexico, Nicaragua, Panama, El Salvador","Belize, Costa Rica, Guatemala, Honduras, Mexico, Nicaragua, Panama, El Salvador",BZ;CR;GT;HN;US;NI;PA;SV,442871.0,km2,verde,13.26,-86.196,,2026-07-03T12:57:40Z,2026-08-06T06:06:09Z,
gdacs:DR:1027491:4,gdacs,sequia,"Drought is on going in China, Kazakhstan, Mongolia, Russia",2026-05-01T00:00:00Z,https://www.gdacs.org/report.aspx?eventtype=DR&eventid=1027491,gdacs:DR:1027491,"China, Kazakhstan, Mongolia, Russia","China, Kazakhstan, Mongolia, Russia",CN;KZ;MN;RU,727014.0,km2,verde,48.012,82.956,,2026-07-14T14:07:56Z,2026-08-06T06:06:09Z,
gdacs:DR:1027450:5,gdacs,sequia,"Drought is on going in Ethiopia, Kenya, Somalia",2026-04-21T00:00:00Z,https://www.gdacs.org/report.aspx?eventtype=DR&eventid=1027450,gdacs:DR:1027450,"Ethiopia, Kenya, Somalia","Ethiopia, Kenya, Somalia",ET;KE;SO,598427.0,km2,naranja,6.545,44.618,,2026-07-03T12:57:44Z,2026-08-06T06:06:09Z,
gdacs:DR:1023877:5,gdacs,sequia,"Drought is on going in Colombia, , Ecuador, Panama, Venezuela",2026-02-21T00:00:00Z,https://www.gdacs.org/report.aspx?eventtype=DR&eventid=1023877,gdacs:DR:1023877,"Colombia, , Ecuador, Panama, Venezuela","Colombia, , Ecuador, Panama, Venezuela",CO;EC;PA;VE,507688.0,km2,verde,6.368,-74.894,,2026-07-03T12:57:35Z,2026-08-06T06:06:09Z,
gdacs:DR:1018344:19,gdacs,sequia,"Drought is on going in Republic of Congo, Gabon",2025-12-21T00:00:00Z,https://www.gdacs.org/report.aspx?eventtype=DR&eventid=1018344,gdacs:DR:1018344,"Republic of Congo, Gabon","Republic of Congo, Gabon",CG;GA,122682.0,km2,verde,-1.832,11.519,,2026-02-04T09:58:20Z,2026-08-06T06:06:09Z,
gdacs:DR:1018546:11,gdacs,sequia,"Drought is on going in Canada, United States",2025-12-11T00:00:00Z,https://www.gdacs.org/report.aspx?eventtype=DR&eventid=1018546,gdacs:DR:1018546,"Canada, United States","Canada, United States",CA;US,441518.0,km2,verde,44.425,-102.93,,2026-04-30T13:07:44Z,2026-08-06T06:06:09Z,
gdacs:DR:1018332:18,gdacs,sequia,"Drought is on going in Albania, Austria, Bosnia & Herzegovina, Belgium, Bulgaria, Belarus, Switzerland, Czech Republic, Germany, Denmark, Spain, France, Croatia, Hungary, Italy, Liechtenstein, Luxembourg, Monaco, Montenegro, The Republic of North Macedonia, Poland, Romania, Serbia, Sweden, Slovenia, Slovakia, San Marino, Ukraine, ,",2025-12-11T00:00:00Z,https://www.gdacs.org/report.aspx?eventtype=DR&eventid=1018332,gdacs:DR:1018332,"Albania, Austria, Bosnia & Herzegovina, Belgium, Bulgaria, Belarus, Switzerland, Czech Republic, Germany, Denmark, Spain, France, Croatia, Hungary, Italy, Liechtenstein, Luxembourg, Monaco, Montenegro, The Republic of North Macedonia, Poland, Romania, Serbia, Sweden, Slovenia, Slovakia, San Marino, Ukraine, ,","Albania, Austria, Bosnia & Herzegovina, Belgium, Bulgaria, Belarus, Switzerland, Czech Republic, Germany, Denmark, Spain, France, Croatia, Hungary, Italy, Liechtenstein, Luxembourg, Monaco, Montenegro, The Republic of North Macedonia, Poland, Romania, Serbia, Sweden, Slovenia, Slovakia, San Marino, Ukraine, ,",AL;AT;BE;BG;BY;CH;CZ;DE;DK;ES;FR;HR;HU;IT;LI;LU;MC;ME;PL;RO;RS;SE;SI;SK;SM;UA,1442245.0,km2,naranja,47.602,12.151,,2026-02-11T09:57:31Z,2026-08-06T06:06:09Z,
gdacs:DR:1018545:11,gdacs,sequia,"Drought is on going in Australia, Indonesia, Cambodia, Laos, Papua New Guinea, Philippines, Solomon Is., Thailand, Vietnam",2025-11-21T00:00:00Z,https://www.gdacs.org/report.aspx?eventtype=DR&eventid=1018545,gdacs:DR:1018545,"Australia, Indonesia, Cambodia, Laos, Papua New Guinea, Philippines, Solomon Is., Thailand, Vietnam","Australia, Indonesia, Cambodia, Laos, Papua New Guinea, Philippines, Solomon Is., Thailand, Vietnam",AU;ID;KH;LA;PG;PH;TH;VN,918173.0,km2,verde,13.048,105.345,,2026-04-30T13:07:47Z,2026-08-06T06:06:09Z,
gdacs:DR:1018431:11,gdacs,sequia,Drought is on going in Madagascar,2025-11-21T00:00:00Z,https://www.gdacs.org/report.aspx?eventtype=DR&eventid=1018431,gdacs:DR:1018431,Madagascar,Madagascar,MG,341885.0,km2,naranja,-17.932,47.606,,2026-04-30T13:07:35Z,2026-08-06T06:06:09Z,
gdacs:DR:1018093:31,gdacs,sequia,Drought is on going in United States,2025-08-21T00:00:00Z,https://www.gdacs.org/report.aspx?eventtype=DR&eventid=1018093,gdacs:DR:1018093,United States,United States,US,39763.0,km2,verde,35.5,-80.5,,2025-10-02T10:20:21Z,2026-08-06T06:06:09Z,
gdacs:DR:1027448:5,gdacs,sequia,Drought is on going in Brazil,2025-07-01T00:00:00Z,https://www.gdacs.org/report.aspx?eventtype=DR&eventid=1027448,gdacs:DR:1027448,Brazil,Brazil,BR,1123106.0,km2,verde,-9.368,-49.104,,2026-07-03T12:57:24Z,2026-08-06T17:28:20Z,2026-08-06T17:28:20Z
